user_id,activity_date,week_number
1,05-04-2026,0
1,26-04-2026,3
1,17-05-2026,6
3,06-05-2026,1
3,27-05-2026,4
3,22-07-2026,12
4,10-06-2026,0
4,17-06-2026,1
4,01-07-2026,3
4,29-07-2026,7
4,05-08-2026,8
5,30-03-2026,0
5,06-04-2026,1
5,13-04-2026,2
5,25-05-2026,8
5,29-06-2026,13
5,13-07-2026,15
7,23-07-2026,11
7,13-08-2026,14
8,15-06-2026,5
8,20-07-2026,10
9,17-06-2026,0
9,08-07-2026,3
9,29-07-2026,6
9,05-08-2026,7
11,21-07-2026,0
11,11-08-2026,3
12,31-03-2026,0
12,07-04-2026,1
12,21-04-2026,3
12,28-04-2026,4
12,05-05-2026,5
12,09-06-2026,10
13,14-07-2026,0
13,21-07-2026,1
13,28-07-2026,2
14,04-05-2026,0
14,18-05-2026,2
14,27-07-2026,12
16,09-04-2026,0
16,30-04-2026,3
16,07-05-2026,4
16,28-05-2026,7
18,11-04-2026,2
18,02-05-2026,5
19,24-08-2026,5
20,05-07-2026,1
20,02-08-2026,5
20,09-08-2026,6
20,16-08-2026,7
21,07-06-2026,0
21,28-06-2026,3
21,02-08-2026,8
24,01-05-2026,0
24,08-05-2026,1
24,15-05-2026,2
24,22-05-2026,3
24,05-06-2026,5
24,10-07-2026,10
26,13-03-2026,0
26,20-03-2026,1
26,29-05-2026,11
27,19-05-2026,0
27,02-06-2026,2
27,07-07-2026,7
27,28-07-2026,10
27,11-08-2026,12
28,09-04-2026,0
29,28-07-2026,1
29,11-08-2026,3
29,18-08-2026,4
30,17-06-2026,0
30,15-07-2026,4
31,18-03-2026,2
31,13-05-2026,10
32,31-07-2026,0
33,08-05-2026,1
33,31-07-2026,13
34,23-05-2026,2
34,27-06-2026,7
36,29-04-2026,1
36,06-05-2026,2
36,20-05-2026,4
36,03-06-2026,6
37,10-05-2026,0
40,01-04-2026,2
40,13-05-2026,8
41,26-05-2026,3
46,08-07-2026,4
46,15-07-2026,5
46,22-07-2026,6
46,26-08-2026,11
47,30-03-2026,0
47,06-04-2026,1
47,18-05-2026,7
47,01-06-2026,9
47,29-06-2026,13
49,31-07-2026,0
51,03-04-2026,0
51,10-04-2026,1
51,17-04-2026,2
51,08-05-2026,5
51,26-06-2026,12
52,27-06-2026,3
52,11-07-2026,5
52,08-08-2026,9
53,24-03-2026,0
53,07-04-2026,2
53,12-05-2026,7
53,02-06-2026,10
54,22-05-2026,2
54,29-05-2026,3
54,12-06-2026,5
55,21-03-2026,0
55,28-03-2026,1
55,04-04-2026,2
55,02-05-2026,6
55,23-05-2026,9
55,04-07-2026,15
56,15-07-2026,5
56,22-07-2026,6
57,13-07-2026,0
57,27-07-2026,2
58,07-05-2026,1
59,17-03-2026,1
59,07-04-2026,4
59,02-06-2026,12
59,16-06-2026,14
60,25-05-2026,0
61,13-07-2026,0
61,27-07-2026,2
61,10-08-2026,4
62,09-06-2026,2
64,12-04-2026,1
64,12-07-2026,14
65,07-04-2026,0
65,28-04-2026,3
65,05-05-2026,4
66,14-05-2026,0
66,18-06-2026,5
66,02-07-2026,7
66,06-08-2026,12
67,08-08-2026,3
67,15-08-2026,4
68,27-05-2026,1
68,03-06-2026,2
68,10-06-2026,3
69,03-07-2026,6
69,14-08-2026,12
71,04-06-2026,0
71,11-06-2026,1
71,25-06-2026,3
71,02-07-2026,4
72,06-08-2026,10
73,10-06-2026,0
74,24-05-2026,1
74,14-06-2026,4
75,07-05-2026,2
75,14-05-2026,3
75,21-05-2026,4
76,07-06-2026,0
76,14-06-2026,1
76,21-06-2026,2
76,28-06-2026,3
76,09-08-2026,9
78,01-06-2026,0
78,15-06-2026,2
78,10-08-2026,10
80,28-03-2026,2
80,11-04-2026,4
80,25-04-2026,6
80,02-05-2026,7
82,18-06-2026,4
83,20-03-2026,1
83,15-05-2026,9
83,26-06-2026,15
84,20-08-2026,14
85,02-07-2026,2
89,19-08-2026,4
92,20-03-2026,2
92,24-04-2026,7
92,08-05-2026,9
92,15-05-2026,10
92,05-06-2026,13
94,04-06-2026,1
94,23-07-2026,8
95,05-06-2026,0
95,19-06-2026,2
95,10-07-2026,5
96,25-05-2026,1
96,08-06-2026,3
96,29-06-2026,6
97,25-07-2026,3
97,08-08-2026,5
97,15-08-2026,6
97,22-08-2026,7
98,18-06-2026,2
98,09-07-2026,5
99,19-04-2026,0
99,03-05-2026,2
99,17-05-2026,4
99,07-06-2026,7
101,06-05-2026,3
102,15-03-2026,1
102,26-04-2026,7
103,21-03-2026,2
109,24-06-2026,1
109,22-07-2026,5
109,26-08-2026,10
110,03-07-2026,2
110,07-08-2026,7
111,07-07-2026,1
111,21-07-2026,3
111,28-07-2026,4
111,04-08-2026,5
113,24-04-2026,0
113,01-05-2026,1
114,12-06-2026,6
114,03-07-2026,9
114,17-07-2026,11
116,20-04-2026,1
116,04-05-2026,3
116,01-06-2026,7
117,12-04-2026,0
117,24-05-2026,6
117,14-06-2026,9
118,05-05-2026,6
119,12-03-2026,0
119,09-04-2026,4
119,30-04-2026,7
119,14-05-2026,9
119,04-06-2026,12
120,10-03-2026,1
120,17-03-2026,2
120,07-04-2026,5
120,16-06-2026,15
121,23-03-2026,0
121,22-06-2026,13
124,15-03-2026,0
124,19-04-2026,5
124,26-04-2026,6
124,31-05-2026,11
126,02-05-2026,0
126,16-05-2026,2
128,30-05-2026,4
128,13-06-2026,6
128,11-07-2026,10
129,08-06-2026,4
129,15-06-2026,5
129,06-07-2026,8
131,12-04-2026,0
131,03-05-2026,3
131,07-06-2026,8
132,03-04-2026,1
132,29-05-2026,9
133,06-06-2026,0
133,20-06-2026,2
134,20-06-2026,2
134,01-08-2026,8
135,30-05-2026,0
136,15-05-2026,6
136,29-05-2026,8
137,23-04-2026,3
139,12-04-2026,0
139,26-04-2026,2
139,17-05-2026,5
139,24-05-2026,6
139,07-06-2026,8
139,05-07-2026,12
140,26-03-2026,0
140,16-04-2026,3
140,04-06-2026,10
141,17-04-2026,0
141,22-05-2026,5
141,29-05-2026,6
141,14-08-2026,17
143,21-04-2026,0
143,28-04-2026,1
144,10-03-2026,0
144,17-03-2026,1
144,24-03-2026,2
147,01-06-2026,0
147,15-06-2026,2
147,29-06-2026,4
147,13-07-2026,6
147,20-07-2026,7
147,27-07-2026,8
149,25-05-2026,1
149,29-06-2026,6
150,22-07-2026,11
151,08-07-2026,0
151,15-07-2026,1
151,22-07-2026,2
152,23-06-2026,1
152,30-06-2026,2
152,07-07-2026,3
152,11-08-2026,8
154,02-03-2026,0
154,23-03-2026,3
154,27-04-2026,8
154,15-06-2026,15
154,22-06-2026,16
156,20-06-2026,0
156,11-07-2026,3
156,01-08-2026,6
156,29-08-2026,10
157,13-03-2026,0
157,03-04-2026,3
157,17-04-2026,5
157,01-05-2026,7
157,15-05-2026,9
157,22-05-2026,10
158,14-05-2026,2
158,21-05-2026,3
158,11-06-2026,6
159,03-03-2026,0
159,31-03-2026,4
160,10-05-2026,9
161,20-03-2026,0
161,27-03-2026,1
161,10-07-2026,16
163,02-06-2026,0
163,09-06-2026,1
163,04-08-2026,9
164,05-08-2026,1
164,26-08-2026,4
168,26-05-2026,5
169,17-06-2026,5
170,04-05-2026,1
170,11-05-2026,2
170,25-05-2026,4
170,01-06-2026,5
171,11-07-2026,1
171,18-07-2026,2
171,25-07-2026,3
171,22-08-2026,7
174,04-07-2026,4
174,29-08-2026,12
175,17-04-2026,3
175,01-05-2026,5
175,15-05-2026,7
175,22-05-2026,8
177,26-05-2026,2
177,09-06-2026,4
177,21-07-2026,10
177,11-08-2026,13
178,12-06-2026,7
178,19-06-2026,8
179,20-05-2026,0
179,27-05-2026,1
179,24-06-2026,5
179,08-07-2026,7
181,08-04-2026,0
181,15-04-2026,1
181,20-05-2026,6
185,24-04-2026,2
186,22-03-2026,0
187,22-07-2026,1
188,18-07-2026,6
188,15-08-2026,10
188,29-08-2026,12
189,20-05-2026,0
189,27-05-2026,1
190,09-04-2026,2
192,13-04-2026,0
192,20-04-2026,1
192,18-05-2026,5
192,25-05-2026,6
194,05-05-2026,1
199,23-04-2026,0
199,30-04-2026,1
199,07-05-2026,2
200,11-07-2026,0
200,18-07-2026,1
200,25-07-2026,2
200,22-08-2026,6
201,04-06-2026,1
202,16-06-2026,0
202,23-06-2026,1
204,23-04-2026,0
204,07-05-2026,2
204,21-05-2026,4
204,23-07-2026,13
206,21-06-2026,1
206,05-07-2026,3
207,26-04-2026,0
207,10-05-2026,2
207,17-05-2026,3
207,28-06-2026,9
207,05-07-2026,10
208,04-06-2026,0
208,11-06-2026,1
208,18-06-2026,2
208,20-08-2026,11
209,17-04-2026,1
209,17-07-2026,14
210,06-04-2026,3
210,27-04-2026,6
211,14-08-2026,4
212,12-05-2026,0
212,26-05-2026,2
212,09-06-2026,4
212,11-08-2026,13
214,08-05-2026,0
214,15-05-2026,1
214,29-05-2026,3
219,20-07-2026,0
219,27-07-2026,1
219,03-08-2026,2
219,24-08-2026,5
220,26-07-2026,0
220,23-08-2026,4
221,14-03-2026,0
221,21-03-2026,1
221,11-04-2026,4
221,02-05-2026,7
221,09-05-2026,8
221,23-05-2026,10
221,06-06-2026,12
222,02-05-2026,0
222,09-05-2026,1
222,23-05-2026,3
222,30-05-2026,4
222,11-07-2026,10
225,09-05-2026,0
225,30-05-2026,3
225,20-06-2026,6
225,15-08-2026,14
226,13-06-2026,2
227,13-07-2026,4
228,30-07-2026,1
228,13-08-2026,3
228,20-08-2026,4
229,29-04-2026,3
229,06-05-2026,4
231,11-03-2026,0
232,08-07-2026,2
233,19-06-2026,2
234,06-07-2026,0
234,13-07-2026,1
234,27-07-2026,3
235,10-03-2026,0
235,17-03-2026,1
235,12-05-2026,9
236,22-03-2026,1
236,05-04-2026,3
236,03-05-2026,7
236,05-07-2026,16
236,12-07-2026,17
237,12-03-2026,0
237,19-03-2026,1
237,16-04-2026,5
238,22-03-2026,1
238,26-04-2026,6
239,24-06-2026,0
239,01-07-2026,1
239,22-07-2026,4
240,22-04-2026,0
240,06-05-2026,2
240,01-07-2026,10
241,22-04-2026,0
241,29-04-2026,1
241,06-05-2026,2
241,20-05-2026,4
241,03-06-2026,6
242,19-07-2026,3
243,30-06-2026,0
243,11-08-2026,6
243,25-08-2026,8
244,16-05-2026,2
244,30-05-2026,4
244,04-07-2026,9
246,30-06-2026,12
246,21-07-2026,15
247,13-06-2026,1
247,20-06-2026,2
247,27-06-2026,3
247,11-07-2026,5
247,18-07-2026,6
247,01-08-2026,8
248,23-04-2026,1
248,07-05-2026,3
248,25-06-2026,10
248,02-07-2026,11
249,02-05-2026,0
249,30-05-2026,4
250,17-08-2026,3
251,10-05-2026,0
251,21-06-2026,6
251,28-06-2026,7
252,14-03-2026,0
252,28-03-2026,2
252,09-05-2026,8
253,19-07-2026,1
253,26-07-2026,2
253,02-08-2026,3
254,01-08-2026,0
254,08-08-2026,1
254,15-08-2026,2
254,22-08-2026,3
255,22-05-2026,0
255,05-06-2026,2
255,12-06-2026,3
255,26-06-2026,5
255,17-07-2026,8
256,05-03-2026,0
256,07-05-2026,9
257,10-07-2026,2
257,17-07-2026,3
257,07-08-2026,6
260,16-07-2026,0
260,23-07-2026,1
260,20-08-2026,5
261,25-03-2026,0
261,08-04-2026,2
261,27-05-2026,9
262,05-06-2026,0
262,12-06-2026,1
262,10-07-2026,5
262,17-07-2026,6
263,17-07-2026,7
264,20-06-2026,0
264,11-07-2026,3
267,31-05-2026,0
267,07-06-2026,1
267,14-06-2026,2
267,16-08-2026,11
269,15-08-2026,3
269,29-08-2026,5
274,14-03-2026,0
274,28-03-2026,2
274,04-04-2026,3
275,08-07-2026,2
275,29-07-2026,5
276,19-07-2026,1
276,23-08-2026,6
277,10-08-2026,2
278,07-04-2026,0
278,21-04-2026,2
278,28-04-2026,3
280,29-06-2026,7
280,10-08-2026,13
281,29-06-2026,2
281,13-07-2026,4
281,17-08-2026,9
282,15-06-2026,0
282,13-07-2026,4
282,27-07-2026,6
283,08-03-2026,0
285,20-05-2026,0
285,03-06-2026,2
285,01-07-2026,6
285,08-07-2026,7
286,10-04-2026,3
286,24-04-2026,5
288,15-04-2026,2
288,22-04-2026,3
288,27-05-2026,8
288,10-06-2026,10
290,12-04-2026,2
290,26-04-2026,4
291,31-03-2026,0
291,21-04-2026,3
292,28-03-2026,0
292,04-04-2026,1
292,11-04-2026,2
292,01-08-2026,18
293,03-06-2026,2
294,12-05-2026,0
294,26-05-2026,2
294,02-06-2026,3
294,09-06-2026,4
294,16-06-2026,5
294,30-06-2026,7
294,21-07-2026,10
294,11-08-2026,13
296,02-04-2026,1
296,14-05-2026,7
297,03-04-2026,2
297,15-05-2026,8
299,27-06-2026,0
299,18-07-2026,3
299,08-08-2026,6
301,02-05-2026,1
301,08-08-2026,15
302,18-05-2026,2
307,23-03-2026,0
307,13-04-2026,3
307,11-05-2026,7
308,18-04-2026,0
308,09-05-2026,3
308,16-05-2026,4
308,18-07-2026,13
311,11-03-2026,0
311,18-03-2026,1
311,01-04-2026,3
311,27-05-2026,11
311,24-06-2026,15
312,26-06-2026,0
315,28-04-2026,4
316,14-05-2026,0
316,21-05-2026,1
316,28-05-2026,2
316,04-06-2026,3
316,11-06-2026,4
316,18-06-2026,5
316,02-07-2026,7
316,06-08-2026,12
317,15-06-2026,0
317,22-06-2026,1
317,06-07-2026,3
317,27-07-2026,6
317,10-08-2026,8
319,17-05-2026,0
319,28-06-2026,6
319,26-07-2026,10
320,25-04-2026,6
320,27-06-2026,15
322,20-07-2026,3
323,14-07-2026,7
323,21-07-2026,8
324,05-08-2026,2
327,15-03-2026,1
327,26-04-2026,7
329,28-05-2026,0
329,20-08-2026,12
330,17-06-2026,0
330,01-07-2026,2
330,08-07-2026,3
330,15-07-2026,4
331,05-06-2026,0
331,12-06-2026,1
331,19-06-2026,2
331,26-06-2026,3
331,10-07-2026,5
331,17-07-2026,6
331,24-07-2026,7
332,15-06-2026,0
332,22-06-2026,1
332,17-08-2026,9
333,17-05-2026,0
333,07-06-2026,3
334,25-05-2026,9
334,29-06-2026,14
335,09-05-2026,1
335,23-05-2026,3
336,16-05-2026,0
336,23-05-2026,1
336,13-06-2026,4
336,20-06-2026,5
337,23-06-2026,0
337,30-06-2026,1
337,21-07-2026,4
337,25-08-2026,9
338,19-06-2026,3
338,26-06-2026,4
339,27-05-2026,0
339,19-08-2026,12
340,01-08-2026,0
340,15-08-2026,2
340,22-08-2026,3
341,24-03-2026,0
341,21-04-2026,4
343,01-03-2026,0
343,22-03-2026,3
343,29-03-2026,4
343,19-04-2026,7
343,03-05-2026,9
343,17-05-2026,11
344,01-06-2026,4
344,22-06-2026,7
345,17-03-2026,0
345,07-04-2026,3
346,24-04-2026,1
346,15-05-2026,4
346,12-06-2026,8
346,03-07-2026,11
348,11-04-2026,0
348,18-04-2026,1
348,06-06-2026,8
348,13-06-2026,9
349,15-04-2026,0
349,13-05-2026,4
350,12-03-2026,0
350,19-03-2026,1
352,05-06-2026,0
352,19-06-2026,2
352,31-07-2026,8
352,21-08-2026,11
353,10-05-2026,0
353,07-06-2026,4
353,21-06-2026,6
354,17-06-2026,1
354,01-07-2026,3
354,08-07-2026,4
355,30-06-2026,5
356,02-05-2026,2
356,06-06-2026,7
356,08-08-2026,16
357,08-06-2026,0
357,15-06-2026,1
357,29-06-2026,3
357,06-07-2026,4
357,13-07-2026,5
357,20-07-2026,6
359,29-06-2026,2
361,08-07-2026,0
361,15-07-2026,1
361,22-07-2026,2
361,29-07-2026,3
361,05-08-2026,4
361,12-08-2026,5
361,26-08-2026,7
362,19-07-2026,0
362,26-07-2026,1
362,02-08-2026,2
362,30-08-2026,6
364,26-07-2026,2
364,02-08-2026,3
365,26-05-2026,0
365,16-06-2026,3
365,04-08-2026,10
365,18-08-2026,12
366,03-06-2026,0
367,25-03-2026,1
367,01-04-2026,2
367,15-04-2026,4
367,22-04-2026,5
367,13-05-2026,8
367,20-05-2026,9
368,20-05-2026,1
368,08-07-2026,8
368,22-07-2026,10
369,08-07-2026,0
369,29-07-2026,3
370,23-04-2026,2
370,16-07-2026,14
372,12-05-2026,1
372,07-07-2026,9
373,07-06-2026,0
373,14-06-2026,1
373,09-08-2026,9
375,13-07-2026,0
375,27-07-2026,2
375,03-08-2026,3
375,10-08-2026,4
376,12-04-2026,0
376,19-04-2026,1
376,17-05-2026,5
376,24-05-2026,6
377,24-05-2026,0
377,14-06-2026,3
377,16-08-2026,12
377,30-08-2026,14
379,23-04-2026,4
379,07-05-2026,6
381,06-05-2026,1
381,13-05-2026,2
381,10-06-2026,6
381,17-06-2026,7
382,15-05-2026,0
382,29-05-2026,2
383,03-07-2026,0
383,10-07-2026,1
383,21-08-2026,7
384,25-03-2026,0
385,29-04-2026,2
388,31-03-2026,2
388,16-06-2026,13
389,08-07-2026,0
390,19-03-2026,1
390,02-04-2026,3
390,16-04-2026,5
391,23-06-2026,1
391,30-06-2026,2
391,07-07-2026,3
391,28-07-2026,6
391,18-08-2026,9
395,08-07-2026,1
401,30-06-2026,4
401,21-07-2026,7
402,15-03-2026,0
402,22-03-2026,1
402,29-03-2026,2
402,12-04-2026,4
402,26-04-2026,6
402,03-05-2026,7
403,04-05-2026,2
403,01-06-2026,6
403,24-08-2026,18
404,31-07-2026,0
404,07-08-2026,1
406,25-04-2026,1
406,09-05-2026,3
406,16-05-2026,4
407,13-05-2026,0
407,03-06-2026,3
409,12-05-2026,3
409,02-06-2026,6
411,24-06-2026,9
411,08-07-2026,11
412,03-06-2026,0
412,10-06-2026,1
412,15-07-2026,6
412,19-08-2026,11
414,29-04-2026,1
415,25-03-2026,3
415,29-04-2026,8
415,15-07-2026,19
417,27-04-2026,0
417,04-05-2026,1
417,18-05-2026,3
417,25-05-2026,4
417,01-06-2026,5
418,08-04-2026,0
418,29-04-2026,3
418,13-05-2026,5
419,13-07-2026,0
419,20-07-2026,1
419,27-07-2026,2
421,05-06-2026,0
421,12-06-2026,1
421,19-06-2026,2
421,26-06-2026,3
421,03-07-2026,4
421,10-07-2026,5
422,13-05-2026,0
422,10-06-2026,4
422,22-07-2026,10
423,28-06-2026,0
423,05-07-2026,1
423,12-07-2026,2
423,02-08-2026,5
423,23-08-2026,8
424,22-05-2026,3
424,12-06-2026,6
424,31-07-2026,13
424,28-08-2026,17
426,23-06-2026,0
426,07-07-2026,2
426,14-07-2026,3
427,18-05-2026,1
429,01-05-2026,3
429,31-07-2026,16
431,17-06-2026,0
431,01-07-2026,2
431,15-07-2026,4
432,30-05-2026,0
432,11-07-2026,6
432,25-07-2026,8
432,08-08-2026,10
434,25-07-2026,1
434,08-08-2026,3
437,27-03-2026,0
437,17-04-2026,3
437,31-07-2026,18
438,25-05-2026,1
438,01-06-2026,2
440,12-08-2026,5
441,25-07-2026,0
441,08-08-2026,2
442,03-08-2026,1
442,10-08-2026,2
443,05-06-2026,0
443,12-06-2026,1
443,19-06-2026,2
443,10-07-2026,5
445,23-05-2026,0
445,06-06-2026,2
445,13-06-2026,3
447,04-06-2026,2
447,23-07-2026,9
448,18-06-2026,4
449,16-06-2026,0
449,23-06-2026,1
449,07-07-2026,3
449,21-07-2026,5
449,18-08-2026,9
450,25-06-2026,4
450,02-07-2026,5
450,16-07-2026,7
452,31-05-2026,1
452,14-06-2026,3
455,07-04-2026,0
455,14-04-2026,1
455,19-05-2026,6
456,10-05-2026,1
456,30-08-2026,17
457,01-05-2026,0
457,08-05-2026,1
457,12-06-2026,6
458,22-04-2026,4
458,08-07-2026,15
461,24-05-2026,0
461,28-06-2026,5
461,05-07-2026,6
461,19-07-2026,8
462,19-05-2026,1
462,23-06-2026,6
462,28-07-2026,11
463,28-08-2026,4
464,25-07-2026,1
464,01-08-2026,2
465,24-05-2026,1
465,07-06-2026,3
466,22-04-2026,0
466,13-05-2026,3
468,19-05-2026,1
468,26-05-2026,2
468,16-06-2026,5
468,23-06-2026,6
469,11-05-2026,0
469,08-06-2026,4
469,20-07-2026,10
469,27-07-2026,11
470,03-04-2026,1
470,17-04-2026,3
470,01-05-2026,5
471,20-04-2026,4
472,26-03-2026,0
472,09-04-2026,2
472,30-04-2026,5
472,11-06-2026,11
472,23-07-2026,17
473,30-03-2026,2
473,04-05-2026,7
473,01-06-2026,11
473,08-06-2026,12
474,26-03-2026,3
474,14-05-2026,10
475,21-06-2026,0
475,19-07-2026,4
477,05-07-2026,3
477,26-07-2026,6
477,30-08-2026,11
478,29-03-2026,1
478,05-04-2026,2
478,26-04-2026,5
478,24-05-2026,9
479,28-03-2026,0
480,15-04-2026,2
480,22-04-2026,3
480,29-04-2026,4
481,30-03-2026,0
481,27-04-2026,4
481,25-05-2026,8
481,08-06-2026,10
483,11-04-2026,0
483,20-06-2026,10
485,01-06-2026,0
485,20-07-2026,7
486,07-04-2026,1
486,28-04-2026,4
486,12-05-2026,6
487,13-06-2026,0
487,04-07-2026,3
487,11-07-2026,4
490,19-06-2026,0
490,31-07-2026,6
490,28-08-2026,10
492,22-06-2026,0
492,29-06-2026,1
492,27-07-2026,5
492,10-08-2026,7
493,17-06-2026,4
493,01-07-2026,6
494,08-03-2026,1
494,15-03-2026,2
495,20-04-2026,3
496,29-03-2026,0
496,19-04-2026,3
497,20-07-2026,1
501,23-07-2026,0
501,27-08-2026,5
502,22-04-2026,2
502,10-06-2026,9
502,17-06-2026,10
504,08-04-2026,0
504,15-04-2026,1
504,29-04-2026,3
504,20-05-2026,6
505,20-08-2026,4
505,27-08-2026,5
506,13-04-2026,1
506,20-04-2026,2
506,01-06-2026,8
508,06-06-2026,0
508,20-06-2026,2
508,01-08-2026,8
513,25-03-2026,0
513,15-04-2026,3
513,22-04-2026,4
513,20-05-2026,8
513,01-07-2026,14
514,03-06-2026,1
514,10-06-2026,2
514,17-06-2026,3
515,05-04-2026,0
515,12-04-2026,1
515,10-05-2026,5
517,18-07-2026,1
517,25-07-2026,2
517,01-08-2026,3
517,15-08-2026,5
518,28-06-2026,0
518,05-07-2026,1
518,09-08-2026,6
519,09-08-2026,2
519,30-08-2026,5
520,06-04-2026,0
520,13-04-2026,1
520,20-04-2026,2
520,27-04-2026,3
520,04-05-2026,4
521,17-06-2026,0
521,24-06-2026,1
521,15-07-2026,4
521,22-07-2026,5
521,05-08-2026,7
521,19-08-2026,9
523,28-06-2026,0
524,07-07-2026,0
524,14-07-2026,1
524,11-08-2026,5
524,18-08-2026,6
525,27-06-2026,1
525,04-07-2026,2
525,11-07-2026,3
525,01-08-2026,6
525,15-08-2026,8
526,03-05-2026,0
526,10-05-2026,1
526,28-06-2026,8
526,12-07-2026,10
527,12-05-2026,1
527,19-05-2026,2
528,09-03-2026,1
528,16-03-2026,2
528,30-03-2026,4
530,28-07-2026,2
531,08-04-2026,1
531,15-04-2026,2
532,24-04-2026,2
532,29-05-2026,7
532,17-07-2026,14
535,29-04-2026,1
535,06-05-2026,2
538,27-03-2026,0
538,03-04-2026,1
539,03-06-2026,0
539,10-06-2026,1
539,01-07-2026,4
539,29-07-2026,8
541,16-08-2026,5
543,12-05-2026,2
543,19-05-2026,3
543,26-05-2026,4
543,02-06-2026,5
543,23-06-2026,8
543,07-07-2026,10
543,21-07-2026,12
544,29-03-2026,0
544,26-07-2026,17
545,25-03-2026,0
545,01-04-2026,1
545,08-04-2026,2
545,22-04-2026,4
545,20-05-2026,8
546,10-06-2026,1
546,24-06-2026,3
546,15-07-2026,6
547,13-06-2026,3
548,27-05-2026,0
548,03-06-2026,1
550,23-06-2026,0
550,07-07-2026,2
550,04-08-2026,6
553,12-07-2026,7
554,18-04-2026,0
554,02-05-2026,2
554,09-05-2026,3
554,16-05-2026,4
554,23-05-2026,5
556,09-05-2026,4
556,13-06-2026,9
558,23-07-2026,0
559,16-04-2026,0
559,23-04-2026,1
559,28-05-2026,6
559,04-06-2026,7
559,11-06-2026,8
560,15-06-2026,0
561,08-06-2026,6
561,13-07-2026,11
561,03-08-2026,14
562,03-03-2026,0
562,10-03-2026,1
562,21-04-2026,7
562,07-07-2026,18
563,26-07-2026,1
563,23-08-2026,5
564,06-08-2026,2
565,25-06-2026,2
565,09-07-2026,4
566,09-06-2026,0
566,07-07-2026,4
567,01-08-2026,0
567,22-08-2026,3
567,29-08-2026,4
568,19-07-2026,3
570,07-06-2026,1
571,27-07-2026,0
574,03-04-2026,3
574,17-04-2026,5
575,29-05-2026,7
576,22-06-2026,0
576,17-08-2026,8
578,26-07-2026,0
578,09-08-2026,2
578,23-08-2026,4
581,26-06-2026,0
581,03-07-2026,1
581,17-07-2026,3
581,31-07-2026,5
582,12-08-2026,9
584,23-04-2026,1
585,21-07-2026,0
585,25-08-2026,5
586,01-04-2026,1
586,06-05-2026,6
586,27-05-2026,9
587,09-06-2026,2
587,16-06-2026,3
588,12-05-2026,0
588,26-05-2026,2
588,07-07-2026,8
589,13-06-2026,2
589,11-07-2026,6
591,15-06-2026,1
591,13-07-2026,5
592,04-05-2026,0
592,11-05-2026,1
592,18-05-2026,2
592,01-06-2026,4
593,01-07-2026,0
593,26-08-2026,8
594,28-05-2026,1
594,18-06-2026,4
594,02-07-2026,6
595,05-04-2026,1
595,12-04-2026,2
595,19-04-2026,3
595,24-05-2026,8
595,07-06-2026,10
596,09-04-2026,0
596,14-05-2026,5
598,07-05-2026,3
598,21-05-2026,5
598,16-07-2026,13
598,06-08-2026,16
601,11-04-2026,0
601,25-04-2026,2
601,02-05-2026,3
601,23-05-2026,6
601,30-05-2026,7
601,15-08-2026,18
602,03-06-2026,0
603,12-07-2026,0
604,01-08-2026,1
607,09-05-2026,1
607,16-05-2026,2
610,22-06-2026,0
610,29-06-2026,1
610,13-07-2026,3
611,11-06-2026,2
611,18-06-2026,3
611,09-07-2026,6
614,11-03-2026,0
614,25-03-2026,2
614,01-04-2026,3
614,08-04-2026,4
614,13-05-2026,9
614,22-07-2026,19
615,28-04-2026,0
615,12-05-2026,2
615,26-05-2026,4
615,21-07-2026,12
616,30-04-2026,4
617,04-04-2026,2
617,06-06-2026,11
619,24-06-2026,1
619,01-07-2026,2
619,08-07-2026,3
620,23-05-2026,0
620,30-05-2026,1
620,13-06-2026,3
620,20-06-2026,4
620,18-07-2026,8
620,08-08-2026,11
620,15-08-2026,12
621,26-05-2026,0
621,02-06-2026,1
621,30-06-2026,5
621,11-08-2026,11
622,12-04-2026,1
622,24-05-2026,7
622,21-06-2026,11
624,25-04-2026,0
625,22-04-2026,4
625,29-04-2026,5
627,10-06-2026,0
627,17-06-2026,1
627,01-07-2026,3
627,08-07-2026,4
627,29-07-2026,7
628,22-07-2026,0
629,22-05-2026,0
629,03-07-2026,6
629,17-07-2026,8
632,18-07-2026,2
632,01-08-2026,4
634,07-03-2026,0
634,14-03-2026,1
634,21-03-2026,2
634,04-04-2026,4
634,18-04-2026,6
634,23-05-2026,11
634,06-06-2026,13
634,20-06-2026,15
635,04-07-2026,0
635,11-07-2026,1
635,18-07-2026,2
635,15-08-2026,6
636,13-06-2026,7
637,12-06-2026,1
637,19-06-2026,2
637,26-06-2026,3
637,17-07-2026,6
638,04-08-2026,2
638,11-08-2026,3
640,20-05-2026,3
642,17-05-2026,2
643,19-06-2026,0
644,13-07-2026,2
645,26-04-2026,1
645,10-05-2026,3
646,30-07-2026,2
647,27-04-2026,1
647,18-05-2026,4
647,25-05-2026,5
647,15-06-2026,8
648,26-06-2026,1
648,03-07-2026,2
648,21-08-2026,9
649,01-04-2026,0
649,08-04-2026,1
649,15-07-2026,15
650,22-06-2026,0
650,29-06-2026,1
650,06-07-2026,2
650,27-07-2026,5
651,06-03-2026,0
651,13-03-2026,1
652,06-04-2026,0
652,08-06-2026,9
652,29-06-2026,12
653,13-06-2026,3
654,01-03-2026,0
654,24-05-2026,12
655,25-07-2026,5
658,11-03-2026,0
658,18-03-2026,1
658,01-04-2026,3
658,13-05-2026,9
658,24-06-2026,15
659,08-05-2026,0
659,22-05-2026,2
659,05-06-2026,4
659,03-07-2026,8
659,10-07-2026,9
659,07-08-2026,13
663,09-07-2026,4
664,29-07-2026,0
664,05-08-2026,1
664,12-08-2026,2
664,26-08-2026,4
665,14-03-2026,0
665,21-03-2026,1
665,28-03-2026,2
665,04-04-2026,3
665,18-04-2026,5
665,25-04-2026,6
665,02-05-2026,7
666,06-07-2026,0
666,13-07-2026,1
666,20-07-2026,2
667,09-04-2026,0
667,23-04-2026,2
671,11-03-2026,0
671,18-03-2026,1
671,25-03-2026,2
671,01-04-2026,3
671,08-04-2026,4
672,09-07-2026,2
672,30-07-2026,5
673,22-07-2026,4
673,26-08-2026,9
674,05-03-2026,0
674,14-05-2026,10
675,08-06-2026,1
675,15-06-2026,2
675,20-07-2026,7
675,03-08-2026,9
676,07-06-2026,1
676,14-06-2026,2
676,12-07-2026,6
676,19-07-2026,7
677,03-04-2026,1
677,17-04-2026,3
677,12-06-2026,11
677,26-06-2026,13
679,30-06-2026,13
680,28-05-2026,1
680,16-07-2026,8
681,04-04-2026,1
681,11-04-2026,2
681,18-04-2026,3
681,09-05-2026,6
682,24-04-2026,0
682,01-05-2026,1
682,10-07-2026,11
684,09-08-2026,2
686,25-06-2026,1
686,16-07-2026,4
686,23-07-2026,5
686,06-08-2026,7
687,15-05-2026,1
690,27-03-2026,1
690,24-04-2026,5
690,01-05-2026,6
690,15-05-2026,8
690,22-05-2026,9
692,25-07-2026,3
693,20-04-2026,0
693,11-05-2026,3
693,25-05-2026,5
693,01-06-2026,6
693,22-06-2026,9
695,17-06-2026,0
695,24-06-2026,1
695,15-07-2026,4
695,22-07-2026,5
696,11-07-2026,0
696,18-07-2026,1
696,08-08-2026,4
696,22-08-2026,6
697,19-03-2026,1
697,23-04-2026,6
697,14-05-2026,9
699,13-05-2026,0
699,20-05-2026,1
699,27-05-2026,2
699,01-07-2026,7
700,13-04-2026,0
700,06-07-2026,12
701,19-07-2026,0
701,26-07-2026,1
701,02-08-2026,2
701,09-08-2026,3
702,20-06-2026,1
702,18-07-2026,5
702,15-08-2026,9
703,14-05-2026,0
703,21-05-2026,1
703,28-05-2026,2
703,11-06-2026,4
704,30-03-2026,2
705,27-04-2026,1
705,11-05-2026,3
705,18-05-2026,4
705,25-05-2026,5
705,17-08-2026,17
706,01-06-2026,1
707,03-04-2026,2
707,08-05-2026,7
708,17-04-2026,2
708,05-06-2026,9
709,03-06-2026,1
709,29-07-2026,9
710,27-06-2026,2
710,04-07-2026,3
710,15-08-2026,9
711,15-08-2026,3
711,29-08-2026,5
712,12-05-2026,5
713,19-05-2026,5
713,09-06-2026,8
713,04-08-2026,16
714,24-03-2026,0
714,14-04-2026,3
715,22-07-2026,3
715,29-07-2026,4
715,26-08-2026,8
716,13-03-2026,0
717,12-06-2026,0
717,10-07-2026,4
717,17-07-2026,5
718,09-07-2026,2
718,30-07-2026,5
718,13-08-2026,7
718,20-08-2026,8
720,01-05-2026,5
721,29-04-2026,0
721,20-05-2026,3
721,17-06-2026,7
722,04-03-2026,0
722,01-04-2026,4
722,20-05-2026,11
723,07-05-2026,1
724,12-05-2026,0
724,19-05-2026,1
724,26-05-2026,2
724,16-06-2026,5
724,21-07-2026,10
725,23-04-2026,2
728,27-05-2026,0
729,27-05-2026,2
730,04-04-2026,1
730,02-05-2026,5
730,23-05-2026,8
731,01-07-2026,0
732,05-07-2026,0
735,26-03-2026,1
735,02-04-2026,2
735,16-04-2026,4
736,18-06-2026,5
738,20-07-2026,0
738,27-07-2026,1
738,03-08-2026,2
738,17-08-2026,4
739,22-08-2026,4
740,06-08-2026,2
742,30-04-2026,0
743,23-04-2026,1
743,14-05-2026,4
744,10-08-2026,3
744,17-08-2026,4
745,12-05-2026,3
745,19-05-2026,4
745,07-07-2026,11
747,23-04-2026,0
747,30-04-2026,1
747,07-05-2026,2
747,14-05-2026,3
747,28-05-2026,5
749,05-06-2026,3
749,26-06-2026,6
749,14-08-2026,13
750,09-06-2026,1
752,23-04-2026,2
752,14-05-2026,5
752,28-05-2026,7
752,02-07-2026,12
753,14-06-2026,7
755,23-06-2026,0
755,07-07-2026,2
755,14-07-2026,3
755,04-08-2026,6
755,11-08-2026,7
756,04-07-2026,0
759,30-06-2026,0
759,07-07-2026,1
759,14-07-2026,2
759,18-08-2026,7
760,30-07-2026,1
761,06-07-2026,10
762,30-06-2026,1
762,07-07-2026,2
762,14-07-2026,3
765,17-07-2026,0
765,14-08-2026,4
765,28-08-2026,6
766,30-07-2026,0
767,12-08-2026,2
768,08-06-2026,2
768,29-06-2026,5
768,20-07-2026,8
768,10-08-2026,11
768,17-08-2026,12
769,10-08-2026,2
770,10-06-2026,0
770,17-06-2026,1
770,01-07-2026,3
771,27-06-2026,2
773,31-07-2026,0
773,14-08-2026,2
773,21-08-2026,3
773,28-08-2026,4
774,17-04-2026,0
774,08-05-2026,3
774,10-07-2026,12
775,12-06-2026,2
775,19-06-2026,3
775,10-07-2026,6
775,07-08-2026,10
775,21-08-2026,12
777,01-07-2026,2
777,22-07-2026,5
777,26-08-2026,10
779,28-03-2026,0
779,11-04-2026,2
779,16-05-2026,7
780,19-06-2026,0
780,26-06-2026,1
780,10-07-2026,3
780,17-07-2026,4
781,12-05-2026,1
781,19-05-2026,2
781,02-06-2026,4
782,05-06-2026,3
782,12-06-2026,4
782,03-07-2026,7
784,27-03-2026,0
784,03-04-2026,1
784,10-04-2026,2
784,01-05-2026,5
784,12-06-2026,11
784,17-07-2026,16
786,24-07-2026,0
786,31-07-2026,1
786,07-08-2026,2
786,21-08-2026,4
787,18-05-2026,2
787,08-06-2026,5
788,07-04-2026,0
788,14-04-2026,1
788,16-06-2026,10
788,23-06-2026,11
789,02-07-2026,0
789,23-07-2026,3
789,30-07-2026,4
789,13-08-2026,6
790,29-07-2026,0
790,05-08-2026,1
791,28-07-2026,5
792,17-04-2026,1
792,22-05-2026,6
792,29-05-2026,7
792,17-07-2026,14
794,25-03-2026,0
794,01-04-2026,1
794,08-04-2026,2
794,06-05-2026,6
794,13-05-2026,7
795,02-04-2026,0
795,16-04-2026,2
795,13-08-2026,19
796,18-04-2026,1
796,02-05-2026,3
796,06-06-2026,8
797,28-03-2026,2
800,10-03-2026,0
800,31-03-2026,3
800,07-04-2026,4
800,19-05-2026,10
802,17-07-2026,5
802,21-08-2026,10
802,28-08-2026,11
806,27-07-2026,15
807,28-05-2026,0
807,04-06-2026,1
807,11-06-2026,2
807,25-06-2026,4
807,20-08-2026,12
808,04-03-2026,0
808,11-03-2026,1
808,01-04-2026,4
809,07-08-2026,2
811,27-04-2026,0
811,04-05-2026,1
811,11-05-2026,2
811,18-05-2026,3
811,01-06-2026,5
811,08-06-2026,6
811,29-06-2026,9
812,09-04-2026,4
812,23-04-2026,6
814,08-05-2026,1
814,29-05-2026,4
814,19-06-2026,7
814,03-07-2026,9
816,02-03-2026,0
816,20-04-2026,7
817,28-04-2026,2
817,19-05-2026,5
819,16-04-2026,2
819,30-04-2026,4
819,25-06-2026,12
819,09-07-2026,14
821,20-07-2026,3
821,03-08-2026,5
823,26-06-2026,0
823,03-07-2026,1
823,07-08-2026,6
824,28-05-2026,0
824,11-06-2026,2
824,25-06-2026,4
827,14-07-2026,0
828,25-05-2026,0
828,10-08-2026,11
828,24-08-2026,13
830,26-07-2026,0
830,02-08-2026,1
830,09-08-2026,2
830,16-08-2026,3
830,30-08-2026,5
831,03-05-2026,0
831,17-05-2026,2
831,31-05-2026,4
831,21-06-2026,7
833,13-05-2026,1
833,20-05-2026,2
835,21-06-2026,0
835,28-06-2026,1
835,05-07-2026,2
835,26-07-2026,5
836,02-05-2026,1
836,09-05-2026,2
836,16-05-2026,3
836,04-07-2026,10
837,21-04-2026,2
837,12-05-2026,5
839,11-07-2026,1
839,18-07-2026,2
840,13-07-2026,3
840,03-08-2026,6
841,17-04-2026,0
841,24-04-2026,1
841,01-05-2026,2
841,26-06-2026,10
841,03-07-2026,11
841,07-08-2026,16
842,04-03-2026,0
842,25-03-2026,3
842,01-04-2026,4
842,22-04-2026,7
843,16-08-2026,3
844,19-03-2026,0
844,02-04-2026,2
845,22-08-2026,5
845,29-08-2026,6
846,16-04-2026,0
846,23-04-2026,1
846,11-06-2026,8
847,18-06-2026,0
847,25-06-2026,1
847,13-08-2026,8
848,13-03-2026,0
848,27-03-2026,2
848,03-04-2026,3
848,10-04-2026,4
850,04-06-2026,9
852,18-03-2026,1
852,08-04-2026,4
852,15-04-2026,5
853,25-07-2026,0
853,01-08-2026,1
854,16-03-2026,1
854,27-04-2026,7
855,24-03-2026,1
855,31-03-2026,2
855,07-04-2026,3
855,14-07-2026,17
855,21-07-2026,18
856,28-04-2026,0
856,05-05-2026,1
856,19-05-2026,3
856,02-06-2026,5
856,14-07-2026,11
856,04-08-2026,14
857,07-05-2026,1
857,02-07-2026,9
862,22-04-2026,2
862,29-04-2026,3
862,05-08-2026,17
863,19-03-2026,0
863,26-03-2026,1
863,09-04-2026,3
863,25-06-2026,14
864,08-04-2026,0
864,29-04-2026,3
864,06-05-2026,4
864,05-08-2026,17
865,12-03-2026,0
865,26-03-2026,2
865,09-04-2026,4
865,16-07-2026,18
868,23-04-2026,1
868,30-04-2026,2
868,07-05-2026,3
868,21-05-2026,5
869,26-07-2026,0
869,02-08-2026,1
869,16-08-2026,3
869,23-08-2026,4
869,30-08-2026,5
870,18-07-2026,0
870,25-07-2026,1
870,01-08-2026,2
871,24-06-2026,0
872,17-07-2026,0
872,24-07-2026,1
872,14-08-2026,4
873,01-08-2026,0
873,08-08-2026,1
874,08-05-2026,0
874,31-07-2026,12
876,27-05-2026,0
876,24-06-2026,4
876,19-08-2026,12
876,26-08-2026,13
877,05-05-2026,0
879,23-05-2026,0
879,20-06-2026,4
880,21-08-2026,3
881,24-04-2026,0
881,22-05-2026,4
881,29-05-2026,5
881,24-07-2026,13
883,20-06-2026,6
883,27-06-2026,7
883,11-07-2026,9
885,06-07-2026,0
885,03-08-2026,4
885,17-08-2026,6
885,24-08-2026,7
886,01-03-2026,0
887,06-04-2026,1
888,21-04-2026,0
888,28-04-2026,1
888,05-05-2026,2
888,12-05-2026,3
888,07-07-2026,11
889,01-05-2026,2
889,05-06-2026,7
891,13-05-2026,0
893,19-04-2026,2
893,26-04-2026,3
894,16-07-2026,0
895,27-05-2026,1
895,10-06-2026,3
896,28-07-2026,0
896,04-08-2026,1
897,30-03-2026,2
897,13-04-2026,4
897,27-04-2026,6
897,15-06-2026,13
897,22-06-2026,14
898,23-03-2026,0
898,06-04-2026,2
898,27-04-2026,5
898,25-05-2026,9
899,05-06-2026,0
901,04-04-2026,0
901,11-04-2026,1
901,18-04-2026,2
901,25-04-2026,3
903,29-08-2026,8
904,08-07-2026,0
904,15-07-2026,1
904,19-08-2026,6
905,19-04-2026,0
905,26-04-2026,1
905,03-05-2026,2
905,24-05-2026,5
905,02-08-2026,15
906,17-04-2026,1
906,08-05-2026,4
909,26-03-2026,0
909,02-04-2026,1
909,07-05-2026,6
909,04-06-2026,10
909,02-07-2026,14
909,06-08-2026,19
910,16-03-2026,1
910,23-03-2026,2
910,06-04-2026,4
910,13-04-2026,5
911,27-04-2026,0
911,04-05-2026,1
911,01-06-2026,5
911,20-07-2026,12
913,28-07-2026,0
914,12-05-2026,1
914,19-05-2026,2
914,02-06-2026,4
914,14-07-2026,10
914,21-07-2026,11
914,25-08-2026,16
916,11-05-2026,0
916,18-05-2026,1
916,01-06-2026,3
916,15-06-2026,5
916,17-08-2026,14
916,24-08-2026,15
917,25-06-2026,0
917,02-07-2026,1
917,16-07-2026,3
918,30-04-2026,7
919,20-05-2026,2
919,10-06-2026,5
919,15-07-2026,10
920,22-04-2026,4
921,14-06-2026,0
921,21-06-2026,1
921,05-07-2026,3
921,12-07-2026,4
921,26-07-2026,6
921,02-08-2026,7
922,27-06-2026,0
922,04-07-2026,1
922,25-07-2026,4
922,29-08-2026,9
923,07-04-2026,5
924,25-07-2026,3
927,09-07-2026,0
927,30-07-2026,3
927,27-08-2026,7
930,18-04-2026,1
930,25-04-2026,2
930,30-05-2026,7
930,06-06-2026,8
931,19-06-2026,1
931,26-06-2026,2
932,29-05-2026,4
932,12-06-2026,6
932,17-07-2026,11
933,12-08-2026,2
935,09-06-2026,1
935,21-07-2026,7
935,28-07-2026,8
936,03-08-2026,5
937,14-05-2026,4
940,13-04-2026,3
942,04-08-2026,14
942,11-08-2026,15
944,06-07-2026,1
944,13-07-2026,2
944,20-07-2026,3
946,11-05-2026,0
946,18-05-2026,1
946,10-08-2026,13
947,28-08-2026,9
948,06-05-2026,2
950,30-06-2026,0
950,28-07-2026,4
951,01-05-2026,0
951,15-05-2026,2
951,26-06-2026,8
952,03-08-2026,2
953,25-03-2026,0
953,01-04-2026,1
953,22-04-2026,4
953,06-05-2026,6
953,20-05-2026,8
953,27-05-2026,9
954,11-08-2026,3
954,25-08-2026,5
955,16-04-2026,0
955,07-05-2026,3
956,31-05-2026,2
956,07-06-2026,3
956,14-06-2026,4
956,28-06-2026,6
957,28-07-2026,0
958,26-05-2026,0
959,28-05-2026,0
959,04-06-2026,1
960,20-04-2026,0
960,27-04-2026,1
960,04-05-2026,2
960,08-06-2026,7
960,29-06-2026,10
961,07-03-2026,0
961,14-03-2026,1
961,02-05-2026,8
961,13-06-2026,14
962,03-07-2026,0
962,10-07-2026,1
962,31-07-2026,4
963,17-07-2026,0
963,24-07-2026,1
963,07-08-2026,3
966,20-06-2026,0
967,20-04-2026,1
968,17-04-2026,0
968,24-04-2026,1
968,01-05-2026,2
968,15-05-2026,4
968,31-07-2026,15
971,16-06-2026,7
972,18-07-2026,3
972,29-08-2026,9
973,27-05-2026,0
973,03-06-2026,1
973,17-06-2026,3
973,24-06-2026,4
974,31-07-2026,1
974,14-08-2026,3
974,28-08-2026,5
975,17-03-2026,0
975,31-03-2026,2
975,07-04-2026,3
975,21-04-2026,5
975,19-05-2026,9
975,09-06-2026,12
975,23-06-2026,14
976,31-07-2026,5
977,06-04-2026,2
977,04-05-2026,6
977,25-05-2026,9
977,22-06-2026,13
978,15-05-2026,3
978,03-07-2026,10
978,10-07-2026,11
979,29-04-2026,1
982,07-08-2026,2
982,14-08-2026,3
983,27-04-2026,2
983,08-06-2026,8
983,13-07-2026,13
983,24-08-2026,19
985,07-04-2026,0
985,09-06-2026,9
986,14-06-2026,0
986,26-07-2026,6
987,08-03-2026,0
987,29-03-2026,3
987,12-04-2026,5
988,19-04-2026,0
988,17-05-2026,4
988,24-05-2026,5
988,26-07-2026,14
989,16-03-2026,0
989,13-04-2026,4
989,04-05-2026,7
991,10-05-2026,0
991,17-05-2026,1
992,14-06-2026,0
992,21-06-2026,1
992,28-06-2026,2
992,05-07-2026,3
993,11-06-2026,0
993,02-07-2026,3
993,16-07-2026,5
994,21-05-2026,1
994,11-06-2026,4
995,10-04-2026,1
995,01-05-2026,4
995,05-06-2026,9
996,03-06-2026,0
996,10-06-2026,1
996,08-07-2026,5
996,19-08-2026,11
998,01-04-2026,1
998,08-04-2026,2
1002,30-04-2026,1
1002,25-06-2026,9
1003,17-06-2026,3
1005,15-06-2026,1
1005,29-06-2026,3
1005,27-07-2026,7
1005,03-08-2026,8
1009,16-06-2026,1
1009,30-06-2026,3
1009,07-07-2026,4
1009,21-07-2026,6
1009,25-08-2026,11
1010,17-04-2026,6
1010,15-05-2026,10
1011,12-03-2026,0
1011,09-04-2026,4
1011,16-04-2026,5
1012,08-08-2026,8
1013,02-03-2026,0
1013,09-03-2026,1
1013,16-03-2026,2
1013,23-03-2026,3
1013,30-03-2026,4
1013,27-04-2026,8
1014,20-06-2026,0
1014,27-06-2026,1
1014,11-07-2026,3
1014,08-08-2026,7
1014,22-08-2026,9
1015,23-03-2026,0
1015,30-03-2026,1
1015,06-04-2026,2
1016,12-06-2026,1
1016,26-06-2026,3
1016,03-07-2026,4
1016,10-07-2026,5
1016,24-07-2026,7
1016,31-07-2026,8
1016,14-08-2026,10
1017,08-05-2026,2
1017,05-06-2026,6
1018,01-05-2026,1
1018,08-05-2026,2
1018,05-06-2026,6
1019,25-04-2026,3
1022,15-08-2026,2
1023,15-05-2026,0
1023,24-07-2026,10
1024,06-07-2026,0
1024,27-07-2026,3
1024,10-08-2026,5
1025,25-03-2026,1
1025,03-06-2026,11
1026,09-04-2026,0
1026,16-04-2026,1
1026,13-08-2026,18
1027,21-07-2026,1
1027,25-08-2026,6
1030,16-04-2026,1
1030,07-05-2026,4
1030,18-06-2026,10
1031,29-03-2026,0
1031,10-05-2026,6
1031,02-08-2026,18
1032,06-05-2026,1
1032,20-05-2026,3
1032,27-05-2026,4
1033,11-06-2026,3
1034,19-04-2026,0
1034,10-05-2026,3
1034,17-05-2026,4
1035,03-05-2026,1
1035,10-05-2026,2
1035,17-05-2026,3
1035,07-06-2026,6
1036,07-07-2026,3
1036,11-08-2026,8
1036,25-08-2026,10
1037,26-04-2026,2
1037,03-05-2026,3
1037,24-05-2026,6
1038,28-03-2026,3
1038,04-04-2026,4
1040,09-03-2026,0
1040,16-03-2026,1
1040,23-03-2026,2
1040,30-03-2026,3
1041,24-06-2026,0
1043,15-07-2026,2
1043,29-07-2026,4
1044,17-05-2026,0
1044,24-05-2026,1
1044,31-05-2026,2
1045,17-06-2026,0
1047,20-08-2026,3
1047,27-08-2026,4
1048,26-07-2026,0
1048,23-08-2026,4
1050,04-04-2026,0
1050,18-04-2026,2
1051,26-06-2026,0
1051,03-07-2026,1
1051,17-07-2026,3
1051,24-07-2026,4
1052,16-04-2026,0
1052,23-04-2026,1
1052,07-05-2026,3
1052,11-06-2026,8
1053,25-07-2026,0
1054,24-03-2026,0
1054,31-03-2026,1
1054,07-04-2026,2
1054,14-04-2026,3
1054,05-05-2026,6
1054,09-06-2026,11
1056,03-08-2026,3
1057,15-04-2026,0
1057,13-05-2026,4
1057,03-06-2026,7
1057,17-06-2026,9
1057,01-07-2026,11
1057,15-07-2026,13
1057,19-08-2026,18
1059,24-04-2026,1
1059,01-05-2026,2
1059,15-05-2026,4
1059,29-05-2026,6
1060,22-06-2026,0
1060,29-06-2026,1
1061,28-06-2026,4
1063,09-06-2026,0
1063,30-06-2026,3
1063,07-07-2026,4
1063,18-08-2026,10
1064,20-04-2026,0
1064,25-05-2026,5
1065,11-07-2026,2
1065,15-08-2026,7
1066,27-05-2026,2
1067,03-03-2026,0
1070,22-07-2026,1
1070,29-07-2026,2
1070,05-08-2026,3
1070,12-08-2026,4
1070,26-08-2026,6
1071,07-03-2026,0
1071,21-03-2026,2
1071,09-05-2026,9
1072,07-05-2026,2
1072,21-05-2026,4
1072,02-07-2026,10
1073,11-06-2026,4
1074,06-06-2026,0
1074,13-06-2026,1
1074,27-06-2026,3
1074,04-07-2026,4
1075,12-06-2026,12
1076,17-04-2026,0
1076,24-04-2026,1
1076,01-05-2026,2
1076,08-05-2026,3
1076,29-05-2026,6
1076,21-08-2026,18
1077,09-05-2026,0
1077,16-05-2026,1
1077,30-05-2026,3
1077,06-06-2026,4
1077,20-06-2026,6
1077,29-08-2026,16
1078,01-07-2026,1
1078,08-07-2026,2
1078,29-07-2026,5
1078,19-08-2026,8
1081,02-05-2026,0
1081,23-05-2026,3
1081,18-07-2026,11
1086,19-06-2026,0
1086,03-07-2026,2
1086,17-07-2026,4
1086,14-08-2026,8
1088,03-05-2026,2
1088,14-06-2026,8
1089,12-05-2026,0
1089,26-05-2026,2
1090,08-08-2026,1
1090,15-08-2026,2
1092,29-04-2026,0
1092,20-05-2026,3
1092,24-06-2026,8
1093,30-05-2026,0
1093,13-06-2026,2
1093,27-06-2026,4
1094,11-07-2026,6
1096,09-06-2026,0
1098,19-04-2026,0
1098,03-05-2026,2
1098,10-05-2026,3
1098,24-05-2026,5
1099,23-04-2026,0
1100,29-06-2026,0
1100,20-07-2026,3
1100,03-08-2026,5
1100,10-08-2026,6
1100,24-08-2026,8
1101,29-03-2026,0
1101,10-05-2026,6
1101,31-05-2026,9
1101,12-07-2026,15
1103,30-03-2026,0
1103,06-04-2026,1
1103,04-05-2026,5
1103,08-06-2026,10
1103,03-08-2026,18
1104,28-04-2026,1
1104,12-05-2026,3
1105,06-07-2026,0
1105,13-07-2026,1
1105,27-07-2026,3
1108,21-08-2026,5
1108,28-08-2026,6
1109,20-03-2026,0
1109,27-03-2026,1
1109,03-04-2026,2
1109,10-04-2026,3
1109,24-04-2026,5
1109,19-06-2026,13
1110,02-07-2026,0
1112,26-08-2026,4
1113,02-07-2026,0
1113,16-07-2026,2
1113,23-07-2026,3
1113,06-08-2026,5
1114,12-05-2026,1
1114,19-05-2026,2
1114,23-06-2026,7
1114,21-07-2026,11
1114,25-08-2026,16
1115,02-07-2026,0
1115,23-07-2026,3
1115,30-07-2026,4
1116,07-04-2026,0
1116,14-04-2026,1
1117,17-07-2026,5
1118,21-04-2026,0
1118,28-04-2026,1
1118,05-05-2026,2
1118,23-06-2026,9
1118,07-07-2026,11
1118,21-07-2026,13
1118,18-08-2026,17
1120,17-05-2026,3
1120,07-06-2026,6
1121,17-06-2026,0
1121,24-06-2026,1
1121,15-07-2026,4
1121,22-07-2026,5
1121,29-07-2026,6
1122,05-03-2026,0
1122,19-03-2026,2
1122,26-03-2026,3
1123,01-03-2026,0
1123,05-04-2026,5
1123,10-05-2026,10
1124,09-08-2026,18
1125,05-04-2026,0
1125,17-05-2026,6
1127,11-06-2026,0
1127,18-06-2026,1
1127,16-07-2026,5
1128,04-04-2026,0
1128,11-04-2026,1
1128,16-05-2026,6
1128,23-05-2026,7
1128,30-05-2026,8
1129,12-06-2026,2
1129,03-07-2026,5
1130,06-04-2026,0
1130,13-04-2026,1
1130,01-06-2026,8
1130,27-07-2026,16
1130,17-08-2026,19
1131,24-06-2026,1
1134,01-08-2026,3
1135,04-05-2026,0
1135,11-05-2026,1
1136,04-07-2026,0
1136,18-07-2026,2
1136,25-07-2026,3
1136,01-08-2026,4
1136,15-08-2026,6
1136,29-08-2026,8
1137,26-05-2026,4
1137,07-07-2026,10
1138,29-03-2026,0
1138,24-05-2026,8
1138,19-07-2026,16
1141,19-03-2026,0
1141,02-04-2026,2
1141,07-05-2026,7
1141,02-07-2026,15
1142,18-06-2026,1
1142,09-07-2026,4
1142,30-07-2026,7
1145,05-07-2026,1
1145,12-07-2026,2
1145,19-07-2026,3
1145,09-08-2026,6
1145,16-08-2026,7
1146,10-06-2026,0
1146,17-06-2026,1
1146,24-06-2026,2
1147,26-07-2026,2
1148,09-05-2026,0
1148,16-05-2026,1
1148,30-05-2026,3
1148,20-06-2026,6
1148,27-06-2026,7
1149,07-05-2026,1
1149,28-05-2026,4
1149,25-06-2026,8
1150,30-07-2026,4
1151,09-03-2026,1
1153,18-07-2026,0
1154,15-04-2026,0
1154,06-05-2026,3
1154,27-05-2026,6
1155,02-05-2026,1
1155,23-05-2026,4
1155,20-06-2026,8
1156,27-07-2026,0
1158,11-04-2026,0
1158,09-05-2026,4
1159,03-04-2026,1
1159,22-05-2026,8
1160,23-06-2026,1
1160,07-07-2026,3
1162,10-07-2026,7
1163,21-07-2026,0
1164,30-05-2026,8
1164,15-08-2026,19
1166,14-06-2026,0
1167,08-08-2026,1
1167,29-08-2026,4
1168,03-04-2026,1
1168,10-04-2026,2
1168,17-04-2026,3
1168,05-06-2026,10
1170,01-08-2026,0
1170,08-08-2026,1
1170,29-08-2026,4
1171,02-04-2026,0
1171,09-04-2026,1
1171,16-04-2026,2
1171,23-04-2026,3
1171,04-06-2026,9
1172,20-07-2026,0
1172,03-08-2026,2
1174,12-05-2026,0
1174,19-05-2026,1
1174,16-06-2026,5
1175,27-06-2026,2
1175,11-07-2026,4
1177,14-05-2026,0
1177,06-08-2026,12
1183,08-08-2026,2
1184,21-06-2026,0
1184,28-06-2026,1
1185,24-05-2026,1
1185,14-06-2026,4
1185,21-06-2026,5
1187,30-06-2026,0
1187,14-07-2026,2
1188,30-04-2026,1
1189,11-03-2026,1
1189,18-03-2026,2
1189,29-04-2026,8
1192,01-08-2026,0
1192,29-08-2026,4
1193,19-03-2026,2
1193,26-03-2026,3
1193,02-04-2026,4
1193,16-04-2026,6
1193,30-04-2026,8
1193,16-07-2026,19
1196,22-04-2026,0
1196,29-04-2026,1
1196,06-05-2026,2
1197,11-07-2026,0
1197,01-08-2026,3
1197,29-08-2026,7
1199,16-06-2026,4
1200,08-06-2026,1
1200,15-06-2026,2
1201,18-08-2026,4
1202,31-03-2026,1
1202,21-04-2026,4
1203,01-03-2026,0
1203,15-03-2026,2
1203,22-03-2026,3
1205,02-06-2026,7
1207,19-03-2026,0
1207,07-05-2026,7
1207,02-07-2026,15
1208,02-05-2026,0
1208,09-05-2026,1
1208,16-05-2026,2
1208,23-05-2026,3
1208,30-05-2026,4
1208,13-06-2026,6
1208,15-08-2026,15
1209,31-05-2026,1
1209,05-07-2026,6
1210,07-07-2026,0
1210,28-07-2026,3
1210,04-08-2026,4
1210,18-08-2026,6
1211,14-07-2026,1
1212,05-07-2026,0
1212,09-08-2026,5
1212,30-08-2026,8
1213,16-03-2026,0
1213,13-04-2026,4
1215,26-04-2026,0
1215,03-05-2026,1
1215,10-05-2026,2
1215,17-05-2026,3
1215,26-07-2026,13
1217,25-04-2026,0
1217,02-05-2026,1
1217,09-05-2026,2
1217,20-06-2026,8
1218,11-07-2026,0
1218,01-08-2026,3
1218,08-08-2026,4
1219,30-07-2026,2
1220,08-06-2026,1
1221,07-07-2026,0
1221,14-07-2026,1
1221,28-07-2026,3
1222,03-07-2026,0
1222,07-08-2026,5
1222,14-08-2026,6
1222,21-08-2026,7
1223,01-03-2026,0
1223,22-03-2026,3
1223,29-03-2026,4
1223,07-06-2026,14
1225,26-07-2026,0
1225,16-08-2026,3
1226,26-07-2026,1
1227,02-04-2026,0
1227,16-04-2026,2
1227,30-04-2026,4
1227,14-05-2026,6
1228,20-04-2026,0
1229,23-03-2026,0
1230,18-06-2026,4
1230,16-07-2026,8
1230,30-07-2026,10
1232,04-04-2026,0
1232,11-04-2026,1
1232,02-05-2026,4
1232,09-05-2026,5
1232,27-06-2026,12
1233,17-03-2026,0
1233,24-03-2026,1
1233,31-03-2026,2
1233,21-04-2026,5
1233,28-04-2026,6
1233,12-05-2026,8
1233,14-07-2026,17
1235,06-06-2026,3
1235,13-06-2026,4
1235,08-08-2026,12
1237,01-08-2026,1
1237,15-08-2026,3
1237,22-08-2026,4
1238,09-03-2026,1
1238,27-04-2026,8
1238,18-05-2026,11
1239,26-05-2026,0
1239,09-06-2026,2
1239,16-06-2026,3
1239,07-07-2026,6
1239,21-07-2026,8
1240,30-04-2026,1
1240,07-05-2026,2
1240,21-05-2026,4
1241,29-06-2026,5
1244,09-06-2026,0
1244,16-06-2026,1
1244,30-06-2026,3
1245,04-07-2026,4
1245,25-07-2026,7
1246,13-04-2026,1
1246,04-05-2026,4
1246,13-07-2026,14
1248,25-04-2026,1
1248,02-05-2026,2
1248,16-05-2026,4
1253,26-05-2026,1
1253,09-06-2026,3
1253,16-06-2026,4
1253,30-06-2026,6
1253,07-07-2026,7
1253,28-07-2026,10
1254,19-07-2026,18
1255,24-06-2026,2
1255,01-07-2026,3
1256,03-04-2026,0
1256,10-04-2026,1
1256,17-04-2026,2
1259,30-05-2026,3
1259,06-06-2026,4
1259,04-07-2026,8
1260,07-08-2026,1
1260,14-08-2026,2
1261,30-04-2026,2
1261,14-05-2026,4
1262,24-05-2026,3
1263,12-05-2026,0
1263,19-05-2026,1
1263,09-06-2026,4
1263,16-06-2026,5
1263,14-07-2026,9
1264,01-06-2026,1
1264,22-06-2026,4
1264,29-06-2026,5
1265,11-06-2026,0
1265,02-07-2026,3
1265,16-07-2026,5
1265,23-07-2026,6
1266,23-03-2026,0
1268,11-07-2026,4
1268,18-07-2026,5
1268,01-08-2026,7
1268,15-08-2026,9
1268,22-08-2026,10
1269,21-07-2026,5
1269,28-07-2026,6
1271,16-06-2026,0
1271,23-06-2026,1
1271,14-07-2026,4
1271,04-08-2026,7
1271,11-08-2026,8
1272,19-04-2026,0
1272,14-06-2026,8
1272,16-08-2026,17
1273,11-07-2026,1
1273,18-07-2026,2
1273,01-08-2026,4
1273,08-08-2026,5
1274,18-06-2026,0
1274,25-06-2026,1
1274,02-07-2026,2
1274,30-07-2026,6
1277,07-08-2026,2
1277,14-08-2026,3
1277,28-08-2026,5
1278,17-08-2026,16
1279,11-06-2026,1
1280,21-05-2026,5
1281,14-05-2026,2
1281,21-05-2026,3
1281,23-07-2026,12
1283,13-06-2026,0
1283,20-06-2026,1
1283,08-08-2026,8
1284,12-08-2026,7
1285,25-06-2026,12
1286,02-03-2026,0
1286,09-03-2026,1
1286,30-03-2026,4
1286,13-04-2026,6
1286,08-06-2026,14
1286,22-06-2026,16
1287,09-07-2026,0
1287,16-07-2026,1
1287,20-08-2026,6
1288,10-03-2026,0
1288,17-03-2026,1
1288,07-04-2026,4
1288,14-04-2026,5
1290,16-05-2026,1
1290,23-05-2026,2
1290,13-06-2026,5
1290,25-07-2026,11
1291,26-06-2026,1
1291,17-07-2026,4
1292,24-05-2026,1
1292,14-06-2026,4
1292,05-07-2026,7
1294,29-03-2026,0
1294,03-05-2026,5
1294,24-05-2026,8
1297,15-05-2026,3
1298,03-06-2026,1
1299,25-06-2026,1
1299,16-07-2026,4
1301,26-07-2026,0
1301,16-08-2026,3
1302,18-04-2026,0
1303,30-06-2026,3
1303,11-08-2026,9
1303,18-08-2026,10
1303,25-08-2026,11
1304,02-08-2026,1
1304,30-08-2026,5
1305,13-04-2026,0
1305,27-04-2026,2
1305,11-05-2026,4
1307,02-04-2026,0
1307,09-04-2026,1
1307,23-04-2026,3
1307,07-05-2026,5
1307,21-05-2026,7
1308,07-06-2026,0
1308,14-06-2026,1
1308,21-06-2026,2
1308,12-07-2026,5
1308,16-08-2026,10
1309,27-04-2026,2
1309,18-05-2026,5
1311,27-05-2026,0
1311,12-08-2026,11
1312,14-06-2026,2
1312,23-08-2026,12
1314,05-03-2026,0
1314,12-03-2026,1
1314,30-04-2026,8
1314,16-07-2026,19
1315,22-05-2026,7
1315,29-05-2026,8
1315,26-06-2026,12
1316,31-07-2026,3
1317,10-05-2026,0
1317,31-05-2026,3
1319,17-07-2026,6
1320,04-07-2026,0
1320,18-07-2026,2
1321,20-05-2026,0
1321,15-07-2026,8
1322,24-03-2026,2
1322,31-03-2026,3
1322,14-04-2026,5
1322,28-04-2026,7
1323,07-06-2026,0
1323,14-06-2026,1
1323,21-06-2026,2
1324,11-06-2026,5
1324,25-06-2026,7
1324,02-07-2026,8
1325,28-03-2026,0
1325,11-04-2026,2
1325,23-05-2026,8
1326,07-03-2026,0
1326,14-03-2026,1
1326,09-05-2026,9
1327,28-03-2026,1
1327,04-04-2026,2
1328,15-06-2026,0
1328,10-08-2026,8
1329,05-06-2026,0
1329,31-07-2026,8
1330,27-04-2026,3
1330,15-06-2026,10
1330,03-08-2026,17
1331,27-03-2026,0
1331,10-04-2026,2
1331,31-07-2026,18
1332,15-03-2026,1
1332,29-03-2026,3
1332,05-04-2026,4
1332,19-04-2026,6
1333,03-05-2026,3
1333,24-05-2026,6
1334,13-06-2026,1
1334,01-08-2026,8
1335,24-04-2026,0
1335,01-05-2026,1
1335,08-05-2026,2
1335,22-05-2026,4
1335,29-05-2026,5
1335,19-06-2026,8
1335,26-06-2026,9
1335,10-07-2026,11
1336,31-07-2026,0
1336,07-08-2026,1
1337,07-05-2026,0
1337,18-06-2026,6
1337,25-06-2026,7
1337,20-08-2026,15
1338,14-07-2026,2
1339,05-06-2026,3
1339,07-08-2026,12
1341,14-07-2026,0
1341,28-07-2026,2
1341,04-08-2026,3
1341,25-08-2026,6
1342,04-05-2026,0
1342,11-05-2026,1
1342,15-06-2026,6
1343,17-03-2026,0
1343,31-03-2026,2
1343,14-04-2026,4
1347,22-05-2026,1
1347,29-05-2026,2
1347,19-06-2026,5
1347,03-07-2026,7
1348,10-06-2026,1
1348,17-06-2026,2
1348,24-06-2026,3
1348,22-07-2026,7
1348,29-07-2026,8
1354,20-06-2026,2
1354,11-07-2026,5
1354,29-08-2026,12
1355,20-05-2026,0
1355,03-06-2026,2
1355,10-06-2026,3
1355,17-06-2026,4
1355,01-07-2026,6
1355,22-07-2026,9
1355,29-07-2026,10
1356,29-05-2026,1
1356,03-07-2026,6
1357,30-05-2026,0
1357,18-07-2026,7
1358,08-05-2026,5
1358,29-05-2026,8
1359,27-06-2026,0
1359,11-07-2026,2
1359,15-08-2026,7
1361,09-08-2026,2
1363,10-03-2026,1
1363,07-04-2026,5
1364,11-03-2026,0
1366,02-07-2026,0
1366,09-07-2026,1
1367,09-05-2026,0
1367,16-05-2026,1
1367,13-06-2026,5
1367,04-07-2026,8
1367,11-07-2026,9
1367,08-08-2026,13
1369,22-04-2026,0
1369,08-07-2026,11
1369,05-08-2026,15
1370,09-07-2026,12
1372,14-05-2026,2
1372,04-06-2026,5
1372,11-06-2026,6
1373,15-04-2026,0
1373,29-04-2026,2
1373,03-06-2026,7
1373,01-07-2026,11
1374,06-07-2026,0
1375,23-03-2026,0
1375,06-04-2026,2
1376,28-07-2026,0
1376,18-08-2026,3
1376,25-08-2026,4
1379,30-05-2026,0
1381,24-03-2026,0
1381,05-05-2026,6
1381,19-05-2026,8
1382,28-08-2026,6
1385,01-03-2026,0
1385,08-03-2026,1
1386,14-05-2026,0
1386,21-05-2026,1
1386,28-05-2026,2
1386,04-06-2026,3
1386,11-06-2026,4
1386,18-06-2026,5
1386,20-08-2026,14
1387,15-06-2026,2
1389,11-07-2026,3
1390,22-06-2026,0
1390,29-06-2026,1
1390,27-07-2026,5
1390,10-08-2026,7
1392,05-05-2026,0
1392,12-05-2026,1
1394,01-05-2026,3
1394,22-05-2026,6
1394,10-07-2026,13
1395,08-04-2026,1
1396,24-07-2026,1
1399,02-04-2026,0
1399,02-07-2026,13
1400,29-05-2026,2
1400,14-08-2026,13
1401,22-04-2026,0
1401,13-05-2026,3
1401,29-07-2026,14
1401,05-08-2026,15
1402,23-08-2026,10
1403,14-05-2026,0
1404,07-07-2026,0
1404,14-07-2026,1
1405,07-05-2026,0
1406,22-07-2026,2
1406,05-08-2026,4
1407,01-05-2026,2
1407,22-05-2026,5
1407,12-06-2026,8
1407,21-08-2026,18
1408,19-04-2026,1
1408,26-07-2026,15
1411,30-04-2026,1
1411,30-07-2026,14
1412,13-04-2026,5
1412,20-04-2026,6
1412,04-05-2026,8
1413,27-07-2026,0
1415,30-03-2026,1
1415,06-04-2026,2
1416,29-03-2026,3
1417,13-07-2026,3
1417,20-07-2026,4
1418,11-07-2026,0
1418,25-07-2026,2
1419,02-07-2026,0
1419,09-07-2026,1
1419,06-08-2026,5
1419,13-08-2026,6
1420,13-07-2026,5
1420,27-07-2026,7
1420,10-08-2026,9
1421,17-07-2026,1
1421,24-07-2026,2
1421,31-07-2026,3
1423,20-04-2026,0
1423,04-05-2026,2
1423,11-05-2026,3
1423,15-06-2026,8
1423,22-06-2026,9
1423,29-06-2026,10
1423,06-07-2026,11
1426,12-03-2026,0
1427,09-04-2026,1
1427,16-04-2026,2
1427,23-04-2026,3
1427,30-04-2026,4
1427,07-05-2026,5
1427,02-07-2026,13
1428,19-04-2026,1
1428,26-04-2026,2
1428,21-06-2026,10
1429,02-05-2026,1
1430,19-05-2026,2
1433,09-03-2026,0
1433,30-03-2026,3
1433,04-05-2026,8
1433,25-05-2026,11
1433,06-07-2026,17
1434,05-04-2026,2
1434,12-04-2026,3
1434,19-04-2026,4
1434,03-05-2026,6
1434,10-05-2026,7
1435,23-03-2026,0
1435,30-03-2026,1
1435,13-04-2026,3
1435,20-04-2026,4
1435,01-06-2026,10
1435,08-06-2026,11
1435,15-06-2026,12
1435,13-07-2026,16
1438,27-04-2026,0
1438,04-05-2026,1
1438,11-05-2026,2
1438,18-05-2026,3
1438,25-05-2026,4
1438,01-06-2026,5
1438,22-06-2026,8
1440,25-05-2026,1
1440,27-07-2026,10
1443,12-07-2026,1
1443,19-07-2026,2
1443,02-08-2026,4
1443,16-08-2026,6
1444,21-05-2026,0
1444,11-06-2026,3
1444,13-08-2026,12
1445,13-07-2026,0
1445,27-07-2026,2
1445,10-08-2026,4
1445,24-08-2026,6
1446,03-07-2026,1
1446,24-07-2026,4
1446,31-07-2026,5
1448,19-06-2026,0
1448,31-07-2026,6
1450,23-05-2026,1
1450,30-05-2026,2
1450,06-06-2026,3
1453,08-08-2026,1
1454,14-05-2026,3
1454,21-05-2026,4
1454,25-06-2026,9
1454,09-07-2026,11
1454,16-07-2026,12
1456,08-06-2026,0
1456,15-06-2026,1
1456,22-06-2026,2
1456,29-06-2026,3
1458,17-03-2026,1
1458,24-03-2026,2
1458,26-05-2026,11
1459,25-04-2026,0
1459,13-06-2026,7
1459,27-06-2026,9
1459,25-07-2026,13
1461,30-05-2026,1
1461,06-06-2026,2
1461,13-06-2026,3
1461,11-07-2026,7
1463,07-07-2026,0
1463,11-08-2026,5
1464,20-06-2026,1
1464,11-07-2026,4
1464,18-07-2026,5
1464,01-08-2026,7
1464,08-08-2026,8
1466,17-07-2026,1
1466,07-08-2026,4
1466,14-08-2026,5
1467,31-07-2026,1
1468,26-08-2026,4
1470,10-06-2026,1
1472,15-06-2026,0
1472,22-06-2026,1
1472,03-08-2026,7
1473,15-04-2026,4
1473,22-04-2026,5
1474,01-05-2026,2
1474,17-07-2026,13
1475,18-05-2026,0
1475,25-05-2026,1
1475,01-06-2026,2
1477,03-07-2026,3
1479,08-05-2026,0
1479,15-05-2026,1
1479,29-05-2026,3
1480,03-07-2026,1
1480,10-07-2026,2
1480,31-07-2026,5
1480,28-08-2026,9
1481,25-05-2026,3
1481,08-06-2026,5
1481,27-07-2026,12
1484,11-05-2026,0
1484,25-05-2026,2
1484,01-06-2026,3
1484,08-06-2026,4
1484,15-06-2026,5
1485,25-03-2026,0
1485,15-04-2026,3
1485,22-04-2026,4
1485,29-04-2026,5
1485,13-05-2026,7
1486,03-05-2026,0
1486,10-05-2026,1
1486,17-05-2026,2
1487,27-06-2026,1
1487,01-08-2026,6
1487,08-08-2026,7
1488,10-06-2026,1
1489,14-06-2026,3
1489,05-07-2026,6
1489,19-07-2026,8
1490,17-05-2026,0
1490,12-07-2026,8
1491,06-08-2026,2
1491,27-08-2026,5
1494,19-06-2026,2
1494,10-07-2026,5
1494,14-08-2026,10
1495,16-04-2026,0
1495,30-04-2026,2
1495,18-06-2026,9
1495,23-07-2026,14
1496,12-07-2026,2
1496,19-07-2026,3
1497,04-04-2026,0
1497,11-04-2026,1
1497,25-04-2026,3
1498,04-07-2026,5
1499,19-07-2026,0
1499,26-07-2026,1
1499,02-08-2026,2
1499,09-08-2026,3
1500,05-04-2026,1
1500,19-04-2026,3
1500,24-05-2026,8
1501,04-05-2026,0
1501,25-05-2026,3
1501,01-06-2026,4
1501,06-07-2026,9
1502,02-07-2026,0
1502,16-07-2026,2
1502,23-07-2026,3
1502,13-08-2026,6
1502,27-08-2026,8
1503,06-06-2026,0
1503,20-06-2026,2
1503,01-08-2026,8
1503,22-08-2026,11
1504,08-05-2026,0
1504,15-05-2026,1
1504,22-05-2026,2
1504,29-05-2026,3
1504,12-06-2026,5
1504,26-06-2026,7
1504,10-07-2026,9
1505,30-06-2026,1
1505,07-07-2026,2
1505,21-07-2026,4
1506,07-06-2026,0
1506,21-06-2026,2
1506,28-06-2026,3
1506,05-07-2026,4
1507,03-07-2026,7
1507,10-07-2026,8
1508,22-03-2026,0
1508,29-03-2026,1
1508,03-05-2026,6
1508,07-06-2026,11
1509,30-06-2026,0
1509,28-07-2026,4
1511,03-08-2026,1
1511,24-08-2026,4
1513,15-08-2026,4
1514,13-04-2026,2
1514,20-04-2026,3
1514,27-04-2026,4
1514,11-05-2026,6
1514,18-05-2026,7
1514,27-07-2026,17
1515,23-07-2026,1
1516,10-06-2026,0
1516,17-06-2026,1
1516,01-07-2026,3
1516,05-08-2026,8
1519,18-04-2026,4
1519,02-05-2026,6
1520,27-07-2026,0
1521,23-04-2026,0
1521,02-07-2026,10
1521,09-07-2026,11
1522,18-05-2026,4
1527,18-03-2026,0
1527,25-03-2026,1
1527,01-04-2026,2
1527,22-04-2026,5
1527,08-07-2026,16
1528,08-06-2026,3
1528,22-06-2026,5
1529,17-06-2026,0
1530,23-07-2026,1
1530,20-08-2026,5
1531,06-08-2026,6
1533,16-03-2026,1
1533,23-03-2026,2
1533,13-04-2026,5
1533,20-04-2026,6
1533,08-06-2026,13
1536,24-05-2026,2
1536,21-06-2026,6
1537,06-07-2026,0
1537,13-07-2026,1
1537,20-07-2026,2
1537,27-07-2026,3
1538,25-05-2026,1
1538,01-06-2026,2
1538,15-06-2026,4
1538,06-07-2026,7
1539,10-04-2026,2
1539,24-04-2026,4
1539,08-05-2026,6
1539,22-05-2026,8
1539,31-07-2026,18
1541,06-05-2026,0
1541,20-05-2026,2
1541,27-05-2026,3
1541,10-06-2026,5
1543,16-05-2026,1
1544,19-06-2026,3
1544,24-07-2026,8
1545,22-05-2026,7
1545,12-06-2026,10
1545,19-06-2026,11
1547,05-04-2026,0
1547,03-05-2026,4
1547,17-05-2026,6
1551,25-05-2026,2
1551,29-06-2026,7
1554,13-07-2026,0
1554,03-08-2026,3
1555,11-07-2026,16
1556,28-03-2026,2
1556,04-04-2026,3
1556,11-04-2026,4
1556,20-06-2026,14
1556,11-07-2026,17
1557,17-04-2026,1
1557,24-04-2026,2
1559,13-03-2026,0
1559,27-03-2026,2
1559,03-04-2026,3
1559,10-04-2026,4
1564,15-07-2026,0
1564,22-07-2026,1
1565,19-03-2026,0
1565,28-05-2026,10
1566,20-03-2026,1
1566,08-05-2026,8
1569,11-08-2026,11
1572,17-03-2026,0
1572,24-03-2026,1
1572,31-03-2026,2
1572,07-04-2026,3
1572,19-05-2026,9
1572,02-06-2026,11
1572,14-07-2026,17
1574,08-06-2026,0
1575,03-03-2026,0
1575,14-04-2026,6
1575,30-06-2026,17
1576,31-07-2026,0
1576,07-08-2026,1
1576,21-08-2026,3
1576,28-08-2026,4
1577,26-04-2026,1
1577,17-05-2026,4
1577,24-05-2026,5
1577,14-06-2026,8
1578,19-07-2026,1
1578,09-08-2026,4
1581,19-04-2026,2
1581,24-05-2026,7
1584,30-04-2026,0
1584,07-05-2026,1
1584,21-05-2026,3
1584,28-05-2026,4
1584,04-06-2026,5
1584,06-08-2026,14
1586,07-03-2026,0
1586,28-03-2026,3
1586,30-05-2026,12
1588,29-05-2026,3
1588,03-07-2026,8
1590,14-04-2026,1
1590,19-05-2026,6
1590,30-06-2026,12
1591,26-08-2026,4
1592,25-06-2026,5
1592,30-07-2026,10
1592,06-08-2026,11
1593,07-07-2026,1
1593,14-07-2026,2
1593,28-07-2026,4
1593,04-08-2026,5
1594,21-04-2026,5
1594,21-07-2026,18
1595,14-07-2026,3
1596,25-06-2026,0
1596,09-07-2026,2
1596,16-07-2026,3
1596,30-07-2026,5
1596,13-08-2026,7
1596,20-08-2026,8
1597,09-04-2026,0
1597,14-05-2026,5
1597,21-05-2026,6
1597,23-07-2026,15
1598,19-06-2026,0
1598,03-07-2026,2
1599,25-06-2026,9
1604,24-03-2026,0
1604,31-03-2026,1
1604,07-04-2026,2
1604,14-04-2026,3
1604,21-04-2026,4
1604,26-05-2026,9
1604,30-06-2026,14
1605,16-04-2026,3
1606,05-07-2026,1
1606,12-07-2026,2
1606,09-08-2026,6
1607,12-05-2026,0
1607,19-05-2026,1
1607,09-06-2026,4
1607,30-06-2026,7
1607,18-08-2026,14
1608,14-05-2026,0
1608,21-05-2026,1
1608,28-05-2026,2
1608,02-07-2026,7
1608,23-07-2026,10
1609,22-03-2026,0
1609,29-03-2026,1
1609,12-04-2026,3
1611,06-07-2026,0
1611,13-07-2026,1
1611,03-08-2026,4
1611,17-08-2026,6
1611,24-08-2026,7
1612,14-06-2026,1
1612,21-06-2026,2
1612,05-07-2026,4
1617,03-08-2026,4
1618,28-06-2026,0
1618,05-07-2026,1
1618,12-07-2026,2
1618,26-07-2026,4
1618,16-08-2026,7
1619,14-05-2026,2
1619,18-06-2026,7
1620,17-05-2026,2
1620,31-05-2026,4
1620,23-08-2026,16
1622,10-06-2026,0
1622,24-06-2026,2
1622,01-07-2026,3
1622,12-08-2026,9
1624,07-05-2026,0
1624,14-05-2026,1
1624,25-06-2026,7
1624,09-07-2026,9
1626,04-06-2026,0
1626,02-07-2026,4
1626,23-07-2026,7
1627,07-03-2026,0
1627,25-04-2026,7
1629,10-03-2026,1
1629,17-03-2026,2
1629,24-03-2026,3
1629,31-03-2026,4
1629,07-04-2026,5
1630,10-03-2026,0
1630,17-03-2026,1
1630,24-03-2026,2
1630,31-03-2026,3
1630,07-04-2026,4
1630,28-04-2026,7
1631,29-08-2026,8
1633,27-05-2026,0
1633,05-08-2026,10
1633,19-08-2026,12
1636,21-05-2026,6
1638,16-03-2026,0
1638,04-05-2026,7
1639,22-04-2026,0
1639,27-05-2026,5
1639,03-06-2026,6
1639,29-07-2026,14
1640,21-07-2026,1
1640,28-07-2026,2
1640,04-08-2026,3
1642,12-04-2026,1
1642,26-04-2026,3
1642,10-05-2026,5
1642,31-05-2026,8
1644,01-06-2026,0
1644,24-08-2026,12
1645,15-05-2026,0
1645,17-07-2026,9
1645,24-07-2026,10
1645,28-08-2026,15
1646,26-05-2026,4
1646,30-06-2026,9
1647,21-06-2026,2
1648,12-07-2026,0
1648,09-08-2026,4
1649,08-06-2026,0
1649,22-06-2026,2
1649,29-06-2026,3
1649,13-07-2026,5
1649,20-07-2026,6
1649,17-08-2026,10
1650,18-08-2026,4
1651,06-05-2026,0
1651,13-05-2026,1
1651,03-06-2026,4
1651,17-06-2026,6
1651,24-06-2026,7
1651,12-08-2026,14
1652,14-04-2026,0
1652,28-04-2026,2
1652,26-05-2026,6
1652,09-06-2026,8
1652,23-06-2026,10
1656,27-03-2026,0
1656,03-04-2026,1
1656,10-04-2026,2
1656,22-05-2026,8
1658,10-06-2026,2
1658,24-06-2026,4
1659,31-07-2026,2
1659,07-08-2026,3
1661,21-05-2026,0
1661,02-07-2026,6
1661,23-07-2026,9
1664,08-03-2026,0
1664,22-03-2026,2
1664,05-04-2026,4
1664,19-04-2026,6
1664,17-05-2026,10
1664,24-05-2026,11
1664,31-05-2026,12
1666,17-08-2026,3
1666,24-08-2026,4
1667,04-05-2026,0
1671,20-07-2026,1
1672,20-04-2026,0
1672,11-05-2026,3
1672,01-06-2026,6
1673,12-03-2026,1
1674,20-07-2026,0
1674,10-08-2026,3
1675,18-05-2026,10
1677,20-05-2026,0
1677,29-07-2026,10
1678,03-05-2026,0
1678,10-05-2026,1
1678,12-07-2026,10
1678,09-08-2026,14
1681,30-06-2026,5
1682,09-07-2026,0
1682,20-08-2026,6
1683,17-04-2026,0
1683,24-04-2026,1
1683,08-05-2026,3
1685,29-03-2026,1
1685,05-04-2026,2
1685,24-05-2026,9
1686,16-03-2026,0
1686,23-03-2026,1
1686,30-03-2026,2
1686,27-04-2026,6
1686,04-05-2026,7
1687,29-06-2026,0
1687,17-08-2026,7
1687,24-08-2026,8
1689,14-05-2026,2
1691,21-05-2026,2
1691,04-06-2026,4
1691,11-06-2026,5
1693,01-04-2026,4
1693,06-05-2026,9
1695,27-03-2026,2
1695,01-05-2026,7
1695,15-05-2026,9
1696,03-07-2026,0
1696,10-07-2026,1
1697,23-04-2026,2
1697,07-05-2026,4
1697,14-05-2026,5
1697,18-06-2026,10
1698,02-07-2026,0
1698,09-07-2026,1
1698,23-07-2026,3
1699,28-05-2026,5
1699,02-07-2026,10
1699,16-07-2026,12
1700,18-05-2026,0
1700,01-06-2026,2
1702,10-05-2026,2
1702,31-05-2026,5
1702,02-08-2026,14
1705,05-06-2026,6
1706,05-04-2026,1
1706,03-05-2026,5
1707,03-06-2026,0
1707,10-06-2026,1
1707,24-06-2026,3
1707,19-08-2026,11
1708,15-04-2026,1
1708,06-05-2026,4
1712,13-06-2026,2
1712,04-07-2026,5
1715,27-03-2026,0
1715,17-04-2026,3
1716,26-07-2026,0
1716,16-08-2026,3
1718,23-03-2026,2
1718,30-03-2026,3
1718,01-06-2026,12
1719,07-07-2026,0
1719,14-07-2026,1
1719,21-07-2026,2
1720,13-06-2026,0
1720,20-06-2026,1
1720,11-07-2026,4
1720,18-07-2026,5
1720,25-07-2026,6
1722,25-05-2026,0
1722,01-06-2026,1
1722,08-06-2026,2
1722,29-06-2026,5
1722,03-08-2026,10
1722,10-08-2026,11
1723,01-07-2026,3
1723,15-07-2026,5
1723,29-07-2026,7
1723,12-08-2026,9
1724,21-06-2026,7
1724,19-07-2026,11
1726,03-06-2026,1
1726,15-07-2026,7
1727,06-08-2026,2
1728,24-05-2026,12
1729,04-08-2026,3
1729,11-08-2026,4
1730,07-06-2026,0
1730,14-06-2026,1
1730,28-06-2026,3
1730,16-08-2026,10
1731,10-07-2026,0
1731,17-07-2026,1
1732,05-04-2026,0
1732,12-04-2026,1
1734,02-06-2026,0
1734,09-06-2026,1
1734,04-08-2026,9
1735,25-03-2026,0
1735,01-04-2026,1
1735,08-04-2026,2
1736,23-06-2026,0
1736,30-06-2026,1
1736,14-07-2026,3
1737,01-07-2026,7
1739,14-06-2026,0
1740,30-03-2026,0
1741,08-05-2026,9
1741,19-06-2026,15
1741,03-07-2026,17
1743,17-06-2026,0
1743,24-06-2026,1
1743,08-07-2026,3
1743,22-07-2026,5
1743,29-07-2026,6
1744,06-07-2026,0
1744,10-08-2026,5
1744,24-08-2026,7
1749,21-05-2026,1
1750,15-04-2026,0
1750,06-05-2026,3
1750,20-05-2026,5
1751,09-06-2026,0
1751,23-06-2026,2
1751,30-06-2026,3
1751,07-07-2026,4
1754,21-06-2026,0
1754,28-06-2026,1
1754,05-07-2026,2
1754,09-08-2026,7
1755,25-04-2026,0
1755,02-05-2026,1
1755,23-05-2026,4
1757,07-03-2026,0
1757,14-03-2026,1
1757,18-04-2026,6
1759,20-07-2026,1
1759,27-07-2026,2
1759,03-08-2026,3
1759,17-08-2026,5
1763,22-06-2026,0
1763,13-07-2026,3
1764,22-04-2026,0
1764,29-04-2026,1
1764,13-05-2026,3
1764,10-06-2026,7
1764,17-06-2026,8
1764,29-07-2026,14
1765,15-06-2026,1
1765,29-06-2026,3
1765,06-07-2026,4
1765,13-07-2026,5
1766,16-04-2026,0
1766,23-04-2026,1
1766,07-05-2026,3
1767,21-06-2026,0
1767,28-06-2026,1
1767,19-07-2026,4
1767,26-07-2026,5
1767,23-08-2026,9
1770,01-03-2026,0
1770,14-06-2026,15
1772,17-04-2026,1
1772,24-04-2026,2
1774,25-05-2026,11
1774,15-06-2026,14
1775,19-07-2026,0
1776,26-05-2026,1
1776,02-06-2026,2
1777,23-04-2026,6
1777,30-04-2026,7
1778,30-05-2026,1
1778,06-06-2026,2
1778,13-06-2026,3
1778,20-06-2026,4
1778,04-07-2026,6
1778,11-07-2026,7
1779,27-05-2026,0
1779,10-06-2026,2
1779,08-07-2026,6
1779,05-08-2026,10
1780,19-07-2026,6
1782,16-03-2026,1
1784,06-06-2026,0
1784,13-06-2026,1
1784,27-06-2026,3
1784,11-07-2026,5
1784,18-07-2026,6
1785,15-08-2026,6
1786,04-05-2026,0
1786,11-05-2026,1
1786,18-05-2026,2
1786,08-06-2026,5
1786,20-07-2026,11
1788,01-03-2026,0
1788,29-03-2026,4
1788,05-04-2026,5
1788,12-04-2026,6
1789,04-03-2026,0
1789,08-04-2026,5
1789,22-04-2026,7
1790,26-06-2026,0
1790,10-07-2026,2
1790,17-07-2026,3
1791,31-05-2026,1
1791,07-06-2026,2
1791,02-08-2026,10
1791,16-08-2026,12
1792,17-07-2026,1
1793,23-07-2026,0
1793,30-07-2026,1
1793,20-08-2026,4
1796,27-03-2026,0
1796,17-04-2026,3
1796,01-05-2026,5
1796,15-05-2026,7
1796,26-06-2026,13
1797,30-06-2026,2
1797,07-07-2026,3
1797,28-07-2026,6
1797,18-08-2026,9
1798,23-05-2026,11
1799,12-05-2026,1
1799,30-06-2026,8
1800,01-06-2026,0
1800,29-06-2026,4
1800,20-07-2026,7
1800,03-08-2026,9
1801,07-05-2026,2
1801,14-05-2026,3
1801,28-05-2026,5
1802,29-04-2026,0
1802,06-05-2026,1
1802,27-05-2026,4
1802,01-07-2026,9
1802,26-08-2026,17
1804,23-06-2026,0
1804,30-06-2026,1
1806,31-03-2026,1
1806,07-04-2026,2
1806,21-04-2026,4
1806,28-04-2026,5
1807,05-07-2026,0
1807,09-08-2026,5
1807,16-08-2026,6
1808,17-06-2026,6
1811,05-07-2026,0
1811,19-07-2026,2
1811,26-07-2026,3
1811,16-08-2026,6
1812,21-05-2026,1
1812,27-08-2026,15
1813,16-06-2026,5
1814,30-06-2026,0
1814,21-07-2026,3
1814,25-08-2026,8
1815,28-07-2026,2
1815,04-08-2026,3
1815,18-08-2026,5
1816,22-04-2026,1
1817,18-06-2026,0
1817,25-06-2026,1
1818,04-03-2026,0
1818,25-03-2026,3
1819,10-06-2026,0
1819,01-07-2026,3
1819,15-07-2026,5
1819,29-07-2026,7
1819,12-08-2026,9
1819,26-08-2026,11
1820,22-04-2026,1
1820,29-04-2026,2
1820,13-05-2026,4
1820,15-07-2026,13
1821,11-07-2026,0
1821,01-08-2026,3
1821,08-08-2026,4
1821,15-08-2026,5
1822,31-07-2026,2
1824,07-06-2026,1
1824,14-06-2026,2
1826,26-03-2026,0
1826,16-04-2026,3
1826,30-04-2026,5
1827,17-03-2026,2
1827,07-04-2026,5
1827,14-04-2026,6
1827,21-04-2026,7
1828,25-05-2026,0
1828,01-06-2026,1
1828,15-06-2026,3
1828,03-08-2026,10
1831,03-03-2026,0
1831,10-03-2026,1
1831,24-03-2026,3
1831,31-03-2026,4
1831,07-04-2026,5
1831,28-04-2026,8
1833,21-07-2026,1
1833,28-07-2026,2
1833,11-08-2026,4
1834,15-07-2026,1
1834,29-07-2026,3
1834,26-08-2026,7
1836,10-04-2026,0
1836,17-04-2026,1
1836,01-05-2026,3
1838,26-07-2026,0
1838,23-08-2026,4
1838,30-08-2026,5
1839,12-06-2026,0
1841,25-05-2026,1
1841,01-06-2026,2
1842,18-06-2026,4
1843,29-03-2026,1
1843,12-04-2026,3
1846,26-06-2026,2
1847,27-03-2026,0
1847,03-04-2026,1
1847,10-04-2026,2
1847,17-04-2026,3
1847,08-05-2026,6
1849,16-05-2026,0
1849,23-05-2026,1
1849,04-07-2026,7
1849,08-08-2026,12
1849,15-08-2026,13
1850,31-05-2026,0
1850,07-06-2026,1
1850,05-07-2026,5
1851,31-05-2026,0
1851,14-06-2026,2
1851,28-06-2026,4
1851,26-07-2026,8
1851,16-08-2026,11
1851,30-08-2026,13
1853,26-07-2026,4
1853,02-08-2026,5
1854,21-03-2026,1
1854,04-07-2026,16
1856,18-06-2026,5
1858,14-05-2026,0
1858,04-06-2026,3
1858,11-06-2026,4
1858,18-06-2026,5
1858,30-07-2026,11
1859,29-06-2026,0
1859,13-07-2026,2
1861,05-04-2026,1
1861,19-04-2026,3
1861,26-04-2026,4
1861,24-05-2026,8
1861,07-06-2026,10
1863,07-04-2026,0
1863,21-04-2026,2
1863,23-06-2026,11
1863,07-07-2026,13
1863,18-08-2026,19
1864,12-03-2026,0
1864,30-04-2026,7
1864,14-05-2026,9
1864,21-05-2026,10
1865,15-04-2026,0
1865,22-04-2026,1
1865,29-04-2026,2
1865,06-05-2026,3
1865,13-05-2026,4
1865,03-06-2026,7
1865,08-07-2026,12
1866,06-07-2026,8
1866,10-08-2026,13
1867,11-07-2026,1
1867,18-07-2026,2
1870,03-04-2026,0
1870,10-04-2026,1
1870,17-04-2026,2
1870,24-04-2026,3
1870,15-05-2026,6
1870,05-06-2026,9
1870,19-06-2026,11
1873,14-03-2026,1
1873,18-04-2026,6
1873,30-05-2026,12
1874,17-04-2026,1
1876,26-07-2026,4
1876,02-08-2026,5
1876,23-08-2026,8
1876,30-08-2026,9
1877,17-05-2026,1
1877,31-05-2026,3
1878,09-06-2026,1
1878,16-06-2026,2
1878,30-06-2026,4
1878,07-07-2026,5
1879,14-08-2026,2
1879,21-08-2026,3
1880,14-06-2026,0
1880,21-06-2026,1
1880,28-06-2026,2
1881,05-07-2026,0
1881,16-08-2026,6
1882,02-07-2026,2
1882,09-07-2026,3
1882,30-07-2026,6
1885,08-07-2026,0
1885,15-07-2026,1
1885,22-07-2026,2
1886,06-07-2026,2
1886,20-07-2026,4
1887,15-06-2026,0
1887,22-06-2026,1
1887,20-07-2026,5
1888,15-05-2026,3
1888,12-06-2026,7
1889,08-06-2026,0
1889,15-06-2026,1
1889,29-06-2026,3
1889,27-07-2026,7
1890,30-03-2026,0
1890,20-04-2026,3
1890,27-04-2026,4
1890,06-07-2026,14
1893,15-04-2026,1
1893,29-04-2026,3
1893,13-05-2026,5
1893,27-05-2026,7
1893,03-06-2026,8
1895,03-04-2026,0
1895,10-04-2026,1
1895,17-04-2026,2
1895,15-05-2026,6
1895,29-05-2026,8
1895,26-06-2026,12
1895,31-07-2026,17
1896,23-06-2026,1
1896,30-06-2026,2
1896,07-07-2026,3
1896,04-08-2026,7
1896,18-08-2026,9
1901,02-07-2026,0
1901,16-07-2026,2
1901,27-08-2026,8
1902,09-07-2026,0
1902,16-07-2026,1
1902,27-08-2026,7
1903,29-06-2026,0
1903,06-07-2026,1
1903,13-07-2026,2
1903,27-07-2026,4
1904,19-03-2026,0
1906,14-03-2026,1
1906,28-03-2026,3
1907,24-05-2026,0
1907,07-06-2026,2
1911,08-08-2026,2
1912,03-04-2026,4
1912,10-04-2026,5
1912,19-06-2026,15
1913,06-07-2026,0
1913,10-08-2026,5
1915,14-07-2026,0
1915,21-07-2026,1
1915,18-08-2026,5
1917,19-06-2026,1
1917,10-07-2026,4
1917,17-07-2026,5
1919,29-03-2026,1
1919,31-05-2026,10
1920,18-07-2026,0
1920,15-08-2026,4
1921,03-07-2026,2
1921,10-07-2026,3
1922,24-07-2026,0
1922,14-08-2026,3
1923,12-05-2026,1
1923,19-05-2026,2
1923,09-06-2026,5
1924,08-04-2026,0
1924,29-04-2026,3
1925,06-07-2026,1
1925,20-07-2026,3
1925,27-07-2026,4
1925,10-08-2026,6
1926,19-07-2026,8
1926,16-08-2026,12
1927,25-06-2026,1
1927,23-07-2026,5
1929,09-03-2026,0
1931,07-07-2026,1
1931,21-07-2026,3
1931,04-08-2026,5
1931,18-08-2026,7
1931,25-08-2026,8
1932,02-04-2026,1
1932,16-04-2026,3
1932,07-05-2026,6
1932,21-05-2026,8
1933,20-06-2026,0
1933,18-07-2026,4
1933,08-08-2026,7
1933,22-08-2026,9
1934,12-07-2026,0
1938,05-08-2026,16
1940,12-08-2026,3
1940,19-08-2026,4
1941,25-05-2026,1
1941,01-06-2026,2
1941,22-06-2026,5
1941,10-08-2026,12
1942,02-08-2026,2
1943,14-06-2026,0
1944,19-03-2026,0
1944,11-06-2026,12
1945,19-05-2026,0
1945,02-06-2026,2
1945,09-06-2026,3
1945,16-06-2026,4
1945,23-06-2026,5
1945,25-08-2026,14
1946,19-04-2026,1
1946,26-04-2026,2
1946,03-05-2026,3
1946,17-05-2026,5
1946,24-05-2026,6
1946,07-06-2026,8
1949,19-06-2026,3
1949,31-07-2026,9
1950,29-06-2026,1
1950,20-07-2026,4
1951,11-07-2026,0
1951,18-07-2026,1
1951,08-08-2026,4
1954,27-07-2026,0
1954,03-08-2026,1
1954,17-08-2026,3
1954,24-08-2026,4
1955,17-07-2026,4
1956,02-06-2026,3
1956,07-07-2026,8
1957,18-05-2026,0
1957,25-05-2026,1
1957,08-06-2026,3
1957,22-06-2026,5
1957,06-07-2026,7
1957,27-07-2026,10
1958,16-03-2026,0
1958,23-03-2026,1
1958,30-03-2026,2
1958,01-06-2026,11
1958,29-06-2026,15
1959,27-03-2026,0
1959,24-04-2026,4
1961,31-03-2026,0
1961,14-04-2026,2
1961,21-04-2026,3
1961,14-07-2026,15
1962,08-04-2026,5
1963,29-05-2026,0
1964,05-05-2026,1
1964,26-05-2026,4
1964,09-06-2026,6
1964,11-08-2026,15
1965,07-06-2026,0
1965,28-06-2026,3
1965,05-07-2026,4
1966,27-07-2026,2
1966,03-08-2026,3
1966,10-08-2026,4
1967,29-08-2026,9
1968,12-06-2026,0
1969,07-05-2026,0
1969,21-05-2026,2
1969,28-05-2026,3
1969,04-06-2026,4
1969,18-06-2026,6
1969,30-07-2026,12
1970,12-07-2026,0
1970,16-08-2026,5
1970,23-08-2026,6
1971,29-07-2026,1
1972,27-07-2026,0
1972,10-08-2026,2
1972,17-08-2026,3
1973,26-06-2026,2
1973,03-07-2026,3
1973,10-07-2026,4
1975,10-05-2026,0
1976,06-07-2026,0
1976,20-07-2026,2
1976,17-08-2026,6
1977,25-05-2026,1
1977,15-06-2026,4
1977,27-07-2026,10
1977,24-08-2026,14
1979,06-06-2026,1
1980,10-03-2026,0
1980,17-03-2026,1
1980,05-05-2026,8
1980,19-05-2026,10
1980,26-05-2026,11
1981,31-03-2026,1
1981,28-04-2026,5
1981,09-06-2026,11
1984,06-06-2026,0
1984,13-06-2026,1
1984,20-06-2026,2
1984,11-07-2026,5
1984,18-07-2026,6
1985,16-06-2026,1
1985,21-07-2026,6
1986,04-06-2026,3
1989,03-04-2026,0
1989,10-04-2026,1
1989,24-04-2026,3
1995,11-07-2026,0
1995,29-08-2026,7
1996,26-06-2026,0
1996,10-07-2026,2
1996,24-07-2026,4
1997,01-05-2026,0
1997,12-06-2026,6
1997,31-07-2026,13
1998,01-07-2026,0
1998,08-07-2026,1
1998,15-07-2026,2
2000,17-05-2026,0
2000,31-05-2026,2
2000,07-06-2026,3
2000,28-06-2026,6
2000,05-07-2026,7
2001,07-03-2026,0
2001,14-03-2026,1
2001,21-03-2026,2
2001,28-03-2026,3
2001,25-04-2026,7
2001,23-05-2026,11
2003,01-05-2026,0
2003,21-08-2026,16
2004,02-05-2026,0
2004,04-07-2026,9
2008,09-05-2026,0
2008,16-05-2026,1
2008,27-06-2026,7
2008,04-07-2026,8
2009,06-05-2026,1
2009,17-06-2026,7
2010,31-03-2026,3
2010,14-04-2026,5
2012,13-08-2026,3
2014,14-03-2026,0
2014,21-03-2026,1
2014,04-04-2026,3
2015,07-04-2026,1
2016,25-07-2026,1
2016,08-08-2026,3
2017,23-03-2026,1
2017,06-04-2026,3
2017,20-04-2026,5
2017,27-04-2026,6
2017,08-06-2026,12
2017,15-06-2026,13
2018,10-06-2026,13
2020,18-08-2026,5
2021,08-03-2026,1
2021,15-03-2026,2
2021,05-04-2026,5
2021,12-04-2026,6
2021,19-04-2026,7
2021,24-05-2026,12
2023,04-04-2026,2
2023,11-04-2026,3
2023,09-05-2026,7
2023,23-05-2026,9
2025,18-05-2026,0
2025,25-05-2026,1
2025,24-08-2026,14
2026,19-04-2026,6
2028,04-07-2026,2
2028,18-07-2026,4
2029,12-05-2026,0
2029,26-05-2026,2
2029,02-06-2026,3
2029,16-06-2026,5
2030,07-05-2026,0
2030,21-05-2026,2
2030,04-06-2026,4
2032,14-06-2026,0
2032,28-06-2026,2
2032,12-07-2026,4
2033,15-07-2026,0
2033,19-08-2026,5
2034,20-07-2026,6
2035,20-04-2026,1
2035,27-04-2026,2
2035,11-05-2026,4
2036,16-07-2026,0
2036,23-07-2026,1
2038,09-03-2026,1
2038,04-05-2026,9
2039,19-04-2026,1
2039,26-04-2026,2
2041,30-04-2026,8
2042,26-05-2026,0
2042,02-06-2026,1
2042,04-08-2026,10
2042,11-08-2026,11
2042,25-08-2026,13
2044,16-04-2026,2
2044,21-05-2026,7
2045,09-06-2026,0
2046,23-07-2026,1
2046,30-07-2026,2
2046,06-08-2026,3
2046,20-08-2026,5
2046,27-08-2026,6
2048,20-07-2026,1
2048,27-07-2026,2
2048,03-08-2026,3
2049,04-04-2026,0
2049,25-04-2026,3
2049,13-06-2026,10
2050,11-04-2026,0
2050,25-04-2026,2
2050,02-05-2026,3
2052,04-05-2026,0
2052,11-05-2026,1
2052,18-05-2026,2
2052,01-06-2026,4
2053,08-03-2026,0
2053,15-03-2026,1
2055,23-05-2026,0
2055,30-05-2026,1
2055,13-06-2026,3
2055,20-06-2026,4
2055,04-07-2026,6
2055,01-08-2026,10
2056,27-06-2026,0
2056,11-07-2026,2
2056,18-07-2026,3
2056,01-08-2026,5
2057,03-07-2026,3
2058,02-04-2026,3
2058,16-04-2026,5
2058,23-04-2026,6
2058,30-04-2026,7
2058,16-07-2026,18
2059,20-04-2026,0
2059,27-04-2026,1
2059,11-05-2026,3
2059,13-07-2026,12
2060,12-06-2026,0
2060,19-06-2026,1
2060,10-07-2026,4
2060,24-07-2026,6
2062,11-04-2026,0
2062,18-04-2026,1
2062,09-05-2026,4
2062,27-06-2026,11
2063,09-05-2026,0
2063,16-05-2026,1
2063,06-06-2026,4
2063,13-06-2026,5
2063,20-06-2026,6
2064,22-05-2026,0
2064,10-07-2026,7
2065,01-03-2026,0
2065,08-03-2026,1
2065,29-03-2026,4
2065,03-05-2026,9
2066,26-04-2026,1
2066,10-05-2026,3
2066,31-05-2026,6
2066,07-06-2026,7
2066,12-07-2026,12
2069,03-06-2026,1
2070,16-07-2026,1
2070,13-08-2026,5
2071,05-07-2026,1
2071,12-07-2026,2
2071,16-08-2026,7
2072,03-06-2026,0
2072,10-06-2026,1
2073,13-03-2026,0
2073,20-03-2026,1
2073,03-04-2026,3
2073,01-05-2026,7
2073,15-05-2026,9
2073,05-06-2026,12
2075,14-05-2026,0
2075,21-05-2026,1
2075,28-05-2026,2
2075,04-06-2026,3
2075,11-06-2026,4
2075,09-07-2026,8
2077,15-05-2026,0
2077,22-05-2026,1
2077,12-06-2026,4
2077,19-06-2026,5
2077,21-08-2026,14
2078,07-05-2026,0
2078,21-05-2026,2
2078,11-06-2026,5
2078,25-06-2026,7
2078,02-07-2026,8
2079,03-03-2026,0
2079,17-03-2026,2
2079,31-03-2026,4
2079,28-04-2026,8
2080,12-05-2026,2
2080,09-06-2026,6
2081,20-03-2026,0
2081,27-03-2026,1
2081,12-06-2026,12
2081,19-06-2026,13
2082,18-07-2026,1
2082,25-07-2026,2
2082,08-08-2026,4
2083,16-07-2026,3
2083,23-07-2026,4
2084,22-03-2026,1
2084,29-03-2026,2
2084,19-04-2026,5
2084,03-05-2026,7
2084,28-06-2026,15
2085,16-06-2026,1
2085,07-07-2026,4
2085,14-07-2026,5
2087,20-05-2026,2
2088,14-04-2026,2
2088,02-06-2026,9
2090,12-05-2026,0
2090,26-05-2026,2
2090,09-06-2026,4
2090,16-06-2026,5
2090,23-06-2026,6
2090,14-07-2026,9
2091,30-03-2026,0
2091,06-04-2026,1
2091,01-06-2026,9
2091,13-07-2026,15
2092,23-08-2026,10
2092,30-08-2026,11
2093,17-05-2026,0
2094,11-03-2026,1
2094,18-03-2026,2
2094,08-04-2026,5
2096,30-05-2026,2
2096,18-07-2026,9
2097,20-03-2026,0
2097,27-03-2026,1
2097,03-04-2026,2
2097,01-05-2026,6
2098,20-07-2026,2
2099,15-03-2026,0
2099,03-05-2026,7
2099,07-06-2026,12
2101,08-05-2026,1
2101,15-05-2026,2
2101,29-05-2026,4
2101,12-06-2026,6
2101,03-07-2026,9
2101,17-07-2026,11
2101,31-07-2026,13
2102,30-04-2026,4
2103,22-07-2026,3
2104,12-07-2026,3
2104,30-08-2026,10
2105,15-08-2026,5
2107,16-07-2026,0
2107,13-08-2026,4
2108,27-03-2026,0
2108,10-04-2026,2
2108,01-05-2026,5
2108,22-05-2026,8
2108,29-05-2026,9
2108,19-06-2026,12
2109,08-07-2026,1
2109,15-07-2026,2
2109,19-08-2026,7
2110,11-07-2026,0
2110,18-07-2026,1
2110,08-08-2026,4
2110,22-08-2026,6
2111,20-05-2026,8
2112,29-05-2026,1
2112,19-06-2026,4
2113,17-04-2026,0
2114,14-06-2026,0
2114,12-07-2026,4
2114,30-08-2026,11
2115,02-08-2026,1
2116,29-05-2026,0
2116,19-06-2026,3
2116,17-07-2026,7
2116,28-08-2026,13
2117,15-05-2026,3
2117,22-05-2026,4
2118,25-07-2026,0
2118,08-08-2026,2
2118,22-08-2026,4
2119,22-06-2026,1
2119,29-06-2026,2
2119,06-07-2026,3
2119,20-07-2026,5
2119,27-07-2026,6
2121,04-07-2026,7
2122,21-05-2026,3
2122,28-05-2026,4
2122,16-07-2026,11
2122,20-08-2026,16
2123,17-07-2026,0
2123,24-07-2026,1
2125,10-05-2026,0
2125,17-05-2026,1
2125,31-05-2026,3
2125,21-06-2026,6
2125,28-06-2026,7
2125,19-07-2026,10
2126,13-06-2026,5
2128,01-05-2026,4
2128,08-05-2026,5
2128,05-06-2026,9
2129,02-04-2026,1
2129,09-04-2026,2
2129,28-05-2026,9
2132,20-04-2026,2
2132,27-04-2026,3
2133,04-06-2026,0
2133,11-06-2026,1
2133,18-06-2026,2
2133,25-06-2026,3
2135,27-08-2026,5
2136,14-05-2026,0
2136,04-06-2026,3
2136,09-07-2026,8
2136,16-07-2026,9
2138,29-04-2026,0
2138,10-06-2026,6
2139,26-05-2026,12
2140,16-04-2026,1
2140,23-04-2026,2
2140,30-04-2026,3
2140,07-05-2026,4
2140,04-06-2026,8
2140,18-06-2026,10
2140,25-06-2026,11
2141,30-04-2026,0
2141,21-05-2026,3
2142,03-07-2026,0
2142,10-07-2026,1
2142,24-07-2026,3
2142,07-08-2026,5
2142,14-08-2026,6
2143,13-07-2026,1
2143,20-07-2026,2
2143,03-08-2026,4
2143,10-08-2026,5
2143,17-08-2026,6
2143,24-08-2026,7
2144,18-03-2026,1
2144,08-04-2026,4
2144,13-05-2026,9
2146,17-06-2026,1
2146,08-07-2026,4
2146,15-07-2026,5
2146,29-07-2026,7
2147,09-06-2026,2
2147,23-06-2026,4
2147,07-07-2026,6
2147,14-07-2026,7
2148,27-04-2026,7
2148,18-05-2026,10
2149,10-06-2026,0
2149,17-06-2026,1
2149,24-06-2026,2
2149,08-07-2026,4
2149,15-07-2026,5
2149,12-08-2026,9
2150,27-06-2026,3
2150,04-07-2026,4
2151,12-04-2026,0
2151,19-04-2026,1
2152,22-04-2026,1
2154,27-06-2026,3
2154,04-07-2026,4
2154,22-08-2026,11
2155,24-06-2026,0
2157,29-03-2026,3
2157,19-04-2026,6
2159,28-05-2026,1
2159,04-06-2026,2
2160,01-07-2026,5
2160,08-07-2026,6
2160,29-07-2026,9
2163,09-04-2026,0
2163,23-04-2026,2
2163,30-04-2026,3
2163,21-05-2026,6
2163,30-07-2026,16
2165,30-06-2026,0
2165,07-07-2026,1
2165,21-07-2026,3
2165,28-07-2026,4
2166,12-06-2026,2
2166,28-08-2026,13
2168,21-04-2026,3
2169,09-05-2026,0
2169,13-06-2026,5
2169,18-07-2026,10
2170,22-06-2026,9
2172,16-04-2026,2
2172,23-04-2026,3
2176,30-04-2026,0
2176,07-05-2026,1
2176,14-05-2026,2
2176,11-06-2026,6
2177,16-08-2026,6
2179,29-05-2026,1
2179,12-06-2026,3
2179,19-06-2026,4
2179,31-07-2026,10
2180,30-03-2026,1
2180,13-04-2026,3
2180,04-05-2026,6
2181,15-06-2026,0
2181,22-06-2026,1
2181,29-06-2026,2
2182,07-04-2026,1
2182,12-05-2026,6
2183,27-06-2026,0
2183,08-08-2026,6
2185,24-04-2026,1
2185,31-07-2026,15
2187,04-05-2026,1
2187,25-05-2026,4
2188,26-05-2026,1
2188,09-06-2026,3
2188,16-06-2026,4
2189,25-07-2026,0
2190,21-05-2026,6
2191,10-06-2026,0
2191,08-07-2026,4
2193,20-05-2026,0
2193,10-06-2026,3
2193,24-06-2026,5
2193,22-07-2026,9
2194,13-04-2026,1
2194,20-04-2026,2
2195,07-06-2026,4
2195,21-06-2026,6
2196,17-05-2026,0
2196,31-05-2026,2
2196,21-06-2026,5
2196,30-08-2026,15
2197,21-05-2026,2
2199,24-03-2026,0
2199,07-04-2026,2
2199,21-04-2026,4
2199,09-06-2026,11
2200,06-03-2026,0
2200,13-03-2026,1
2200,03-04-2026,4
2200,01-05-2026,8
2201,16-05-2026,2
2201,23-05-2026,3
2201,04-07-2026,9
2202,09-07-2026,0
2202,06-08-2026,4
2202,13-08-2026,5
2203,24-07-2026,2
2203,07-08-2026,4
2203,28-08-2026,7
2204,14-05-2026,9
2205,25-05-2026,0
2205,01-06-2026,1
2205,29-06-2026,5
2205,06-07-2026,6
2205,13-07-2026,7
2205,20-07-2026,8
2205,27-07-2026,9
2206,26-07-2026,0
2206,30-08-2026,5
2208,31-07-2026,0
2208,07-08-2026,1
2208,14-08-2026,2
2210,03-07-2026,0
2210,10-07-2026,1
2210,28-08-2026,8
2211,22-03-2026,0
2212,24-05-2026,2
2212,07-06-2026,4
2212,12-07-2026,9
2213,15-04-2026,3
2213,22-04-2026,4
2213,27-05-2026,9
2213,03-06-2026,10
2214,06-07-2026,0
2214,20-07-2026,2
2215,09-04-2026,2
2216,01-06-2026,2
2216,08-06-2026,3
2217,18-05-2026,1
2217,08-06-2026,4
2217,13-07-2026,9
2217,03-08-2026,12
2218,21-06-2026,0
2218,19-07-2026,4
2218,02-08-2026,6
2219,07-05-2026,1
2219,25-06-2026,8
2220,29-04-2026,1
2220,06-05-2026,2
2220,20-05-2026,4
2220,27-05-2026,5
2222,17-06-2026,0
2222,08-07-2026,3
2222,29-07-2026,6
2223,01-06-2026,0
2223,22-06-2026,3
2224,18-03-2026,0
2224,25-03-2026,1
2224,13-05-2026,8
2224,20-05-2026,9
2226,25-06-2026,3
2226,23-07-2026,7
2227,19-07-2026,1
2227,02-08-2026,3
2229,02-06-2026,3
2229,16-06-2026,5
2230,16-04-2026,0
2230,04-06-2026,7
2230,11-06-2026,8
2232,26-07-2026,6
2232,02-08-2026,7
2233,15-03-2026,0
2233,22-03-2026,1
2233,19-04-2026,5
2233,10-05-2026,8
2234,05-06-2026,0
2234,17-07-2026,6
2235,20-05-2026,6
2235,03-06-2026,8
2237,01-03-2026,0
2237,08-03-2026,1
2237,22-03-2026,3
2237,12-04-2026,6
2237,03-05-2026,9
2237,10-05-2026,10
2237,17-05-2026,11
2238,29-04-2026,2
2238,24-06-2026,10
2240,25-04-2026,0
2240,23-05-2026,4
2242,07-08-2026,10
2243,24-06-2026,2
2243,15-07-2026,5
2243,22-07-2026,6
2244,12-04-2026,2
2245,10-07-2026,2
2246,02-04-2026,1
2246,07-05-2026,6
2247,21-06-2026,1
2247,28-06-2026,2
2247,12-07-2026,4
2247,09-08-2026,8
2249,28-05-2026,0
2249,04-06-2026,1
2249,11-06-2026,2
2249,02-07-2026,5
2253,25-06-2026,2
2253,16-07-2026,5
2253,30-07-2026,7
2254,16-06-2026,3
2255,24-05-2026,0
2255,28-06-2026,5
2257,19-05-2026,0
2257,26-05-2026,1
2257,16-06-2026,4
2260,26-03-2026,0
2260,09-07-2026,15
2261,07-04-2026,0
2261,28-04-2026,3
2261,05-05-2026,4
2261,21-07-2026,15
2261,18-08-2026,19
2262,30-07-2026,0
2263,05-07-2026,1
2263,12-07-2026,2
2263,26-07-2026,4
2263,02-08-2026,5
2264,10-07-2026,1
2265,01-07-2026,4
2265,15-07-2026,6
2266,08-04-2026,1
2266,29-04-2026,4
2266,27-05-2026,8
2268,04-06-2026,0
2268,11-06-2026,1
2268,18-06-2026,2
2268,09-07-2026,5
2268,16-07-2026,6
2271,12-05-2026,3
2271,19-05-2026,4
2271,09-06-2026,7
2275,27-07-2026,0
2275,24-08-2026,4
2276,25-05-2026,4
2276,03-08-2026,14
2277,05-04-2026,0
2278,14-03-2026,0
2278,21-03-2026,1
2278,28-03-2026,2
2278,18-04-2026,5
2279,02-05-2026,0
2279,23-05-2026,3
2279,06-06-2026,5
2279,04-07-2026,9
2281,22-04-2026,1
2283,09-08-2026,2
2283,30-08-2026,5
2285,18-05-2026,0
2285,25-05-2026,1
2285,08-06-2026,3
2285,06-07-2026,7
2286,01-08-2026,0
2286,15-08-2026,2
2287,17-08-2026,7
2288,10-05-2026,2
2288,21-06-2026,8
2289,16-07-2026,4
2290,28-04-2026,1
2292,12-06-2026,1
2292,10-07-2026,5
2296,11-05-2026,0
2296,18-05-2026,1
2297,10-08-2026,6
2298,27-07-2026,2
2298,03-08-2026,3
2304,01-05-2026,0
2304,22-05-2026,3
2304,26-06-2026,8
2305,20-05-2026,2
2305,03-06-2026,4
2305,01-07-2026,8
2307,29-03-2026,0
2307,17-05-2026,7
2307,31-05-2026,9
2307,09-08-2026,19
2308,20-03-2026,0
2308,27-03-2026,1
2308,03-04-2026,2
2308,10-04-2026,3
2309,11-06-2026,1
2309,18-06-2026,2
2309,30-07-2026,8
2309,06-08-2026,9
2309,13-08-2026,10
2310,22-06-2026,1
2310,06-07-2026,3
2313,05-03-2026,0
2313,12-03-2026,1
2313,02-04-2026,4
2313,23-04-2026,7
2313,18-06-2026,15
2314,23-04-2026,0
2316,02-07-2026,1
2316,09-07-2026,2
2317,31-07-2026,0
2317,07-08-2026,1
2317,14-08-2026,2
2318,11-06-2026,0
2318,25-06-2026,2
2318,16-07-2026,5
2318,30-07-2026,7
2319,25-03-2026,0
2319,01-04-2026,1
2319,08-04-2026,2
2319,15-04-2026,3
2319,06-05-2026,6
2319,27-05-2026,9
2319,03-06-2026,10
2319,17-06-2026,12
2320,09-07-2026,1
2320,16-07-2026,2
2321,05-07-2026,0
2321,19-07-2026,2
2321,26-07-2026,3
2322,23-03-2026,0
2322,30-03-2026,1
2322,06-04-2026,2
2322,13-04-2026,3
2322,20-04-2026,4
2322,18-05-2026,8
2322,03-08-2026,19
2323,11-04-2026,2
2323,16-05-2026,7
2323,13-06-2026,11
2323,20-06-2026,12
2326,21-08-2026,3
2326,28-08-2026,4
2327,20-03-2026,1
2327,17-04-2026,5
2327,22-05-2026,10
2328,10-06-2026,5
2328,12-08-2026,14
2329,11-05-2026,7
2329,15-06-2026,12
2330,25-07-2026,0
2330,01-08-2026,1
2331,27-03-2026,0
2331,03-04-2026,1
2331,01-05-2026,5
2331,08-05-2026,6
2331,15-05-2026,7
2332,03-06-2026,3
2332,10-06-2026,4
2332,24-06-2026,6
2332,12-08-2026,13
2334,05-05-2026,0
2334,26-05-2026,3
2334,16-06-2026,6
2335,04-04-2026,0
2335,18-04-2026,2
2335,25-04-2026,3
2335,06-06-2026,9
2335,20-06-2026,11
2336,22-06-2026,1
2336,29-06-2026,2
2336,20-07-2026,5
2338,24-05-2026,0
2339,09-05-2026,0
2339,23-05-2026,2
2339,30-05-2026,3
2339,06-06-2026,4
2340,20-06-2026,0
2340,27-06-2026,1
2340,18-07-2026,4
2341,14-07-2026,6
2342,12-05-2026,1
2342,19-05-2026,2
2342,23-06-2026,7
2342,30-06-2026,8
2343,30-03-2026,2
2343,04-05-2026,7
2345,07-06-2026,8
2346,06-07-2026,0
2347,07-03-2026,0
2347,21-03-2026,2
2347,28-03-2026,3
2347,04-04-2026,4
2347,27-06-2026,16
2348,17-05-2026,2
2348,21-06-2026,7
2350,26-04-2026,0
2351,15-05-2026,1
2352,29-07-2026,4
2354,07-07-2026,0
2354,14-07-2026,1
2354,11-08-2026,5
2355,02-04-2026,3
2355,09-04-2026,4
2355,23-04-2026,6
2355,07-05-2026,8
2356,22-04-2026,0
2357,13-06-2026,0
2357,20-06-2026,1
2357,04-07-2026,3
2357,15-08-2026,9
2359,14-05-2026,0
2359,21-05-2026,1
2359,09-07-2026,8
2362,25-06-2026,1
2362,02-07-2026,2
2362,16-07-2026,4
2362,13-08-2026,8
2363,19-06-2026,0
2363,26-06-2026,1
2363,10-07-2026,3
2363,17-07-2026,4
2363,14-08-2026,8
2363,21-08-2026,9
2364,07-04-2026,1
2364,12-05-2026,6
2364,26-05-2026,8
2364,09-06-2026,10
2365,12-07-2026,2
2367,25-04-2026,0
2367,02-05-2026,1
2367,09-05-2026,2
2367,16-05-2026,3
2367,25-07-2026,13
2367,01-08-2026,14
2368,03-04-2026,1
2368,10-04-2026,2
2368,24-04-2026,4
2368,03-07-2026,14
2370,13-04-2026,1
2370,20-04-2026,2
2370,04-05-2026,4
2370,11-05-2026,5
2370,15-06-2026,10
2370,20-07-2026,15
2371,16-04-2026,3
2371,23-04-2026,4
2372,31-03-2026,0
2374,03-03-2026,0
2374,17-03-2026,2
2374,07-04-2026,5
2374,28-04-2026,8
2374,30-06-2026,17
2375,01-07-2026,1
2375,15-07-2026,3
2375,12-08-2026,7
2377,06-06-2026,0
2377,13-06-2026,1
2377,04-07-2026,4
2379,23-05-2026,0
2379,30-05-2026,1
2379,13-06-2026,3
2380,13-07-2026,0
2380,27-07-2026,2
2382,29-07-2026,2
2383,15-05-2026,0
2383,22-05-2026,1
2384,17-06-2026,1
2384,01-07-2026,3
2384,08-07-2026,4
2384,29-07-2026,7
2385,05-05-2026,0
2387,09-04-2026,0
2387,16-04-2026,1
2387,07-05-2026,4
2389,13-04-2026,3
2389,27-04-2026,5
2389,01-06-2026,10
2390,29-05-2026,10
2390,12-06-2026,12
2391,28-05-2026,1
2392,11-03-2026,1
2392,18-03-2026,2
2392,01-04-2026,4
2392,15-07-2026,19
2393,22-03-2026,0
2393,12-04-2026,3
2394,18-07-2026,1
2396,23-03-2026,1
2396,30-03-2026,2
2397,26-06-2026,0
2397,03-07-2026,1
2397,17-07-2026,3
2397,21-08-2026,8
2399,06-07-2026,0
2399,13-07-2026,1
2399,20-07-2026,2
2399,17-08-2026,6
2401,12-05-2026,1
2402,20-04-2026,1
2402,27-04-2026,2
2403,27-07-2026,2
2403,10-08-2026,4
2404,04-08-2026,2
2406,01-08-2026,4
2410,21-06-2026,3
2410,12-07-2026,6
2411,07-08-2026,5
2412,29-06-2026,6
2415,07-05-2026,0
2415,11-06-2026,5
2420,10-05-2026,0
2420,17-05-2026,1
2420,31-05-2026,3
2420,07-06-2026,4
2420,12-07-2026,9
2420,30-08-2026,16
2421,22-05-2026,1
2421,17-07-2026,9
2423,05-06-2026,0
2423,19-06-2026,2
2424,02-06-2026,1
2427,05-04-2026,0
2427,12-04-2026,1
2427,19-04-2026,2
2427,26-04-2026,3
2427,17-05-2026,6
2427,24-05-2026,7
2427,05-07-2026,13
2427,26-07-2026,16
2428,14-04-2026,2
2428,12-05-2026,6
2428,19-05-2026,7
2430,27-08-2026,4
2431,05-06-2026,0
2431,12-06-2026,1
2432,16-07-2026,0
2432,13-08-2026,4
2434,24-03-2026,0
2434,31-03-2026,1
2434,21-04-2026,4
2434,19-05-2026,8
2434,02-06-2026,10
2435,25-05-2026,0
2435,15-06-2026,3
2435,03-08-2026,10
2436,08-03-2026,1
2437,29-03-2026,2
2437,05-04-2026,3
2437,12-04-2026,4
2437,10-05-2026,8
2437,31-05-2026,11
2438,07-06-2026,0
2438,14-06-2026,1
2438,21-06-2026,2
2438,26-07-2026,7
2438,30-08-2026,12
2439,05-06-2026,1
2439,12-06-2026,2
2439,19-06-2026,3
2439,03-07-2026,5
2439,07-08-2026,10
2440,18-06-2026,0
2440,02-07-2026,2
2440,16-07-2026,4
2440,20-08-2026,9
2440,27-08-2026,10
2442,14-04-2026,0
2442,09-06-2026,8
2442,16-06-2026,9
2443,01-06-2026,0
2443,22-06-2026,3
2443,27-07-2026,8
2444,24-06-2026,0
2444,01-07-2026,1
2444,15-07-2026,3
2444,22-07-2026,4
2444,12-08-2026,7
2445,19-05-2026,0
2445,09-06-2026,3
2446,12-07-2026,0
2446,02-08-2026,3
2446,09-08-2026,4
2448,13-08-2026,4
2448,20-08-2026,5
2449,17-06-2026,0
2451,09-07-2026,0
2451,16-07-2026,1
2451,30-07-2026,3
2451,13-08-2026,5
2452,18-07-2026,2
2452,15-08-2026,6
2452,22-08-2026,7
2453,08-06-2026,1
2453,27-07-2026,8
2453,17-08-2026,11
2453,24-08-2026,12
2454,02-07-2026,0
2454,30-07-2026,4
2455,30-03-2026,0
2455,18-05-2026,7
2455,15-06-2026,11
2456,19-08-2026,6
2458,14-03-2026,0
2458,21-03-2026,1
2458,28-03-2026,2
2458,18-04-2026,5
2458,25-04-2026,6
2459,07-04-2026,0
2459,28-07-2026,16
2459,11-08-2026,18
2460,13-06-2026,0
2460,27-06-2026,2
2462,13-03-2026,0
2462,03-04-2026,3
2462,24-04-2026,6
2462,26-06-2026,15
2463,16-03-2026,0
2463,23-03-2026,1
2465,08-05-2026,1
2465,15-05-2026,2
2465,29-05-2026,4
2465,26-06-2026,8
2465,17-07-2026,11
2465,07-08-2026,14
2467,19-07-2026,5
2469,02-06-2026,8
2469,28-07-2026,16
2470,04-06-2026,1
2470,18-06-2026,3
2471,16-06-2026,0
2471,07-07-2026,3
2471,21-07-2026,5
2472,20-07-2026,0
2472,03-08-2026,2
2472,10-08-2026,3
2473,29-06-2026,0
2473,06-07-2026,1
2473,20-07-2026,3
2474,30-04-2026,0
2474,07-05-2026,1
2474,14-05-2026,2
2474,28-05-2026,4
2474,04-06-2026,5
2474,18-06-2026,7
2475,25-04-2026,3
2475,09-05-2026,5
2479,07-06-2026,0
2479,05-07-2026,4
2479,09-08-2026,9
2484,08-06-2026,0
2484,15-06-2026,1
2485,18-05-2026,0
2488,17-05-2026,0
2488,24-05-2026,1
2488,14-06-2026,4
2488,28-06-2026,6
2490,21-06-2026,1
2490,28-06-2026,2
2490,12-07-2026,4
2490,23-08-2026,10
2492,11-03-2026,1
2492,18-03-2026,2
2492,22-04-2026,7
2494,19-07-2026,6
2494,26-07-2026,7
2494,02-08-2026,8
2494,23-08-2026,11
2495,15-05-2026,4
2495,03-07-2026,11
2495,10-07-2026,12
2496,30-03-2026,0
2496,13-04-2026,2
2496,20-04-2026,3
2496,04-05-2026,5
2496,11-05-2026,6
2498,06-06-2026,1
2498,13-06-2026,2
2499,02-04-2026,1
2499,09-04-2026,2
2499,16-04-2026,3
2499,30-04-2026,5
2499,21-05-2026,8
2501,30-06-2026,0
2501,07-07-2026,1
2501,14-07-2026,2
2501,28-07-2026,4
2502,17-07-2026,1
2503,17-06-2026,1
2504,05-07-2026,1
2504,12-07-2026,2
2504,02-08-2026,5
2505,05-04-2026,0
2505,19-04-2026,2
2505,03-05-2026,4
2505,10-05-2026,5
2505,17-05-2026,6
2505,24-05-2026,7
2506,13-05-2026,1
2506,01-07-2026,8
2508,19-05-2026,0
2508,09-06-2026,3
2508,23-06-2026,5
2508,07-07-2026,7
2508,28-07-2026,10
2509,17-05-2026,1
2509,24-05-2026,2
2509,07-06-2026,4
2510,29-05-2026,2
2510,24-07-2026,10
2510,07-08-2026,12
2511,04-03-2026,0
2511,11-03-2026,1
2511,18-03-2026,2
2511,25-03-2026,3
2511,01-04-2026,4
2511,08-04-2026,5
2511,29-04-2026,8
2512,11-07-2026,0
2513,17-06-2026,0
2513,24-06-2026,1
2513,08-07-2026,3
2513,26-08-2026,10
2515,21-03-2026,1
2515,28-03-2026,2
2515,18-04-2026,5
2517,26-06-2026,0
2517,17-07-2026,3
2517,24-07-2026,4
2517,21-08-2026,8
2518,07-07-2026,1
2518,14-07-2026,2
2518,21-07-2026,3
2519,22-04-2026,3
2519,20-05-2026,7
2519,22-07-2026,16
2520,18-04-2026,0
2520,02-05-2026,2
2520,30-05-2026,6
2521,13-07-2026,0
2521,24-08-2026,6
2523,09-05-2026,0
2523,23-05-2026,2
2523,27-06-2026,7
2529,08-06-2026,0
2529,15-06-2026,1
2529,22-06-2026,2
2530,23-04-2026,0
2530,30-04-2026,1
2530,14-05-2026,3
2531,17-04-2026,4
2531,24-04-2026,5
2532,30-07-2026,1
2532,27-08-2026,5
2533,13-04-2026,0
2533,20-04-2026,1
2533,27-04-2026,2
2533,25-05-2026,6
2533,29-06-2026,11
2534,10-07-2026,0
2534,07-08-2026,4
2534,14-08-2026,5
2534,28-08-2026,7
2535,28-07-2026,1
2535,11-08-2026,3
2535,25-08-2026,5
2536,27-07-2026,0
2536,17-08-2026,3
2538,09-06-2026,2
2538,04-08-2026,10
2539,08-04-2026,0
2539,15-04-2026,1
2539,22-04-2026,2
2539,29-04-2026,3
2539,03-06-2026,8
2539,19-08-2026,19
2540,31-05-2026,2
2542,17-07-2026,0
2542,31-07-2026,2
2542,07-08-2026,3
2542,21-08-2026,5
2543,20-03-2026,0
2543,27-03-2026,1
2544,20-05-2026,1
2545,19-07-2026,3
2545,26-07-2026,4
2546,10-06-2026,1
2546,24-06-2026,3
2549,03-03-2026,0
2549,10-03-2026,1
2549,17-03-2026,2
2549,24-03-2026,3
2549,31-03-2026,4
2549,21-04-2026,7
2550,11-04-2026,0
2550,02-05-2026,3
2550,13-06-2026,9
2551,18-05-2026,0
2551,25-05-2026,1
2551,08-06-2026,3
2552,26-04-2026,0
2552,10-05-2026,2
2553,17-03-2026,0
2554,02-03-2026,0
2554,23-03-2026,3
2554,06-04-2026,5
2554,20-04-2026,7
2554,25-05-2026,12
2554,01-06-2026,13
2555,26-04-2026,2
2555,03-05-2026,3
2555,26-07-2026,15
2557,02-06-2026,0
2557,09-06-2026,1
2557,07-07-2026,5
2557,14-07-2026,6
2558,24-05-2026,1
2558,14-06-2026,4
2558,26-07-2026,10
2559,28-07-2026,0
2560,05-05-2026,0
2561,05-07-2026,0
2562,05-05-2026,3
2562,12-05-2026,4
2563,28-04-2026,1
2566,27-03-2026,3
2567,22-06-2026,1
2567,29-06-2026,2
2567,27-07-2026,6
2568,16-05-2026,0
2568,13-06-2026,4
2568,11-07-2026,8
2569,30-05-2026,10
2571,05-05-2026,0
2573,21-03-2026,1
2573,28-03-2026,2
2576,23-06-2026,0
2576,14-07-2026,3
2576,18-08-2026,8
2577,12-03-2026,0
2577,26-03-2026,2
2577,09-04-2026,4
2577,11-06-2026,13
2579,09-04-2026,0
2579,16-04-2026,1
2579,30-04-2026,3
2579,14-05-2026,5
2579,21-05-2026,6
2579,09-07-2026,13
2581,29-07-2026,2
2581,05-08-2026,3
2581,26-08-2026,6
2583,11-06-2026,1
2583,23-07-2026,7
2585,03-07-2026,1
2587,19-04-2026,1
2587,10-05-2026,4
2587,28-06-2026,11
2588,15-04-2026,0
2590,26-05-2026,2
2591,09-05-2026,4
2592,13-05-2026,2
2592,01-07-2026,9
2593,21-07-2026,6
2594,17-08-2026,10
2595,08-03-2026,0
2595,15-03-2026,1
2595,22-03-2026,2
2595,24-05-2026,11
2598,27-07-2026,0
2599,19-06-2026,1
2599,31-07-2026,7
2601,12-07-2026,0
2601,09-08-2026,4
2601,16-08-2026,5
2602,16-05-2026,0
2602,23-05-2026,1
2602,06-06-2026,3
2602,27-06-2026,6
2604,06-08-2026,1
2604,20-08-2026,3
2606,29-07-2026,6
2607,31-05-2026,2
2607,19-07-2026,9
2608,08-04-2026,4
2608,27-05-2026,11
2610,26-04-2026,1
2610,03-05-2026,2
2610,17-05-2026,4
2610,05-07-2026,11
2611,10-03-2026,0
2611,31-03-2026,3
2612,07-07-2026,0
2612,14-07-2026,1
2612,28-07-2026,3
2612,04-08-2026,4
2612,25-08-2026,7
2614,12-06-2026,7
2614,10-07-2026,11
2615,25-05-2026,2
2615,01-06-2026,3
2615,08-06-2026,4
2615,20-07-2026,10
2617,14-04-2026,0
2617,21-07-2026,14
2618,27-05-2026,0
2619,17-05-2026,0
2620,28-06-2026,0
2620,12-07-2026,2
2622,13-04-2026,1
2622,20-04-2026,2
2622,27-04-2026,3
2624,09-06-2026,0
2624,16-06-2026,1
2624,30-06-2026,3
2624,21-07-2026,6
2624,04-08-2026,8
2626,07-04-2026,2
2626,05-05-2026,6
2626,09-06-2026,11
2626,07-07-2026,15
2627,29-06-2026,0
2627,27-07-2026,4
2627,17-08-2026,7
2628,15-06-2026,0
2628,29-06-2026,2
2628,13-07-2026,4
2629,28-04-2026,0
2629,05-05-2026,1
2629,12-05-2026,2
2629,02-06-2026,5
2630,14-05-2026,0
2630,21-05-2026,1
2630,04-06-2026,3
2630,09-07-2026,8
2631,02-06-2026,0
2631,09-06-2026,1
2631,23-06-2026,3
2632,25-08-2026,4
2635,09-05-2026,1
2636,21-06-2026,0
2636,05-07-2026,2
2636,12-07-2026,3
2636,26-07-2026,5
2639,16-04-2026,2
2639,30-04-2026,4
2639,07-05-2026,5
2639,21-05-2026,7
2639,04-06-2026,9
2639,02-07-2026,13
2640,25-03-2026,1
2640,15-04-2026,4
2641,20-04-2026,0
2642,30-05-2026,2
2643,24-07-2026,0
2643,31-07-2026,1
2643,07-08-2026,2
2644,10-05-2026,1
2644,24-05-2026,3
2644,14-06-2026,6
2646,27-06-2026,2
2646,15-08-2026,9
2647,24-06-2026,0
2647,29-07-2026,5
2647,19-08-2026,8
2648,04-05-2026,0
2648,18-05-2026,2
2648,25-05-2026,3
2648,29-06-2026,8
2649,21-03-2026,1
2649,04-04-2026,3
2649,11-04-2026,4
2650,20-07-2026,0
2650,03-08-2026,2
2651,05-07-2026,1
2651,12-07-2026,2
2651,19-07-2026,3
2651,09-08-2026,6
2652,13-05-2026,3
2652,27-05-2026,5
2652,29-07-2026,14
2653,03-04-2026,0
2653,17-04-2026,2
2653,12-06-2026,10
2653,03-07-2026,13
2654,16-07-2026,0
2654,30-07-2026,2
2654,13-08-2026,4
2657,08-05-2026,2
2657,15-05-2026,3
2657,03-07-2026,10
2658,03-07-2026,6
2659,22-07-2026,6
2659,12-08-2026,9
2660,07-06-2026,2
2660,14-06-2026,3
2661,19-03-2026,2
2661,02-04-2026,4
2661,23-04-2026,7
2661,21-05-2026,11
2662,25-03-2026,0
2662,15-04-2026,3
2663,04-05-2026,0
2663,11-05-2026,1
2663,18-05-2026,2
2663,13-07-2026,10
2666,27-06-2026,0
2666,11-07-2026,2
2666,18-07-2026,3
2666,25-07-2026,4
2666,01-08-2026,5
2667,01-05-2026,1
2667,08-05-2026,2
2667,29-05-2026,5
2667,26-06-2026,9
2668,28-07-2026,0
2668,11-08-2026,2
2668,25-08-2026,4
2669,05-05-2026,4
2669,02-06-2026,8
2672,17-06-2026,9
2672,19-08-2026,18
2674,17-04-2026,1
2674,24-04-2026,2
2674,01-05-2026,3
2674,08-05-2026,4
2674,03-07-2026,12
2677,27-07-2026,0
2677,03-08-2026,1
2677,10-08-2026,2
2677,24-08-2026,4
2678,30-05-2026,7
2679,12-05-2026,0
2679,19-05-2026,1
2680,18-05-2026,0
2681,05-08-2026,1
2682,04-05-2026,2
2682,25-05-2026,5
2683,25-06-2026,4
2684,06-07-2026,0
2684,10-08-2026,5
2687,31-05-2026,2
2687,23-08-2026,14
2688,31-05-2026,0
2688,21-06-2026,3
2688,28-06-2026,4
2688,12-07-2026,6
2688,19-07-2026,7
2689,05-03-2026,0
2689,12-03-2026,1
2689,19-03-2026,2
2689,09-04-2026,5
2689,23-04-2026,7
2689,04-06-2026,13
2690,04-07-2026,0
2690,18-07-2026,2
2690,25-07-2026,3
2690,08-08-2026,5
2690,29-08-2026,8
2691,04-05-2026,1
2691,18-05-2026,3
2691,25-05-2026,4
2691,01-06-2026,5
2692,20-05-2026,2
2692,24-06-2026,7
2694,28-07-2026,1
2694,04-08-2026,2
2695,17-06-2026,1
2695,08-07-2026,4
2695,29-07-2026,7
2696,08-05-2026,3
2696,15-05-2026,4
2699,27-04-2026,0
2699,08-06-2026,6
2699,20-07-2026,12
2700,18-03-2026,0
2700,25-03-2026,1
2700,22-04-2026,5
2700,20-05-2026,9
2700,10-06-2026,12
2700,01-07-2026,15
2701,22-04-2026,3
2701,29-04-2026,4
2705,08-04-2026,1
2705,22-04-2026,3
2705,03-06-2026,9
2709,19-03-2026,0
2709,02-04-2026,2
2709,23-04-2026,5
2709,30-04-2026,6
2709,04-06-2026,11
2711,20-04-2026,0
2711,27-04-2026,1
2711,04-05-2026,2
2711,22-06-2026,9
2711,06-07-2026,11
2714,19-05-2026,1
2715,27-07-2026,0
2715,03-08-2026,1
2716,03-05-2026,3
2716,07-06-2026,8
2717,01-06-2026,0
2717,08-06-2026,1
2717,20-07-2026,7
2718,09-03-2026,1
2718,06-04-2026,5
2718,04-05-2026,9
2718,11-05-2026,10
2718,15-06-2026,15
2719,05-06-2026,0
2719,12-06-2026,1
2719,17-07-2026,6
2720,25-06-2026,0
2722,02-04-2026,0
2722,23-04-2026,3
2722,11-06-2026,10
2723,26-07-2026,7
2723,09-08-2026,9
2724,31-05-2026,0
2724,14-06-2026,2
2724,21-06-2026,3
2724,28-06-2026,4
2724,26-07-2026,8
2725,08-04-2026,0
2725,15-04-2026,1
2725,22-04-2026,2
2725,20-05-2026,6
2726,23-04-2026,3
2726,04-06-2026,9
2727,19-07-2026,1
2728,20-05-2026,0
2728,17-06-2026,4
2729,08-08-2026,2
2730,11-05-2026,3
2730,08-06-2026,7
2730,22-06-2026,9
2731,09-03-2026,0
2731,25-05-2026,11
2732,17-08-2026,11
2733,25-07-2026,0
2733,01-08-2026,1
2734,28-04-2026,0
2734,09-06-2026,6
2734,16-06-2026,7
2734,30-06-2026,9
2735,17-05-2026,1
2735,24-05-2026,2
2735,14-06-2026,5
2735,05-07-2026,8
2739,18-07-2026,0
2739,01-08-2026,2
2739,22-08-2026,5
2741,18-03-2026,0
2741,25-03-2026,1
2741,22-04-2026,5
2741,03-06-2026,11
2742,09-04-2026,0
2742,16-04-2026,1
2742,11-06-2026,9
2742,18-06-2026,10
2743,07-06-2026,0
2743,14-06-2026,1
2743,28-06-2026,3
2744,24-04-2026,0
2746,01-07-2026,0
2746,22-07-2026,3
2748,10-03-2026,1
2748,17-03-2026,2
2748,31-03-2026,4
2748,19-05-2026,11
2749,17-06-2026,0
2749,08-07-2026,3
2749,29-07-2026,6
2751,02-07-2026,3
2751,16-07-2026,5
2751,30-07-2026,7
2753,07-04-2026,3
2753,14-04-2026,4
2753,21-04-2026,5
2753,19-05-2026,9
2753,26-05-2026,10
2755,22-06-2026,0
2755,27-07-2026,5
2757,23-07-2026,0
2758,25-06-2026,1
2758,16-07-2026,4
2760,08-05-2026,0
2760,29-05-2026,3
2760,10-07-2026,9
2761,15-08-2026,4
2761,22-08-2026,5
2763,15-06-2026,0
2763,22-06-2026,1
2763,27-07-2026,6
2767,27-07-2026,1
2767,10-08-2026,3
2773,01-07-2026,0
2773,08-07-2026,1
2773,15-07-2026,2
2773,12-08-2026,6
2774,05-07-2026,0
2774,16-08-2026,6
2775,29-06-2026,1
2775,06-07-2026,2
2775,13-07-2026,3
2775,20-07-2026,4
2778,04-03-2026,0
2778,13-05-2026,10
2779,19-06-2026,4
2779,24-07-2026,9
2779,31-07-2026,10
2786,28-03-2026,0
2786,11-04-2026,2
2786,02-05-2026,5
2788,26-06-2026,3
2788,31-07-2026,8
2789,16-03-2026,0
2789,23-03-2026,1
2789,27-04-2026,6
2789,18-05-2026,9
2789,25-05-2026,10
2791,22-04-2026,0
2791,29-04-2026,1
2791,13-05-2026,3
2791,03-06-2026,6
2791,15-07-2026,12
2793,12-06-2026,2
2794,17-04-2026,2
2794,01-05-2026,4
2794,22-05-2026,7
2795,08-07-2026,0
2796,21-03-2026,0
2796,25-04-2026,5
2796,20-06-2026,13
2799,14-03-2026,1
2799,21-03-2026,2
2800,07-05-2026,0
2800,28-05-2026,3
2801,10-06-2026,3
2802,05-07-2026,2
2802,26-07-2026,5
2803,29-04-2026,1
2803,20-05-2026,4
2803,08-07-2026,11
2804,07-06-2026,12
2804,21-06-2026,14
2807,12-08-2026,3
2807,19-08-2026,4
2808,15-08-2026,11
2809,16-03-2026,0
2809,30-03-2026,2
2809,06-04-2026,3
2809,13-04-2026,4
2809,27-04-2026,6
2811,07-06-2026,0
2811,14-06-2026,1
2811,21-06-2026,2
2811,28-06-2026,3
2812,24-07-2026,0
2814,13-04-2026,0
2814,11-05-2026,4
2814,18-05-2026,5
2814,25-05-2026,6
2814,22-06-2026,10
2815,10-05-2026,0
2815,24-05-2026,2
2815,07-06-2026,4
2815,09-08-2026,13
2817,16-06-2026,0
2817,23-06-2026,1
2818,02-06-2026,6
2818,09-06-2026,7
2819,02-08-2026,1
2820,01-04-2026,1
2820,15-04-2026,3
2820,08-07-2026,15
2820,29-07-2026,18
2821,23-04-2026,0
2821,21-05-2026,4
2822,14-04-2026,1
2822,21-04-2026,2
2822,05-05-2026,4
2822,07-07-2026,13
2824,01-04-2026,1
2824,08-04-2026,2
2824,15-04-2026,3
2824,08-07-2026,15
2825,06-04-2026,0
2825,13-04-2026,1
2825,20-04-2026,2
2825,27-07-2026,16
2826,29-05-2026,0
2826,05-06-2026,1
2826,26-06-2026,4
2826,03-07-2026,5
2826,24-07-2026,8
2827,12-05-2026,1
2827,19-05-2026,2
2827,02-06-2026,4
2828,22-05-2026,3
2828,12-06-2026,6
2828,19-06-2026,7
2829,18-06-2026,0
2829,25-06-2026,1
2829,02-07-2026,2
2829,23-07-2026,5
2829,06-08-2026,7
2829,13-08-2026,8
2830,03-04-2026,0
2830,10-04-2026,1
2830,17-04-2026,2
2831,09-03-2026,0
2831,16-03-2026,1
2831,13-04-2026,5
2834,03-03-2026,0
2834,10-03-2026,1
2834,31-03-2026,4
2834,12-05-2026,10
2835,13-03-2026,0
2835,03-04-2026,3
2836,22-04-2026,1
2837,08-03-2026,0
2837,15-03-2026,1
2837,29-03-2026,3
2837,26-04-2026,7
2838,16-05-2026,1
2838,06-06-2026,4
2838,13-06-2026,5
2838,27-06-2026,7
2838,11-07-2026,9
2839,28-07-2026,0
2839,04-08-2026,1
2839,25-08-2026,4
2841,06-03-2026,0
2841,24-04-2026,7
2841,10-07-2026,18
2842,01-05-2026,7
2842,05-06-2026,12
2844,07-05-2026,1
2844,14-05-2026,2
2844,21-05-2026,3
2844,04-06-2026,5
2844,13-08-2026,15
2845,09-07-2026,0
2845,16-07-2026,1
2845,06-08-2026,4
2846,26-04-2026,1
2846,10-05-2026,3
2846,17-05-2026,4
2846,31-05-2026,6
2847,31-07-2026,0
2847,07-08-2026,1
2847,14-08-2026,2
2847,21-08-2026,3
2848,08-07-2026,2
2849,01-07-2026,8
2854,11-05-2026,0
2854,17-08-2026,14
2856,14-05-2026,1
2857,09-03-2026,0
2857,16-03-2026,1
2857,30-03-2026,3
2857,04-05-2026,8
2858,08-06-2026,0
2859,16-05-2026,0
2859,23-05-2026,1
2859,13-06-2026,4
2859,04-07-2026,7
2860,02-08-2026,1
2860,23-08-2026,4
2861,19-05-2026,1
2861,02-06-2026,3
2861,21-07-2026,10
2863,18-04-2026,4
2863,25-04-2026,5
2863,30-05-2026,10
2863,06-06-2026,11
2864,14-03-2026,0
2864,28-03-2026,2
2864,16-05-2026,9
2866,29-05-2026,3
2866,24-07-2026,11
2866,31-07-2026,12
2867,03-06-2026,1
2867,10-06-2026,2
2867,19-08-2026,12
2868,30-04-2026,1
2868,07-05-2026,2
2868,14-05-2026,3
2868,25-06-2026,9
2869,19-03-2026,2
2869,02-04-2026,4
2869,16-04-2026,6
2870,17-06-2026,3
2870,29-07-2026,9
2871,01-08-2026,8
2872,15-07-2026,5
2873,22-04-2026,2
2873,27-05-2026,7
2874,28-04-2026,0
2874,12-05-2026,2
2875,17-06-2026,2
2877,25-05-2026,1
2877,15-06-2026,4
2877,22-06-2026,5
2877,13-07-2026,8
2880,17-06-2026,0
2882,15-07-2026,0
2882,29-07-2026,2
2882,12-08-2026,4
2882,26-08-2026,6
2883,14-07-2026,0
2883,11-08-2026,4
2884,23-05-2026,0
2884,06-06-2026,2
2884,22-08-2026,13
2885,30-07-2026,2
2886,23-03-2026,1
2886,11-05-2026,8
2886,18-05-2026,9
2886,01-06-2026,11
2888,30-03-2026,0
2888,06-04-2026,1
2888,13-04-2026,2
2888,27-04-2026,4
2888,11-05-2026,6
2888,25-05-2026,8
2888,13-07-2026,15
2889,10-06-2026,1
2889,01-07-2026,4
2889,08-07-2026,5
2893,28-04-2026,0
2893,12-05-2026,2
2893,19-05-2026,3
2893,09-06-2026,6
2898,19-03-2026,2
2898,07-05-2026,9
2898,28-05-2026,12
2899,13-03-2026,0
2899,08-05-2026,8
2899,15-05-2026,9
2900,27-06-2026,9
2902,06-05-2026,0
2902,20-05-2026,2
2902,17-06-2026,6
2903,19-07-2026,5
2904,17-05-2026,1
2904,24-05-2026,2
2905,30-07-2026,0
2905,20-08-2026,3
2905,27-08-2026,4
2906,03-04-2026,1
2907,08-05-2026,0
2907,22-05-2026,2
2908,26-06-2026,1
2908,10-07-2026,3
2908,17-07-2026,4
2908,24-07-2026,5
2910,07-04-2026,0
2910,21-04-2026,2
2910,05-05-2026,4
2912,13-05-2026,5
2912,08-07-2026,13
2912,15-07-2026,14
2916,06-07-2026,1
2917,15-07-2026,2
2917,22-07-2026,3
2917,29-07-2026,4
2917,19-08-2026,7
2919,15-05-2026,0
2919,12-06-2026,4
2919,28-08-2026,15
2921,03-04-2026,0
2921,17-04-2026,2
2921,24-04-2026,3
2922,01-05-2026,4
2922,22-05-2026,7
2923,16-05-2026,0
2923,11-07-2026,8
2926,26-06-2026,8
2926,07-08-2026,14
2928,04-06-2026,4
2932,30-06-2026,0
2932,07-07-2026,1
2932,04-08-2026,5
2934,09-05-2026,8
2934,27-06-2026,15
2937,29-07-2026,1
2937,19-08-2026,4
2938,02-04-2026,0
2938,09-04-2026,1
2938,11-06-2026,10
2940,18-03-2026,0
2940,22-04-2026,5
2940,06-05-2026,7
2941,10-05-2026,1
2941,17-05-2026,2
2941,24-05-2026,3
2941,31-05-2026,4
2941,07-06-2026,5
2941,05-07-2026,9
2941,26-07-2026,12
2943,13-06-2026,2
2943,27-06-2026,4
2943,11-07-2026,6
2943,08-08-2026,10
2944,03-07-2026,5
2944,17-07-2026,7
2944,14-08-2026,11
2945,29-04-2026,0
2945,27-05-2026,4
2947,11-06-2026,0
2947,30-07-2026,7
2948,31-03-2026,0
2948,11-08-2026,19
2949,15-08-2026,9
2950,14-06-2026,0
2950,28-06-2026,2
2950,05-07-2026,3
2950,26-07-2026,6
2951,16-04-2026,5
2951,07-05-2026,8
2951,11-06-2026,13
2952,21-05-2026,0
2953,31-03-2026,0
2953,07-04-2026,1
2953,21-04-2026,3
2953,12-05-2026,6
2953,02-06-2026,9
2956,19-07-2026,0
2956,23-08-2026,5
2957,17-06-2026,4
2958,11-04-2026,1
2958,18-04-2026,2
2958,25-04-2026,3
2959,31-05-2026,0
2959,14-06-2026,2
2959,21-06-2026,3
2959,12-07-2026,6
2959,19-07-2026,7
2959,26-07-2026,8
2961,11-08-2026,2
2963,18-04-2026,0
2963,25-04-2026,1
2963,02-05-2026,2
2963,09-05-2026,3
2963,30-05-2026,6
2966,20-06-2026,6
2966,18-07-2026,10
2966,25-07-2026,11
2967,04-05-2026,2
2967,18-05-2026,4
2967,25-05-2026,5
2967,10-08-2026,16
2970,21-04-2026,6
2970,05-05-2026,8
2970,19-05-2026,10
2970,14-07-2026,18
2971,31-07-2026,0
2971,07-08-2026,1
2971,14-08-2026,2
2973,07-06-2026,0
2974,08-07-2026,1
2974,15-07-2026,2
2975,16-07-2026,3
2978,14-03-2026,1
2978,21-03-2026,2
2978,28-03-2026,3
2980,28-06-2026,5
2980,12-07-2026,7
2981,05-03-2026,0
2981,02-04-2026,4
2981,23-04-2026,7
2981,30-04-2026,8
2983,30-03-2026,1
2983,06-04-2026,2
2983,11-05-2026,7
2983,25-05-2026,9
2983,08-06-2026,11
2983,29-06-2026,14
2985,15-06-2026,0
2985,29-06-2026,2
2985,13-07-2026,4
2985,27-07-2026,6
2986,19-05-2026,0
2986,09-06-2026,3
2986,21-07-2026,9
2988,28-04-2026,1
2988,12-05-2026,3
2988,02-06-2026,6
2988,16-06-2026,8
2988,11-08-2026,16
2990,10-06-2026,0
2990,17-06-2026,1
2990,19-08-2026,10
2991,06-04-2026,0
2991,20-04-2026,2
2993,12-06-2026,0
2993,07-08-2026,8
2994,04-08-2026,2
2994,11-08-2026,3
2995,12-06-2026,1
2995,26-06-2026,3
2995,10-07-2026,5
2996,30-07-2026,3
2996,20-08-2026,6
2997,01-04-2026,2
2997,13-05-2026,8
2997,27-05-2026,10
2997,03-06-2026,11
2998,07-07-2026,0
2998,21-07-2026,2
2998,28-07-2026,3
2999,24-07-2026,5
3000,21-06-2026,5
3001,19-04-2026,0
3001,26-04-2026,1
3001,10-05-2026,3
3001,24-05-2026,5
3001,09-08-2026,16
3001,23-08-2026,18
3002,07-04-2026,3
3002,21-04-2026,5
3004,05-06-2026,4
3006,05-08-2026,4
3007,17-06-2026,0
3007,15-07-2026,4
3008,10-07-2026,1
3008,17-07-2026,2
3009,15-03-2026,1
3009,19-04-2026,6
3011,11-03-2026,0
3011,18-03-2026,1
3011,25-03-2026,2
3011,01-04-2026,3
3011,08-04-2026,4
3012,24-06-2026,1
3012,01-07-2026,2
3012,15-07-2026,4
3012,22-07-2026,5
3012,12-08-2026,8
3014,21-03-2026,0
3014,04-04-2026,2
3014,11-04-2026,3
3014,02-05-2026,6
3014,06-06-2026,11
3016,07-04-2026,0
3016,14-04-2026,1
3016,26-05-2026,7
3016,30-06-2026,12
3017,03-06-2026,0
3017,10-06-2026,1
3017,08-07-2026,5
3017,15-07-2026,6
3017,22-07-2026,7
3017,12-08-2026,10
3017,19-08-2026,11
3018,30-03-2026,0
3019,13-05-2026,2
3019,20-05-2026,3
3019,27-05-2026,4
3019,03-06-2026,5
3019,01-07-2026,9
3020,17-06-2026,1
3020,01-07-2026,3
3022,15-03-2026,0
3024,24-06-2026,2
3025,15-04-2026,0
3025,22-04-2026,1
3025,29-04-2026,2
3025,06-05-2026,3
3027,11-04-2026,0
3027,18-04-2026,1
3027,06-06-2026,8
3028,01-07-2026,1
3029,21-06-2026,0
3029,09-08-2026,7
3030,17-05-2026,0
3030,31-05-2026,2
3032,30-05-2026,2
3034,05-04-2026,2
3034,12-04-2026,3
3034,26-04-2026,5
3035,29-07-2026,0
3035,12-08-2026,2
3036,29-03-2026,0
3036,12-04-2026,2
3036,10-05-2026,6
3037,22-05-2026,0
3037,29-05-2026,1
3037,05-06-2026,2
3037,12-06-2026,3
3037,19-06-2026,4
3037,24-07-2026,9
3039,30-07-2026,1
3039,27-08-2026,5
3040,25-03-2026,1
3041,28-04-2026,1
3041,05-05-2026,2
3041,19-05-2026,4
3042,09-04-2026,0
3042,16-04-2026,1
3042,30-04-2026,3
3042,21-05-2026,6
3042,04-06-2026,8
3044,08-06-2026,0
3044,13-07-2026,5
3044,20-07-2026,6
3044,17-08-2026,10
3045,11-04-2026,2
3045,13-06-2026,11
3046,10-05-2026,0
3046,24-05-2026,2
3046,31-05-2026,3
3046,07-06-2026,4
3046,14-06-2026,5
3047,17-05-2026,0
3048,07-07-2026,1
3048,25-08-2026,8
3049,31-07-2026,0
3049,07-08-2026,1
3049,28-08-2026,4
3050,19-03-2026,1
3050,26-03-2026,2
3050,16-04-2026,5
3050,14-05-2026,9
3053,22-05-2026,0
3053,10-07-2026,7
3055,28-06-2026,2
3056,24-03-2026,0
3056,07-04-2026,2
3057,09-08-2026,2
3058,24-08-2026,4
3060,03-05-2026,0
3060,05-07-2026,9
3060,23-08-2026,16
3062,10-03-2026,0
3062,14-04-2026,5
3063,05-08-2026,4
3063,12-08-2026,5
3064,19-06-2026,0
3064,24-07-2026,5
3066,07-04-2026,2
3066,14-04-2026,3
3066,04-08-2026,19
3067,26-07-2026,14
3068,24-05-2026,0
3068,31-05-2026,1
3068,05-07-2026,6
3070,17-06-2026,0
3070,24-06-2026,1
3070,05-08-2026,7
3070,12-08-2026,8
3071,18-04-2026,1
3071,25-04-2026,2
3073,17-05-2026,1
3073,31-05-2026,3
3073,07-06-2026,4
3073,28-06-2026,7
3074,25-04-2026,0
3074,09-05-2026,2
3074,16-05-2026,3
3075,25-07-2026,2
3076,04-03-2026,0
3076,18-03-2026,2
3076,01-04-2026,4
3077,04-04-2026,0
3077,11-04-2026,1
3077,09-05-2026,5
3077,16-05-2026,6
3077,04-07-2026,13
3078,29-06-2026,1
3080,10-03-2026,0
3080,17-03-2026,1
3080,24-03-2026,2
3081,19-05-2026,1
3081,16-06-2026,5
3082,13-03-2026,0
3082,27-03-2026,2
3082,08-05-2026,8
3085,06-06-2026,8
3086,17-05-2026,3
3086,31-05-2026,5
3086,19-07-2026,12
3087,23-03-2026,0
3087,30-03-2026,1
3088,13-05-2026,1
3088,05-08-2026,13
3089,02-05-2026,6
3090,01-07-2026,0
3090,08-07-2026,1
3090,22-07-2026,3
3090,05-08-2026,5
3090,19-08-2026,7
3091,03-05-2026,6
3091,24-05-2026,9
3092,07-05-2026,3
3093,01-03-2026,0
3093,22-03-2026,3
3093,05-04-2026,5
3093,03-05-2026,9
3094,31-05-2026,6
3095,23-05-2026,0
3095,30-05-2026,1
3095,20-06-2026,4
3095,27-06-2026,5
3095,11-07-2026,7
3095,01-08-2026,10
3095,08-08-2026,11
3096,02-04-2026,1
3096,09-04-2026,2
3096,16-04-2026,3
3100,04-06-2026,0
3100,06-08-2026,9
3101,23-03-2026,2
3101,13-04-2026,5
3102,29-06-2026,0
3102,06-07-2026,1
3102,13-07-2026,2
3103,10-03-2026,0
3103,24-03-2026,2
3104,18-07-2026,0
3104,01-08-2026,2
3105,20-05-2026,2
3105,03-06-2026,4
3106,19-04-2026,0
3106,26-04-2026,1
3107,28-07-2026,0
3107,11-08-2026,2
3107,18-08-2026,3
3108,27-06-2026,0
3108,04-07-2026,1
3108,11-07-2026,2
3108,25-07-2026,4
3109,01-05-2026,1
3109,15-05-2026,3
3109,26-06-2026,9
3109,17-07-2026,12
3111,02-04-2026,2
3111,30-04-2026,6
3111,14-05-2026,8
3112,31-03-2026,3
3112,14-04-2026,5
3112,21-04-2026,6
3112,23-06-2026,15
3113,05-06-2026,0
3114,05-04-2026,1
3114,19-04-2026,3
3115,29-05-2026,2
3115,12-06-2026,4
3115,07-08-2026,12
3116,24-04-2026,7
3116,01-05-2026,8
3117,17-04-2026,1
3117,24-04-2026,2
3117,01-05-2026,3
3118,21-07-2026,0
3118,28-07-2026,1
3118,04-08-2026,2
3119,31-07-2026,3
3119,14-08-2026,5
3120,05-04-2026,3
3120,17-05-2026,9
3121,29-04-2026,0
3122,21-07-2026,1
3122,28-07-2026,2
3122,11-08-2026,4
3123,24-07-2026,0
3123,31-07-2026,1
3128,16-07-2026,0
3128,23-07-2026,1
3128,06-08-2026,3
3129,03-03-2026,0
3129,10-03-2026,1
3129,14-04-2026,6
3130,24-06-2026,0
3130,08-07-2026,2
3130,29-07-2026,5
3131,27-08-2026,8
3132,04-07-2026,1
3134,14-05-2026,0
3134,04-06-2026,3
3134,09-07-2026,8
3134,23-07-2026,10
3135,11-07-2026,1
3135,18-07-2026,2
3135,15-08-2026,6
3135,22-08-2026,7
3136,02-07-2026,2
3136,09-07-2026,3
3139,01-04-2026,0
3139,15-04-2026,2
3139,29-04-2026,4
3139,13-05-2026,6
3140,07-05-2026,0
3140,18-06-2026,6
3140,25-06-2026,7
3141,15-06-2026,0
3141,22-06-2026,1
3141,29-06-2026,2
3141,06-07-2026,3
3141,27-07-2026,6
3141,03-08-2026,7
3141,10-08-2026,8
3143,16-07-2026,3
3143,30-07-2026,5
3146,30-05-2026,7
3146,25-07-2026,15
3147,10-03-2026,0
3147,24-03-2026,2
3147,14-04-2026,5
3148,14-04-2026,4
3148,05-05-2026,7
3150,11-07-2026,0
3151,30-03-2026,0
3151,18-05-2026,7
3151,06-07-2026,14
3154,10-07-2026,4
3157,01-05-2026,0
3157,15-05-2026,2
3157,05-06-2026,5
3158,04-05-2026,1
3158,11-05-2026,2
3158,25-05-2026,4
3158,01-06-2026,5
3158,08-06-2026,6
3158,20-07-2026,12
3159,12-04-2026,2
3159,19-04-2026,3
3159,10-05-2026,6
3160,18-06-2026,7
3160,02-07-2026,9
3160,16-07-2026,11
3161,12-04-2026,4
3161,26-04-2026,6
3161,10-05-2026,8
3162,27-04-2026,1
3162,18-05-2026,4
3163,04-04-2026,0
3163,11-04-2026,1
3163,25-04-2026,3
3163,02-05-2026,4
3163,06-06-2026,9
3163,27-06-2026,12
3164,25-03-2026,0
3167,15-07-2026,0
3167,29-07-2026,2
3167,12-08-2026,4
3167,26-08-2026,6
3168,08-04-2026,0
3168,15-04-2026,1
3168,22-04-2026,2
3168,29-04-2026,3
3168,06-05-2026,4
3168,20-05-2026,6
3168,08-07-2026,13
3169,11-07-2026,3
3172,29-04-2026,5
3172,27-05-2026,9
3173,22-05-2026,1
3173,05-06-2026,3
3173,26-06-2026,6
3174,20-07-2026,0
3174,27-07-2026,1
3174,17-08-2026,4
3175,21-06-2026,0
3175,28-06-2026,1
3175,02-08-2026,6
3177,05-04-2026,4
3179,05-08-2026,1
3179,19-08-2026,3
3180,25-05-2026,2
3180,20-07-2026,10
3180,17-08-2026,14
3181,03-04-2026,3
3182,15-06-2026,0
3182,06-07-2026,3
3183,10-04-2026,0
3183,17-04-2026,1
3183,24-04-2026,2
3183,22-05-2026,6
3185,09-08-2026,3
3186,25-07-2026,1
3186,08-08-2026,3
3187,02-05-2026,0
3188,17-06-2026,0
3188,24-06-2026,1
3188,01-07-2026,2
3188,22-07-2026,5
3188,29-07-2026,6
3188,05-08-2026,7
3190,10-04-2026,2
3190,24-04-2026,4
3190,05-06-2026,10
3191,04-03-2026,0
3191,08-04-2026,5
3191,20-05-2026,11
3191,24-06-2026,16
3192,03-04-2026,0
3192,10-04-2026,1
3192,17-04-2026,2
3192,01-05-2026,4
3192,15-05-2026,6
3193,18-04-2026,0
3193,25-04-2026,1
3193,02-05-2026,2
3193,09-05-2026,3
3193,16-05-2026,4
3193,06-06-2026,7
3194,06-06-2026,0
3194,27-06-2026,3
3194,04-07-2026,4
3194,15-08-2026,10
3196,28-06-2026,0
3196,05-07-2026,1
3196,16-08-2026,7
3197,21-07-2026,0
3198,18-06-2026,0
3198,02-07-2026,2
3198,30-07-2026,6
3199,11-06-2026,1
3199,23-07-2026,7
3201,08-08-2026,5
3202,19-04-2026,0
3202,10-05-2026,3
3203,14-06-2026,1
3203,21-06-2026,2
3203,28-06-2026,3
3204,25-04-2026,2
3204,02-05-2026,3
3204,23-05-2026,6
3204,11-07-2026,13
3206,25-06-2026,2
3206,16-07-2026,5
3206,30-07-2026,7
3207,11-06-2026,14
3209,09-05-2026,0
3209,06-06-2026,4
3209,27-06-2026,7
3209,01-08-2026,12
3211,28-04-2026,1
3211,05-05-2026,2
3211,12-05-2026,3
3211,09-06-2026,7
3211,23-06-2026,9
3211,28-07-2026,14
3214,14-03-2026,1
3215,01-07-2026,1
3215,12-08-2026,7
3217,22-06-2026,0
3217,29-06-2026,1
3217,06-07-2026,2
3218,26-07-2026,9
3219,06-04-2026,1
3219,20-04-2026,3
3219,27-04-2026,4
3220,01-06-2026,0
3220,15-06-2026,2
3220,29-06-2026,4
3221,14-06-2026,0
3221,21-06-2026,1
3221,28-06-2026,2
3221,05-07-2026,3
3221,02-08-2026,7
3226,21-05-2026,1
3226,28-05-2026,2
3226,18-06-2026,5
3226,16-07-2026,9
3226,06-08-2026,12
3227,16-03-2026,0
3227,23-03-2026,1
3227,30-03-2026,2
3227,06-04-2026,3
3227,11-05-2026,8
3227,25-05-2026,10
3231,20-04-2026,0
3232,16-07-2026,2
3232,30-07-2026,4
3234,15-06-2026,13
3235,28-05-2026,4
3235,11-06-2026,6
3235,02-07-2026,9
3235,30-07-2026,13
3235,06-08-2026,14
3236,26-03-2026,3
3236,16-07-2026,19
3237,22-05-2026,6
3241,21-05-2026,0
3241,28-05-2026,1
3241,11-06-2026,3
3241,18-06-2026,4
3241,30-07-2026,10
3242,20-05-2026,0
3242,01-07-2026,6
3242,05-08-2026,11
3242,19-08-2026,13
3243,12-06-2026,0
3243,19-06-2026,1
3243,03-07-2026,3
3243,31-07-2026,7
3243,14-08-2026,9
3243,21-08-2026,10
3245,27-06-2026,0
3245,29-08-2026,9
3246,23-04-2026,0
3246,30-04-2026,1
3247,02-05-2026,2
3248,07-04-2026,5
3248,21-04-2026,7
3248,05-05-2026,9
3249,29-06-2026,1
3251,01-08-2026,1
3253,04-04-2026,0
3253,18-04-2026,2
3253,25-04-2026,3
3253,23-05-2026,7
3253,25-07-2026,16
3255,02-03-2026,0
3255,09-03-2026,1
3255,15-06-2026,15
3257,02-07-2026,0
3257,09-07-2026,1
3257,16-07-2026,2
3257,30-07-2026,4
3257,13-08-2026,6
3260,29-04-2026,0
3260,24-06-2026,8
3261,27-05-2026,2
3262,05-07-2026,1
3264,16-06-2026,0
3264,23-06-2026,1
3264,28-07-2026,6
3264,04-08-2026,7
3265,17-03-2026,2
3265,14-04-2026,6
3266,13-06-2026,1
3266,20-06-2026,2
3266,11-07-2026,5
3266,18-07-2026,6
3266,25-07-2026,7
3268,16-06-2026,3
3268,07-07-2026,6
3268,14-07-2026,7
3268,21-07-2026,8
3268,04-08-2026,10
3270,14-05-2026,0
3270,21-05-2026,1
3270,28-05-2026,2
3270,11-06-2026,4
3271,29-05-2026,1
3271,10-07-2026,7
3271,17-07-2026,8
3271,21-08-2026,13
3272,04-06-2026,0
3272,11-06-2026,1
3272,18-06-2026,2
3274,18-06-2026,4
3274,25-06-2026,5
3274,23-07-2026,9
3275,26-04-2026,0
3275,17-05-2026,3
3275,24-05-2026,4
3275,07-06-2026,6
3275,21-06-2026,8
3277,10-04-2026,0
3277,08-05-2026,4
3277,22-05-2026,6
3277,05-06-2026,8
3277,10-07-2026,13
3281,06-06-2026,1
3281,27-06-2026,4
3281,04-07-2026,5
3281,25-07-2026,8
3283,01-07-2026,1
3283,08-07-2026,2
3283,15-07-2026,3
3284,26-03-2026,0
3284,02-04-2026,1
3284,09-04-2026,2
3284,16-04-2026,3
3284,02-07-2026,14
3285,28-06-2026,1
3285,19-07-2026,4
3287,14-03-2026,0
3287,21-03-2026,1
3287,28-03-2026,2
3287,16-05-2026,9
3287,13-06-2026,13
3287,20-06-2026,14
3288,10-08-2026,2
3290,19-05-2026,0
3290,26-05-2026,1
3290,30-06-2026,6
3294,27-06-2026,1
3294,04-07-2026,2
3294,11-07-2026,3
3294,18-07-2026,4
3294,25-07-2026,5
3294,01-08-2026,6
3295,10-03-2026,1
3295,24-03-2026,3
3295,19-05-2026,11
3296,08-06-2026,8
3297,30-03-2026,0
3297,06-04-2026,1
3297,20-04-2026,3
3297,27-04-2026,4
3297,29-06-2026,13
3298,17-07-2026,3
3301,02-04-2026,1
3301,23-04-2026,4
3301,30-04-2026,5
3302,05-08-2026,1
3302,12-08-2026,2
3303,21-06-2026,0
3304,24-07-2026,0
3304,31-07-2026,1
3304,07-08-2026,2
3304,14-08-2026,3
3305,04-04-2026,0
3305,18-04-2026,2
3305,06-06-2026,9
3306,30-04-2026,0
3306,28-05-2026,4
3306,04-06-2026,5
3307,27-07-2026,2
3307,03-08-2026,3
3309,06-04-2026,4
3309,20-04-2026,6
3309,04-05-2026,8
3310,02-03-2026,0
3310,16-03-2026,2
3310,27-04-2026,8
3310,18-05-2026,11
3310,01-06-2026,13
3312,28-06-2026,0
3312,05-07-2026,1
3312,12-07-2026,2
3312,19-07-2026,3
3315,27-04-2026,0
3315,04-05-2026,1
3315,11-05-2026,2
3315,18-05-2026,3
3315,01-06-2026,5
3315,08-06-2026,6
3315,29-06-2026,9
3316,04-05-2026,2
3316,01-06-2026,6
3316,10-08-2026,16
3317,22-05-2026,2
3317,29-05-2026,3
3317,12-06-2026,5
3318,31-03-2026,2
3318,14-04-2026,4
3319,23-04-2026,0
3319,07-05-2026,2
3319,13-08-2026,16
3320,11-03-2026,1
3321,05-08-2026,1
3321,19-08-2026,3
3322,26-05-2026,1
3322,02-06-2026,2
3322,09-06-2026,3
3322,16-06-2026,4
3324,23-07-2026,1
3324,06-08-2026,3
3327,30-03-2026,0
3327,06-04-2026,1
3327,20-04-2026,3
3327,27-04-2026,4
3329,01-06-2026,0
3329,08-06-2026,1
3329,22-06-2026,3
3329,20-07-2026,7
3330,25-06-2026,3
3330,02-07-2026,4
3331,13-04-2026,4
3331,08-06-2026,12
3332,09-04-2026,0
3332,23-04-2026,2
3332,30-04-2026,3
3332,11-06-2026,9
3333,13-05-2026,1
3333,20-05-2026,2
3333,24-06-2026,7
3334,28-06-2026,2
3334,05-07-2026,3
3334,12-07-2026,4
3334,23-08-2026,10
3335,26-03-2026,0
3335,02-04-2026,1
3335,16-04-2026,3
3337,16-07-2026,0
3337,30-07-2026,2
3337,06-08-2026,3
3337,13-08-2026,4
3338,02-08-2026,7
3340,14-03-2026,0
3341,14-03-2026,0
3341,11-04-2026,4
3341,25-07-2026,19
3342,28-04-2026,0
3342,12-05-2026,2
3342,26-05-2026,4
3343,12-07-2026,1
3343,26-07-2026,3
3343,02-08-2026,4
3344,28-05-2026,0
3344,11-06-2026,2
3344,27-08-2026,13
3345,07-05-2026,0
3345,21-05-2026,2
3347,12-04-2026,1
3347,24-05-2026,7
3350,30-05-2026,1
3350,11-07-2026,7
3351,19-07-2026,0
3351,26-07-2026,1
3351,09-08-2026,3
3351,16-08-2026,4
3352,22-05-2026,0
3352,05-06-2026,2
3352,10-07-2026,7
3352,24-07-2026,9
3353,10-03-2026,1
3353,17-03-2026,2
3353,24-03-2026,3
3353,28-04-2026,8
3354,20-05-2026,0
3354,27-05-2026,1
3354,22-07-2026,9
3356,07-04-2026,2
3358,20-07-2026,0
3358,27-07-2026,1
3358,03-08-2026,2
3359,20-03-2026,1
3359,17-04-2026,5
3361,20-06-2026,0
3361,27-06-2026,1
3361,04-07-2026,2
3363,24-06-2026,4
3363,29-07-2026,9
3364,22-03-2026,0
3364,29-03-2026,1
3364,26-04-2026,5
3364,10-05-2026,7
3364,31-05-2026,10
3366,25-04-2026,2
3366,02-05-2026,3
3366,30-05-2026,7
3366,06-06-2026,8
3368,18-06-2026,3
3368,25-06-2026,4
3368,16-07-2026,7
3369,04-04-2026,1
3369,11-04-2026,2
3369,18-04-2026,3
3369,09-05-2026,6
3369,06-06-2026,10
3369,13-06-2026,11
3369,27-06-2026,13
3371,18-07-2026,0
3373,20-04-2026,0
3374,19-03-2026,0
3374,26-03-2026,1
3374,09-04-2026,3
3374,28-05-2026,10
3375,24-05-2026,1
3376,26-07-2026,5
3378,08-04-2026,0
3378,22-04-2026,2
3378,06-05-2026,4
3378,13-05-2026,5
3378,27-05-2026,7
3379,03-04-2026,4
3380,17-03-2026,0
3380,24-03-2026,1
3380,07-04-2026,3
3380,05-05-2026,7
3380,12-05-2026,8
3380,19-05-2026,9
3381,02-03-2026,0
3381,09-03-2026,1
3381,30-03-2026,4
3381,27-04-2026,8
3382,07-08-2026,3
3383,10-07-2026,0
3383,31-07-2026,3
3384,19-05-2026,1
3384,30-06-2026,7
3385,24-07-2026,1
3385,31-07-2026,2
3386,19-03-2026,0
3386,02-04-2026,2
3386,16-04-2026,4
3386,14-05-2026,8
3386,28-05-2026,10
3387,02-06-2026,0
3387,23-06-2026,3
3389,08-08-2026,1
3390,24-03-2026,3
3391,02-04-2026,2
3391,23-04-2026,5
3394,21-04-2026,1
3394,05-05-2026,3
3395,06-03-2026,0
3395,13-03-2026,1
3395,27-03-2026,3
3395,24-04-2026,7
3395,01-05-2026,8
3396,27-03-2026,2
3397,10-08-2026,4
3397,17-08-2026,5
3398,07-07-2026,0
3398,18-08-2026,6
3399,30-06-2026,0
3399,21-07-2026,3
3399,18-08-2026,7
3400,10-04-2026,0
3401,08-07-2026,2
3402,23-05-2026,1
3402,06-06-2026,3
3402,13-06-2026,4
3404,17-07-2026,0
3404,24-07-2026,1
3404,07-08-2026,3
3404,14-08-2026,4
3404,21-08-2026,5
3405,04-04-2026,2
3405,11-04-2026,3
3405,18-04-2026,4
3405,25-04-2026,5
3405,02-05-2026,6
3405,09-05-2026,7
3406,18-04-2026,1
3406,30-05-2026,7
3406,18-07-2026,14
3407,10-06-2026,2
3407,24-06-2026,4
3408,08-07-2026,1
3408,22-07-2026,3
3409,20-04-2026,3
3410,06-04-2026,2
3410,03-08-2026,19
3412,13-05-2026,0
3412,20-05-2026,1
3412,03-06-2026,3
3412,10-06-2026,4
3412,24-06-2026,6
3412,01-07-2026,7
3412,08-07-2026,8
3413,19-07-2026,4
3414,02-05-2026,1
3414,13-06-2026,7
3418,01-06-2026,3
3420,06-04-2026,1
3420,13-04-2026,2
3420,27-04-2026,4
3420,04-05-2026,5
3420,25-05-2026,8
3420,01-06-2026,9
3420,29-06-2026,13
3422,19-03-2026,2
3423,19-07-2026,1
3423,09-08-2026,4
3425,05-08-2026,6
3426,30-03-2026,1
3426,06-04-2026,2
3426,13-04-2026,3
3426,20-04-2026,4
3426,27-04-2026,5
3426,04-05-2026,6
3426,27-07-2026,18
3427,09-06-2026,2
3427,04-08-2026,10
3428,29-04-2026,3
3431,27-06-2026,0
3431,04-07-2026,1
3431,18-07-2026,3
3431,25-07-2026,4
3431,08-08-2026,6
3432,06-05-2026,0
3432,27-05-2026,3
3432,03-06-2026,4
3432,10-06-2026,5
3432,05-08-2026,13
3433,01-06-2026,5
3435,30-07-2026,4
3435,06-08-2026,5
3436,20-04-2026,0
3436,11-05-2026,3
3436,01-06-2026,6
3440,31-03-2026,0
3440,19-05-2026,7
3441,21-07-2026,11
3442,04-06-2026,3
3442,18-06-2026,5
3442,25-06-2026,6
3442,16-07-2026,9
3443,11-06-2026,0
3443,27-08-2026,11
3445,23-04-2026,0
3445,30-04-2026,1
3445,07-05-2026,2
3446,06-04-2026,2
3447,04-08-2026,2
3448,10-07-2026,3
3449,25-06-2026,0
3450,05-07-2026,0
3450,12-07-2026,1
3450,26-07-2026,3
3451,05-08-2026,1
3452,27-06-2026,0
3452,04-07-2026,1
3452,18-07-2026,3
3452,01-08-2026,5
3452,15-08-2026,7
3454,28-03-2026,0
3454,04-04-2026,1
3454,25-04-2026,4
3455,07-07-2026,0
3456,03-07-2026,0
3456,21-08-2026,7
3456,28-08-2026,8
3457,21-03-2026,0
3457,28-03-2026,1
3457,04-04-2026,2
3457,02-05-2026,6
3457,09-05-2026,7
3457,30-05-2026,10
3460,20-05-2026,0
3460,27-05-2026,1
3460,03-06-2026,2
3460,17-06-2026,4
3460,12-08-2026,12
3461,08-07-2026,13
3461,19-08-2026,19
3462,14-06-2026,4
3462,02-08-2026,11
3463,26-06-2026,0
3464,23-07-2026,1
3464,30-07-2026,2
3464,06-08-2026,3
3464,13-08-2026,4
3465,17-05-2026,0
3465,24-05-2026,1
3465,07-06-2026,3
3465,14-06-2026,4
3465,28-06-2026,6
3465,26-07-2026,10
3466,12-07-2026,6
3467,14-05-2026,0
3467,21-05-2026,1
3467,30-07-2026,11
3467,13-08-2026,13
3468,16-03-2026,0
3468,30-03-2026,2
3468,27-04-2026,6
3468,11-05-2026,8
3470,03-05-2026,1
3470,17-05-2026,3
3470,24-05-2026,4
3473,07-03-2026,0
3473,21-03-2026,2
3473,28-03-2026,3
3473,04-04-2026,4
3473,11-04-2026,5
3474,30-05-2026,1
3475,06-05-2026,1
3475,01-07-2026,9
3475,26-08-2026,17
3477,16-05-2026,0
3477,30-05-2026,2
3477,20-06-2026,5
3477,27-06-2026,6
3478,18-04-2026,1
3478,09-05-2026,4
3478,23-05-2026,6
3478,06-06-2026,8
3479,17-05-2026,2
3479,24-05-2026,3
3479,05-07-2026,9
3480,18-03-2026,1
3480,01-04-2026,3
3480,15-04-2026,5
3481,10-03-2026,1
3481,30-06-2026,17
3483,03-05-2026,0
3483,17-05-2026,2
3483,24-05-2026,3
3485,29-03-2026,0
3485,05-04-2026,1
3485,03-05-2026,5
3485,09-08-2026,19
3486,08-04-2026,0
3486,15-04-2026,1
3486,22-04-2026,2
3486,06-05-2026,4
3486,17-06-2026,10
3487,26-07-2026,0
3487,02-08-2026,1
3487,09-08-2026,2
3487,23-08-2026,4
3488,30-06-2026,0
3488,14-07-2026,2
3488,18-08-2026,7
3488,25-08-2026,8
3489,02-06-2026,10
3490,01-05-2026,7
3491,10-03-2026,0
3491,17-03-2026,1
3491,28-04-2026,7
3491,19-05-2026,10
3492,25-06-2026,0
3492,02-07-2026,1
3492,09-07-2026,2
3493,15-03-2026,0
3493,31-05-2026,11
3493,07-06-2026,12
3494,23-04-2026,0
3494,09-07-2026,11
3495,11-07-2026,1
3495,18-07-2026,2
3497,09-08-2026,2
3497,23-08-2026,4
3499,05-06-2026,1
3499,12-06-2026,2
3499,19-06-2026,3
3499,28-08-2026,13
3500,21-07-2026,0
3500,28-07-2026,1
3500,04-08-2026,2
3500,11-08-2026,3
3500,18-08-2026,4
3501,27-06-2026,2
3501,18-07-2026,5
3501,01-08-2026,7
3503,20-06-2026,2
3503,08-08-2026,9
3504,23-03-2026,1
3504,06-04-2026,3
3505,03-08-2026,1
3505,10-08-2026,2
3505,17-08-2026,3
3505,24-08-2026,4
3509,15-07-2026,1
3510,18-04-2026,0
3510,25-04-2026,1
3510,09-05-2026,3
3510,16-05-2026,4
3510,23-05-2026,5
3512,25-07-2026,1
3512,01-08-2026,2
3513,02-06-2026,1
3513,07-07-2026,6
3513,21-07-2026,8
3513,04-08-2026,10
3514,23-07-2026,1
3514,13-08-2026,4
3514,20-08-2026,5
3515,10-06-2026,0
3515,01-07-2026,3
3515,08-07-2026,4
3515,22-07-2026,6
3515,12-08-2026,9
3516,21-06-2026,0
3516,28-06-2026,1
3516,19-07-2026,4
3516,26-07-2026,5
3516,09-08-2026,7
3516,16-08-2026,8
3517,08-03-2026,0
3517,15-03-2026,1
3517,29-03-2026,3
3518,18-07-2026,0
3518,25-07-2026,1
3518,08-08-2026,3
3519,15-03-2026,2
3519,03-05-2026,9
3520,18-07-2026,0
3520,29-08-2026,6
3523,29-08-2026,8
3524,25-04-2026,0
3524,09-05-2026,2
3524,27-06-2026,9
3526,22-06-2026,1
3526,29-06-2026,2
3526,10-08-2026,8
3527,23-05-2026,0
3527,06-06-2026,2
3527,13-06-2026,3
3527,20-06-2026,4
3527,29-08-2026,14
3529,12-06-2026,1
3529,19-06-2026,2
3529,26-06-2026,3
3530,18-03-2026,0
3530,25-03-2026,1
3530,15-04-2026,4
3530,20-05-2026,9
3530,15-07-2026,17
3531,05-05-2026,0
3531,12-05-2026,1
3531,09-06-2026,5
3531,18-08-2026,15
3531,25-08-2026,16
3532,14-07-2026,11
3533,14-06-2026,0
3533,21-06-2026,1
3533,28-06-2026,2
3534,28-04-2026,1
3534,07-07-2026,11
3535,22-06-2026,2
3535,06-07-2026,4
3535,17-08-2026,10
3536,06-07-2026,1
3536,13-07-2026,2
3536,20-07-2026,3
3536,03-08-2026,5
3537,04-06-2026,0
3537,18-06-2026,2
3537,06-08-2026,9
3539,14-06-2026,0
3539,28-06-2026,2
3539,12-07-2026,4
3539,26-07-2026,6
3540,18-03-2026,1
3540,01-04-2026,3
3542,24-07-2026,0
3542,07-08-2026,2
3542,28-08-2026,5
3543,04-07-2026,0
3543,11-07-2026,1
3543,18-07-2026,2
3543,01-08-2026,4
3543,15-08-2026,6
3547,24-03-2026,0
3547,31-03-2026,1
3547,14-04-2026,3
3547,02-06-2026,10
3547,30-06-2026,14
3548,07-04-2026,0
3548,21-04-2026,2
3548,19-05-2026,6
3548,26-05-2026,7
3551,22-05-2026,0
3551,29-05-2026,1
3551,05-06-2026,2
3551,19-06-2026,4
3552,22-03-2026,0
3552,29-03-2026,1
3552,07-06-2026,11
3553,27-05-2026,0
3553,10-06-2026,2
3553,01-07-2026,5
3553,12-08-2026,11
3553,26-08-2026,13
3554,03-03-2026,0
3554,17-03-2026,2
3554,31-03-2026,4
3555,25-07-2026,0
3555,08-08-2026,2
3555,15-08-2026,3
3556,02-05-2026,0
3556,16-05-2026,2
3556,23-05-2026,3
3556,04-07-2026,9
3558,12-06-2026,2
3558,10-07-2026,6
3561,20-03-2026,0
3561,17-04-2026,4
3561,24-04-2026,5
3562,14-05-2026,1
3562,28-05-2026,3
3564,24-03-2026,0
3564,07-04-2026,2
3564,21-07-2026,17
3565,06-04-2026,3
3565,20-04-2026,5
3566,12-05-2026,4
3566,02-06-2026,7
3568,18-04-2026,1
3568,25-04-2026,2
3569,16-03-2026,1
3569,20-04-2026,6
3569,22-06-2026,15
3569,29-06-2026,16
3570,11-04-2026,0
3570,09-05-2026,4
3570,27-06-2026,11
3570,25-07-2026,15
3571,05-05-2026,1
3571,12-05-2026,2
3571,26-05-2026,4
3572,09-04-2026,0
3572,16-04-2026,1
3572,21-05-2026,6
3572,25-06-2026,11
3573,05-06-2026,0
3573,12-06-2026,1
3573,19-06-2026,2
3573,24-07-2026,7
3576,17-07-2026,1
3576,24-07-2026,2
3576,31-07-2026,3
3576,14-08-2026,5
3578,07-04-2026,1
3578,12-05-2026,6
3578,02-06-2026,9
3578,28-07-2026,17
3579,04-03-2026,0
3579,18-03-2026,2
3579,27-05-2026,12
3582,14-03-2026,0
3582,25-04-2026,6
3582,20-06-2026,14
3585,18-07-2026,0
3585,29-08-2026,6
3586,01-04-2026,1
3586,08-04-2026,2
3586,15-04-2026,3
3586,22-04-2026,4
3586,03-06-2026,10
3589,19-06-2026,2
3589,26-06-2026,3
3590,14-06-2026,2
3590,28-06-2026,4
3590,12-07-2026,6
3590,23-08-2026,12
3592,28-07-2026,13
3594,11-05-2026,1
3594,18-05-2026,2
3594,15-06-2026,6
3595,10-07-2026,1
3596,07-06-2026,0
3596,28-06-2026,3
3596,12-07-2026,5
3596,16-08-2026,10
3598,30-06-2026,1
3598,21-07-2026,4
3598,25-08-2026,9
3600,06-07-2026,2
3602,30-06-2026,0
3602,07-07-2026,1
3602,21-07-2026,3
3602,11-08-2026,6
3602,25-08-2026,8
3605,17-06-2026,1
3605,29-07-2026,7
3605,12-08-2026,9
3606,04-04-2026,2
3606,25-04-2026,5
3606,02-05-2026,6
3606,16-05-2026,8
3610,16-03-2026,0
3610,20-04-2026,5
3611,05-07-2026,0
3611,12-07-2026,1
3611,19-07-2026,2
3611,26-07-2026,3
3611,02-08-2026,4
3611,16-08-2026,6
3611,23-08-2026,7
3611,30-08-2026,8
3612,14-03-2026,0
3612,21-03-2026,1
3612,28-03-2026,2
3612,18-04-2026,5
3612,13-06-2026,13
3613,22-08-2026,3
3618,27-05-2026,1
3618,17-06-2026,4
3619,27-05-2026,0
3619,03-06-2026,1
3620,20-07-2026,8
3621,26-05-2026,0
3621,02-06-2026,1
3621,21-07-2026,8
3623,04-04-2026,1
3623,18-04-2026,3
3623,30-05-2026,9
3625,22-06-2026,0
3625,06-07-2026,2
3625,24-08-2026,9
3628,21-07-2026,8
3629,22-05-2026,6
3630,02-03-2026,0
3630,09-03-2026,1
3630,23-03-2026,3
3630,30-03-2026,4
3630,01-06-2026,13
3630,06-07-2026,18
3632,23-07-2026,0
3632,30-07-2026,1
3632,06-08-2026,2
3632,13-08-2026,3
3635,19-07-2026,1
3635,02-08-2026,3
3635,09-08-2026,4
3635,23-08-2026,6
3637,17-08-2026,5
3638,05-04-2026,2
3638,12-04-2026,3
3638,03-05-2026,6
3638,24-05-2026,9
3638,31-05-2026,10
3639,02-05-2026,1
3640,20-07-2026,2
3640,03-08-2026,4
3640,17-08-2026,6
3643,11-06-2026,0
3643,18-06-2026,1
3643,16-07-2026,5
3643,13-08-2026,9
3646,23-04-2026,0
3646,14-05-2026,3
3646,02-07-2026,10
3646,09-07-2026,11
3647,01-06-2026,0
3647,08-06-2026,1
3647,06-07-2026,5
3647,20-07-2026,7
3648,01-08-2026,0
3648,08-08-2026,1
3648,15-08-2026,2
3649,15-07-2026,1
3649,26-08-2026,7
3652,03-08-2026,3
3652,10-08-2026,4
3653,12-04-2026,0
3653,26-04-2026,2
3653,17-05-2026,5
3653,31-05-2026,7
3653,23-08-2026,19
3654,28-04-2026,2
3654,26-05-2026,6
3654,02-06-2026,7
3655,19-03-2026,0
3655,26-03-2026,1
3655,30-04-2026,6
3655,14-05-2026,8
3656,03-04-2026,0
3656,08-05-2026,5
3656,22-05-2026,7
3657,03-07-2026,0
3659,28-05-2026,1
3659,18-06-2026,4
3659,23-07-2026,9
3660,04-06-2026,2
3660,25-06-2026,5
3661,18-07-2026,0
3661,25-07-2026,1
3662,22-03-2026,1
3662,29-03-2026,2
3662,05-04-2026,3
3662,26-04-2026,6
3662,07-06-2026,12
3664,31-03-2026,1
3664,07-04-2026,2
3665,19-05-2026,0
3665,02-06-2026,2
3665,30-06-2026,6
3666,25-06-2026,0
3666,02-07-2026,1
3666,09-07-2026,2
3666,23-07-2026,4
3666,06-08-2026,6
3666,13-08-2026,7
3667,05-05-2026,0
3668,18-03-2026,1
3669,26-03-2026,1
3669,09-04-2026,3
3669,21-05-2026,9
3670,14-03-2026,0
3670,28-03-2026,2
3670,11-04-2026,4
3670,18-04-2026,5
3671,27-04-2026,0
3671,25-05-2026,4
3671,27-07-2026,13
3673,23-03-2026,0
3673,30-03-2026,1
3673,20-04-2026,4
3673,25-05-2026,9
3673,22-06-2026,13
3675,03-06-2026,0
3675,10-06-2026,1
3675,24-06-2026,3
3675,19-08-2026,11
3677,26-03-2026,2
3677,16-04-2026,5
3680,20-07-2026,2
3681,20-07-2026,0
3681,03-08-2026,2
3681,10-08-2026,3
3681,17-08-2026,4
3682,16-07-2026,0
3683,12-07-2026,0
3683,02-08-2026,3
3683,09-08-2026,4
3684,08-06-2026,5
3684,27-07-2026,12
3685,10-06-2026,0
3685,24-06-2026,2
3685,01-07-2026,3
3687,12-05-2026,2
3687,02-06-2026,5
3687,09-06-2026,6
3687,16-06-2026,7
3687,04-08-2026,14
3689,25-03-2026,0
3689,22-04-2026,4
3689,08-07-2026,15
3690,05-07-2026,1
3690,19-07-2026,3
3690,02-08-2026,5
3690,09-08-2026,6
3690,16-08-2026,7
3691,07-03-2026,0
3691,25-04-2026,7
3691,30-05-2026,12
3692,03-04-2026,0
3692,10-04-2026,1
3692,08-05-2026,5
3692,12-06-2026,10
3693,10-08-2026,3
3694,18-06-2026,2
3694,25-06-2026,3
3694,02-07-2026,4
3696,13-08-2026,6
3696,27-08-2026,8
3698,12-08-2026,3
3698,26-08-2026,5
3699,30-04-2026,0
3699,07-05-2026,1
3699,14-05-2026,2
3699,28-05-2026,4
3699,25-06-2026,8
3699,02-07-2026,9
3700,21-04-2026,0
3700,28-04-2026,1
3700,05-05-2026,2
3700,26-05-2026,5
3700,02-06-2026,6
3700,25-08-2026,18
3701,22-08-2026,3
3702,15-05-2026,4
3703,22-07-2026,0
3704,24-07-2026,1
3704,07-08-2026,3
3704,14-08-2026,4
3705,02-03-2026,0
3705,09-03-2026,1
3705,16-03-2026,2
3705,06-04-2026,5
3705,20-04-2026,7
3705,25-05-2026,12
3705,01-06-2026,13
3707,05-04-2026,5
3708,04-06-2026,4
3709,09-03-2026,0
3709,23-03-2026,2
3709,04-05-2026,8
3709,18-05-2026,10
3710,30-03-2026,0
3710,04-05-2026,5
3710,11-05-2026,6
3710,15-06-2026,11
3711,09-05-2026,0
3711,30-05-2026,3
3711,13-06-2026,5
3711,04-07-2026,8
3711,18-07-2026,10
3714,18-06-2026,0
3715,31-07-2026,0
3715,14-08-2026,2
3715,21-08-2026,3
3716,29-06-2026,0
3716,06-07-2026,1
3716,13-07-2026,2
3716,20-07-2026,3
3716,27-07-2026,4
3719,13-07-2026,0
3719,03-08-2026,3
3719,10-08-2026,4
3719,17-08-2026,5
3720,19-04-2026,2
3721,19-04-2026,0
3721,31-05-2026,6
3722,24-06-2026,0
3722,01-07-2026,1
3722,12-08-2026,7
3724,12-04-2026,0
3724,07-06-2026,8
3724,28-06-2026,11
3725,27-06-2026,0
3725,04-07-2026,1
3725,11-07-2026,2
3725,01-08-2026,5
3725,15-08-2026,7
3726,06-05-2026,9
3727,12-07-2026,0
3728,08-05-2026,0
3728,15-05-2026,1
3732,30-07-2026,0
3735,20-04-2026,0
3735,27-04-2026,1
3735,18-05-2026,4
3735,01-06-2026,6
3737,26-04-2026,7
3738,21-03-2026,1
3738,28-03-2026,2
3738,11-04-2026,4
3738,09-05-2026,8
3738,16-05-2026,9
3738,06-06-2026,12
3738,04-07-2026,16
3740,30-05-2026,3
3740,06-06-2026,4
3741,23-06-2026,2
3741,30-06-2026,3
3743,05-05-2026,0
3743,12-05-2026,1
3743,02-06-2026,4
3743,14-07-2026,10
3743,25-08-2026,16
3744,23-06-2026,0
3745,27-04-2026,1
3745,25-05-2026,5
3745,01-06-2026,6
3745,22-06-2026,9
3745,20-07-2026,13
3749,04-07-2026,0
3749,25-07-2026,3
3749,01-08-2026,4
3749,29-08-2026,8
3751,31-07-2026,0
3751,14-08-2026,2
3753,19-04-2026,2
3753,28-06-2026,12
3757,10-05-2026,0
3757,24-05-2026,2
3757,07-06-2026,4
3757,21-06-2026,6
3758,06-07-2026,0
3758,27-07-2026,3
3759,10-07-2026,0
3759,17-07-2026,1
3759,07-08-2026,4
3762,28-03-2026,1
3762,11-04-2026,3
3763,03-07-2026,0
3763,21-08-2026,7
3764,29-06-2026,2
3765,03-07-2026,4
3765,10-07-2026,5
3765,21-08-2026,11
3766,31-07-2026,0
3766,28-08-2026,4
3767,15-06-2026,0
3768,15-05-2026,3
3768,05-06-2026,6
3768,24-07-2026,13
3769,04-04-2026,0
3769,09-05-2026,5
3770,01-03-2026,0
3770,29-03-2026,4
3771,05-06-2026,1
3771,03-07-2026,5
3772,21-04-2026,3
3773,10-05-2026,4
3773,17-05-2026,5
3774,01-06-2026,0
3774,06-07-2026,5
3774,13-07-2026,6
3774,03-08-2026,9
3775,13-08-2026,2
3775,27-08-2026,4
3776,12-04-2026,2
3776,19-04-2026,3
3776,26-04-2026,4
3776,03-05-2026,5
3777,26-05-2026,0
3777,30-06-2026,5
3777,28-07-2026,9
3778,06-06-2026,0
3778,13-06-2026,1
3778,18-07-2026,6
3778,22-08-2026,11
3780,14-03-2026,0
3781,17-04-2026,0
3781,08-05-2026,3
3782,23-03-2026,2
3782,27-04-2026,7
3782,25-05-2026,11
3784,21-07-2026,3
3785,06-08-2026,1
3785,20-08-2026,3
3787,27-03-2026,0
3787,03-04-2026,1
3787,10-04-2026,2
3787,17-04-2026,3
3789,26-05-2026,5
3791,02-07-2026,0
3791,09-07-2026,1
3792,26-06-2026,7
3795,27-05-2026,2
3795,17-06-2026,5
3795,24-06-2026,6
3795,12-08-2026,13
3797,18-04-2026,3
3798,31-07-2026,1
3798,07-08-2026,2
3799,18-04-2026,0
3799,25-04-2026,1
3799,09-05-2026,3
3800,27-07-2026,4
3802,18-05-2026,1
3805,07-03-2026,0
3805,14-03-2026,1
3805,21-03-2026,2
3805,25-04-2026,7
3805,09-05-2026,9
3805,06-06-2026,13
3806,15-06-2026,1
3806,06-07-2026,4
3806,20-07-2026,6
3809,21-05-2026,6
3809,30-07-2026,16
3815,04-07-2026,0
3815,11-07-2026,1
3815,18-07-2026,2
3817,28-04-2026,2
3817,02-06-2026,7
3817,21-07-2026,14
3819,02-06-2026,2
3819,25-08-2026,14
3820,06-04-2026,1
3820,20-04-2026,3
3820,18-05-2026,7
3821,17-04-2026,0
3821,22-05-2026,5
3821,29-05-2026,6
3821,05-06-2026,7
3821,24-07-2026,14
3822,29-04-2026,0
3822,13-05-2026,2
3822,20-05-2026,3
3822,27-05-2026,4
3822,03-06-2026,5
3822,17-06-2026,7
3823,26-03-2026,2
3823,02-04-2026,3
3823,18-06-2026,14
3823,25-06-2026,15
3825,28-05-2026,2
3828,10-06-2026,0
3828,17-06-2026,1
3828,24-06-2026,2
3828,01-07-2026,3
3829,30-06-2026,9
3830,23-05-2026,3
3830,04-07-2026,9
3830,01-08-2026,13
3831,20-03-2026,0
3831,27-03-2026,1
3831,03-04-2026,2
3831,10-04-2026,3
3833,15-05-2026,0
3835,02-04-2026,0
3835,23-04-2026,3
3835,16-07-2026,15
3836,07-05-2026,1
3836,14-05-2026,2
3837,07-04-2026,4
3837,14-04-2026,5
3838,26-05-2026,1
3839,15-06-2026,2
3839,13-07-2026,6
3841,14-07-2026,0
3841,28-07-2026,2
3842,21-05-2026,2
3842,11-06-2026,5
3842,25-06-2026,7
3842,06-08-2026,13
3843,15-05-2026,0
3843,10-07-2026,8
3844,01-06-2026,2
3844,08-06-2026,3
3844,22-06-2026,5
3844,10-08-2026,12
3846,21-06-2026,0
3846,23-08-2026,9
3847,24-03-2026,3
3847,12-05-2026,10
3849,26-07-2026,1
3849,16-08-2026,4
3850,28-06-2026,7
3851,07-08-2026,2
3851,28-08-2026,5
3853,30-04-2026,1
3854,06-07-2026,1
3854,13-07-2026,2
3854,03-08-2026,5
3854,10-08-2026,6
3856,09-07-2026,2
3857,24-08-2026,18
3858,04-05-2026,5
3860,27-04-2026,0
3860,04-05-2026,1
3860,11-05-2026,2
3860,25-05-2026,4
3860,06-07-2026,10
3861,14-05-2026,2
3861,11-06-2026,6
3863,25-03-2026,2
3863,15-04-2026,5
3863,06-05-2026,8
3865,09-07-2026,0
3867,02-08-2026,1
3868,30-06-2026,1
3868,14-07-2026,3
3868,21-07-2026,4
3868,28-07-2026,5
3869,07-05-2026,0
3869,14-05-2026,1
3869,21-05-2026,2
3869,28-05-2026,3
3870,23-04-2026,2
3870,16-07-2026,14
3871,24-07-2026,3
3873,01-04-2026,0
3874,05-03-2026,0
3874,12-03-2026,1
3874,26-03-2026,3
3874,28-05-2026,12
3875,11-07-2026,0
3875,18-07-2026,1
3875,01-08-2026,3
3875,08-08-2026,4
3875,15-08-2026,5
3876,07-05-2026,4
3876,14-05-2026,5
3877,31-07-2026,0
3877,07-08-2026,1
3877,21-08-2026,3
3877,28-08-2026,4
3878,11-04-2026,1
3878,18-04-2026,2
3878,25-04-2026,3
3878,20-06-2026,11
3878,11-07-2026,14
3879,01-04-2026,0
3879,22-04-2026,3
3880,10-06-2026,12
3880,24-06-2026,14
3881,05-05-2026,2
3881,12-05-2026,3
3881,19-05-2026,4
3881,16-06-2026,8
3881,30-06-2026,10
3881,28-07-2026,14
3882,01-05-2026,1
3882,17-07-2026,12
3884,24-07-2026,4
3885,21-05-2026,0
3885,13-08-2026,12
3886,18-03-2026,1
3886,25-03-2026,2
3886,06-05-2026,8
3886,20-05-2026,10
3888,07-05-2026,2
3889,02-06-2026,1
3889,09-06-2026,2
3889,30-06-2026,5
3889,07-07-2026,6
3889,18-08-2026,12
3890,06-03-2026,0
3890,27-03-2026,3
3890,10-04-2026,5
3890,08-05-2026,9
3891,09-05-2026,0
3891,27-06-2026,7
3892,13-05-2026,2
3893,31-07-2026,2
3893,21-08-2026,5
3894,24-03-2026,1
3895,14-07-2026,0
3895,21-07-2026,1
3895,28-07-2026,2
3895,11-08-2026,4
3896,23-05-2026,0
3897,06-05-2026,1
3897,20-05-2026,3
3897,17-06-2026,7
3897,15-07-2026,11
3898,13-08-2026,12
3899,19-05-2026,0
3899,16-06-2026,4
3899,04-08-2026,11
3900,14-04-2026,0
3900,21-04-2026,1
3900,12-05-2026,4
3900,02-06-2026,7
3900,28-07-2026,15
3901,12-08-2026,3
3904,15-04-2026,0
3904,29-04-2026,2
3904,10-06-2026,8
3904,17-06-2026,9
3905,24-07-2026,0
3905,31-07-2026,1
3905,07-08-2026,2
3905,21-08-2026,4
3906,11-06-2026,0
3906,09-07-2026,4
3906,23-07-2026,6
3907,26-06-2026,2
3907,10-07-2026,4
3909,17-03-2026,0
3909,24-03-2026,1
3909,07-04-2026,3
3909,14-04-2026,4
3909,23-06-2026,14
3911,19-07-2026,0
3911,26-07-2026,1
3911,02-08-2026,2
3911,30-08-2026,6
3912,04-07-2026,8
3915,27-04-2026,2
3915,04-05-2026,3
3915,22-06-2026,10
3916,20-06-2026,1
3916,27-06-2026,2
3916,18-07-2026,5
3916,25-07-2026,6
3917,18-06-2026,3
3917,02-07-2026,5
3918,23-03-2026,0
3918,27-04-2026,5
3918,04-05-2026,6
3919,17-03-2026,0
3919,21-04-2026,5
3919,05-05-2026,7
3919,16-06-2026,13
3919,23-06-2026,14
3920,25-04-2026,2
3920,02-05-2026,3
3920,16-05-2026,5
3920,13-06-2026,9
3921,25-03-2026,0
3921,29-04-2026,5
3921,27-05-2026,9
3921,03-06-2026,10
3922,16-05-2026,0
3922,27-06-2026,6
3923,09-06-2026,1
3923,16-06-2026,2
3924,02-03-2026,0
3924,09-03-2026,1
3924,16-03-2026,2
3924,23-03-2026,3
3924,30-03-2026,4
3924,06-04-2026,5
3924,20-04-2026,7
3924,11-05-2026,10
3925,06-06-2026,0
3925,27-06-2026,3
3925,15-08-2026,10
3925,22-08-2026,11
3927,16-07-2026,0
3927,30-07-2026,2
3928,17-07-2026,10
3929,24-07-2026,0
3930,30-07-2026,4
3930,06-08-2026,5
3931,10-04-2026,0
3931,24-04-2026,2
3932,25-06-2026,0
3932,02-07-2026,1
3932,23-07-2026,4
3932,06-08-2026,6
3933,08-06-2026,6
3934,06-04-2026,0
3934,20-04-2026,2
3934,11-05-2026,5
3935,04-04-2026,1
3935,18-04-2026,3
3935,02-05-2026,5
3935,09-05-2026,6
3935,08-08-2026,19
3936,20-06-2026,2
3936,04-07-2026,4
3936,11-07-2026,5
3936,01-08-2026,8
3937,30-05-2026,3
3937,13-06-2026,5
3939,04-05-2026,5
3939,11-05-2026,6
3940,17-03-2026,1
3940,24-03-2026,2
3940,31-03-2026,3
3940,07-04-2026,4
3940,14-04-2026,5
3940,19-05-2026,10
3941,04-04-2026,3
3943,13-06-2026,0
3943,15-08-2026,9
3946,31-07-2026,0
3947,16-05-2026,0
3947,23-05-2026,1
3947,04-07-2026,7
3947,11-07-2026,8
3947,25-07-2026,10
3947,01-08-2026,11
3948,12-08-2026,2
3949,07-06-2026,0
3949,14-06-2026,1
3949,09-08-2026,9
3950,11-03-2026,1
3950,18-03-2026,2
3950,08-04-2026,5
3950,17-06-2026,15
3951,24-04-2026,1
3951,01-05-2026,2
3951,28-08-2026,19
3952,15-03-2026,0
3952,29-03-2026,2
3952,05-04-2026,3
3952,12-04-2026,4
3952,26-04-2026,6
3953,16-05-2026,4
3953,23-05-2026,5
3953,15-08-2026,17
3954,15-07-2026,1
3954,22-07-2026,2
3954,05-08-2026,4
3954,26-08-2026,7
3956,31-03-2026,0
3957,07-07-2026,6
3957,14-07-2026,7
3957,25-08-2026,13
3960,01-06-2026,0
3960,22-06-2026,3
3961,20-06-2026,1
3961,08-08-2026,8
3962,18-06-2026,2
3962,02-07-2026,4
3962,09-07-2026,5
3962,30-07-2026,8
3963,09-03-2026,0
3963,06-04-2026,4
3963,13-04-2026,5
3963,29-06-2026,16
3965,30-03-2026,0
3965,06-04-2026,1
3965,27-04-2026,4
3965,18-05-2026,7
3968,04-07-2026,11
3971,29-07-2026,0
3971,05-08-2026,1
3971,19-08-2026,3
3973,16-05-2026,0
3973,30-05-2026,2
3973,06-06-2026,3
3974,16-05-2026,2
3974,25-07-2026,12
3976,22-05-2026,0
3976,29-05-2026,1
3976,05-06-2026,2
3979,29-05-2026,0
3979,12-06-2026,2
3979,31-07-2026,9
3979,14-08-2026,11
3979,21-08-2026,12
3980,19-08-2026,4
3981,24-04-2026,4
3981,01-05-2026,5
3981,15-05-2026,7
3982,06-04-2026,0
3982,13-04-2026,1
3982,27-04-2026,3
3982,04-05-2026,4
3982,22-06-2026,11
3982,20-07-2026,15
3983,26-05-2026,1
3983,02-06-2026,2
3985,27-03-2026,1
3987,09-07-2026,0
3987,23-07-2026,2
3987,30-07-2026,3
3987,27-08-2026,7
3992,13-08-2026,2
3992,27-08-2026,4
3994,13-08-2026,2
3994,20-08-2026,3
3995,06-06-2026,10
3995,11-07-2026,15
3996,06-06-2026,5
3996,27-06-2026,8
3998,14-03-2026,0
3998,21-03-2026,1
3998,25-04-2026,6
3998,02-05-2026,7
3998,16-05-2026,9
3998,04-07-2026,16
3999,24-07-2026,0
3999,21-08-2026,4
3999,28-08-2026,5
4000,20-06-2026,5
4000,04-07-2026,7
4001,07-04-2026,0
4001,12-05-2026,5
4001,26-05-2026,7
4001,07-07-2026,13
4002,28-03-2026,0
4002,30-05-2026,9
4003,04-06-2026,0
4003,11-06-2026,1
4003,18-06-2026,2
4005,10-07-2026,2
4006,22-07-2026,6
4006,29-07-2026,7
4007,17-06-2026,0
4012,10-03-2026,0
4012,24-03-2026,2
4012,31-03-2026,3
4013,27-04-2026,0
4013,08-06-2026,6
4013,22-06-2026,8
4014,07-07-2026,0
4014,14-07-2026,1
4014,28-07-2026,3
4014,11-08-2026,5
4014,18-08-2026,6
4014,25-08-2026,7
4015,31-07-2026,0
4015,07-08-2026,1
4015,14-08-2026,2
4015,21-08-2026,3
4016,30-06-2026,3
4016,14-07-2026,5
4020,30-06-2026,0
4020,07-07-2026,1
4020,14-07-2026,2
4020,21-07-2026,3
4020,25-08-2026,8
4021,02-08-2026,3
4021,09-08-2026,4
4022,25-04-2026,1
4022,20-06-2026,9
4022,27-06-2026,10
4024,19-05-2026,2
4024,09-06-2026,5
4024,30-06-2026,8
4026,05-06-2026,0
4026,12-06-2026,1
4026,19-06-2026,2
4026,24-07-2026,7
4026,07-08-2026,9
4028,08-07-2026,3
4028,22-07-2026,5
4028,05-08-2026,7
4029,10-07-2026,0
4029,17-07-2026,1
4029,07-08-2026,4
4030,19-05-2026,0
4031,01-05-2026,0
4031,08-05-2026,1
4031,22-05-2026,3
4031,05-06-2026,5
4031,07-08-2026,14
4033,29-04-2026,0
4033,13-05-2026,2
4034,24-03-2026,0
4034,31-03-2026,1
4034,07-04-2026,2
4034,21-04-2026,4
4034,19-05-2026,8
4034,23-06-2026,13
4034,07-07-2026,15
4035,17-08-2026,3
4036,24-06-2026,3
4037,11-04-2026,0
4037,18-04-2026,1
4037,25-04-2026,2
4037,09-05-2026,4
4038,29-05-2026,0
4039,19-05-2026,0
4039,26-05-2026,1
4039,02-06-2026,2
4039,23-06-2026,5
4039,14-07-2026,8
4040,03-05-2026,1
4040,10-05-2026,2
4041,13-05-2026,6
4043,02-07-2026,0
4043,09-07-2026,1
4043,23-07-2026,3
4043,30-07-2026,4
4043,13-08-2026,6
4044,27-05-2026,0
4044,10-06-2026,2
4045,05-06-2026,1
4046,17-06-2026,4
4047,02-07-2026,0
4047,09-07-2026,1
4047,16-07-2026,2
4048,20-03-2026,0
4048,01-05-2026,6
4049,11-04-2026,2
4049,02-05-2026,5
4049,04-07-2026,14
4049,11-07-2026,15
4049,08-08-2026,19
4051,16-06-2026,0
4051,23-06-2026,1
4051,07-07-2026,3
4052,07-04-2026,1
4053,06-06-2026,3
4053,11-07-2026,8
4055,26-07-2026,2
4055,02-08-2026,3
4055,09-08-2026,4
4055,30-08-2026,7
4059,21-04-2026,5
4059,19-05-2026,9
4059,14-07-2026,17
4060,23-03-2026,2
4060,06-04-2026,4
4060,29-06-2026,16
4061,22-04-2026,0
4062,10-06-2026,0
4062,17-06-2026,1
4062,24-06-2026,2
4062,29-07-2026,7
4063,14-03-2026,0
4063,28-03-2026,2
4063,18-04-2026,5
4063,23-05-2026,10
4063,20-06-2026,14
4064,02-05-2026,2
4065,19-04-2026,0
4065,26-04-2026,1
4065,31-05-2026,6
4065,14-06-2026,8
4065,30-08-2026,19
4066,12-03-2026,0
4066,26-03-2026,2
4066,02-04-2026,3
4066,23-04-2026,6
4066,07-05-2026,8
4068,16-03-2026,0
4068,23-03-2026,1
4068,11-05-2026,8
4069,05-05-2026,0
4071,03-06-2026,8
4071,19-08-2026,19
4073,30-06-2026,0
4073,07-07-2026,1
4073,14-07-2026,2
4074,09-07-2026,0
4074,16-07-2026,1
4074,23-07-2026,2
4074,30-07-2026,3
4074,20-08-2026,6
4076,24-04-2026,0
4076,08-05-2026,2
4076,22-05-2026,4
4076,14-08-2026,16
4076,28-08-2026,18
4078,21-08-2026,4
4079,05-08-2026,4
4079,19-08-2026,6
4079,26-08-2026,7
4080,19-06-2026,0
4080,26-06-2026,1
4080,24-07-2026,5
4081,25-04-2026,4
4081,30-05-2026,9
4082,18-03-2026,0
4082,01-04-2026,2
4082,08-04-2026,3
4082,15-04-2026,4
4082,22-07-2026,18
4085,17-07-2026,11
4085,07-08-2026,14
4086,28-07-2026,1
4086,04-08-2026,2
4086,11-08-2026,3
4087,17-04-2026,0
4087,24-04-2026,1
4088,28-06-2026,0
4088,12-07-2026,2
4089,02-07-2026,0
4089,09-07-2026,1
4089,16-07-2026,2
4089,23-07-2026,3
4089,30-07-2026,4
4090,27-05-2026,0
4090,24-06-2026,4
4090,22-07-2026,8
4091,17-06-2026,0
4091,24-06-2026,1
4091,08-07-2026,3
4091,15-07-2026,4
4091,29-07-2026,6
4092,24-07-2026,0
4093,05-06-2026,4
4094,16-07-2026,1
4094,13-08-2026,5
4096,13-06-2026,6
4098,24-05-2026,2
4098,07-06-2026,4
4098,05-07-2026,8
4098,09-08-2026,13
4099,24-06-2026,3
4105,26-05-2026,1
4105,16-06-2026,4
4105,14-07-2026,8
4105,28-07-2026,10
4105,18-08-2026,13
4106,11-06-2026,2
4106,09-07-2026,6
4107,19-05-2026,0
4107,09-06-2026,3
4108,13-05-2026,0
4108,27-05-2026,2
4108,22-07-2026,10
4109,20-04-2026,0
4109,27-04-2026,1
4109,04-05-2026,2
4109,15-06-2026,8
4109,06-07-2026,11
4110,27-06-2026,0
4110,04-07-2026,1
4110,15-08-2026,7
4112,02-07-2026,1
4112,09-07-2026,2
4112,16-07-2026,3
4112,23-07-2026,4
4112,27-08-2026,9
4113,28-06-2026,1
4113,19-07-2026,4
4113,02-08-2026,6
4114,25-07-2026,0
4119,24-06-2026,0
4119,01-07-2026,1
4119,08-07-2026,2
4119,12-08-2026,7
4121,19-07-2026,0
4121,09-08-2026,3
4122,31-05-2026,0
4122,07-06-2026,1
4122,12-07-2026,6
4122,19-07-2026,7
4123,24-03-2026,1
4124,16-06-2026,9
4126,05-05-2026,0
4126,19-05-2026,2
4126,26-05-2026,3
4126,23-06-2026,7
4126,21-07-2026,11
4126,25-08-2026,16
4129,04-04-2026,0
4129,18-04-2026,2
4129,02-05-2026,4
4129,16-05-2026,6
4130,28-07-2026,1
4130,25-08-2026,5
4132,03-07-2026,0
4132,17-07-2026,2
4132,31-07-2026,4
4133,19-07-2026,0
4133,26-07-2026,1
4133,02-08-2026,2
4133,16-08-2026,4
4135,29-05-2026,0
4135,05-06-2026,1
4136,18-03-2026,0
4136,01-04-2026,2
4136,29-04-2026,6
4136,03-06-2026,11
4137,29-04-2026,0
4137,27-05-2026,4
4137,17-06-2026,7
4137,01-07-2026,9
4137,22-07-2026,12
4138,07-07-2026,1
4139,09-04-2026,2
4139,16-04-2026,3
4139,23-04-2026,4
4140,27-04-2026,0
4140,25-05-2026,4
4141,20-06-2026,0
4141,27-06-2026,1
4141,18-07-2026,4
4141,25-07-2026,5
4145,19-05-2026,3
4145,16-06-2026,7
4145,04-08-2026,14
4148,09-04-2026,1
4148,23-04-2026,3
4151,05-03-2026,0
4151,12-03-2026,1
4151,19-03-2026,2
4151,26-03-2026,3
4151,02-04-2026,4
4151,23-04-2026,7
4152,12-05-2026,1
4152,19-05-2026,2
4152,26-05-2026,3
4152,02-06-2026,4
4153,26-05-2026,1
4153,16-06-2026,4
4153,23-06-2026,5
4153,21-07-2026,9
4154,27-03-2026,0
4154,03-04-2026,1
4154,10-04-2026,2
4154,24-04-2026,4
4154,08-05-2026,6
4154,15-05-2026,7
4155,02-03-2026,0
4155,30-03-2026,4
4155,18-05-2026,11
4156,21-07-2026,0
4156,28-07-2026,1
4156,11-08-2026,3
4157,13-04-2026,2
4157,01-06-2026,9
4157,08-06-2026,10
4159,24-06-2026,0
4159,29-07-2026,5
4162,18-04-2026,1
4162,25-04-2026,2
4162,02-05-2026,3
4162,13-06-2026,9
4163,30-03-2026,1
4163,15-06-2026,12
4164,15-03-2026,2
4165,24-05-2026,7
4166,12-04-2026,3
4166,26-04-2026,5
4169,13-08-2026,2
4170,10-04-2026,3
4170,01-05-2026,6
4170,03-07-2026,15
4170,24-07-2026,18
4171,04-03-2026,0
4171,11-03-2026,1
4171,25-03-2026,3
4171,22-04-2026,7
4171,10-06-2026,14
4172,29-03-2026,0
4172,12-04-2026,2
4172,19-04-2026,3
4172,03-05-2026,5
4172,21-06-2026,12
4173,15-05-2026,2
4173,29-05-2026,4
4173,07-08-2026,14
4174,19-07-2026,5
4174,30-08-2026,11
4177,29-05-2026,0
4177,05-06-2026,1
4177,03-07-2026,5
4177,10-07-2026,6
4179,13-06-2026,11
4180,20-08-2026,8
4182,03-06-2026,0
4184,06-03-2026,0
4184,13-03-2026,1
4184,20-03-2026,2
4184,10-04-2026,5
4184,08-05-2026,9
4184,15-05-2026,10
4185,28-06-2026,0
4185,26-07-2026,4
4185,02-08-2026,5
4185,09-08-2026,6
4185,30-08-2026,9
4186,12-04-2026,0
4186,19-04-2026,1
4186,03-05-2026,3
4187,31-05-2026,0
4187,07-06-2026,1
4187,21-06-2026,3
4187,23-08-2026,12
4187,30-08-2026,13
4188,17-03-2026,0
4188,24-03-2026,1
4188,28-04-2026,6
4188,26-05-2026,10
4188,02-06-2026,11
4188,30-06-2026,15
4189,25-08-2026,4
4191,27-03-2026,0
4191,03-04-2026,1
4191,26-06-2026,13
4192,07-03-2026,0
4192,28-03-2026,3
4192,04-04-2026,4
4192,11-04-2026,5
4192,25-04-2026,7
4193,25-05-2026,1
4194,25-05-2026,0
4195,22-05-2026,1
4195,29-05-2026,2
4195,05-06-2026,3
4195,17-07-2026,9
4195,31-07-2026,11
4196,12-04-2026,0
4196,19-04-2026,1
4196,03-05-2026,3
4196,24-05-2026,6
4196,07-06-2026,8
4200,01-05-2026,1
4202,24-03-2026,2
4202,31-03-2026,3
4202,12-05-2026,9
4202,19-05-2026,10
4204,06-03-2026,0
4204,10-04-2026,5
4205,09-04-2026,3
4205,23-04-2026,5
4205,07-05-2026,7
4205,14-05-2026,8
4209,19-03-2026,1
4210,02-05-2026,0
4210,09-05-2026,1
4210,23-05-2026,3
4212,26-06-2026,1
4212,17-07-2026,4
4213,30-08-2026,16
4214,28-06-2026,2
4214,26-07-2026,6
4214,02-08-2026,7
4215,30-06-2026,0
4215,21-07-2026,3
4217,13-05-2026,0
4217,03-06-2026,3
4217,24-06-2026,6
4217,22-07-2026,10
4218,01-03-2026,0
4218,08-03-2026,1
4218,15-03-2026,2
4218,19-04-2026,7
4218,10-05-2026,10
4219,22-04-2026,0
4219,06-05-2026,2
4219,01-07-2026,10
4219,19-08-2026,17
4219,26-08-2026,18
4221,06-05-2026,4
4222,23-03-2026,0
4222,30-03-2026,1
4222,06-04-2026,2
4222,27-04-2026,5
4223,19-03-2026,2
4224,18-03-2026,2
4224,13-05-2026,10
4224,27-05-2026,12
4225,21-04-2026,0
4225,07-07-2026,11
4225,11-08-2026,16
4226,08-05-2026,0
4226,29-05-2026,3
4226,05-06-2026,4
4227,22-06-2026,0
4231,26-04-2026,3
4231,21-06-2026,11
4232,24-03-2026,1
4233,02-06-2026,0
4233,28-07-2026,8
4235,10-06-2026,0
4235,17-06-2026,1
4237,14-06-2026,0
4237,05-07-2026,3
4237,12-07-2026,4
4237,02-08-2026,7
4237,09-08-2026,8
4238,07-06-2026,0
4238,14-06-2026,1
4238,12-07-2026,5
4238,19-07-2026,6
4241,21-08-2026,4
4242,28-03-2026,0
4242,04-04-2026,1
4242,11-04-2026,2
4242,18-04-2026,3
4243,17-07-2026,13
4245,13-06-2026,1
4245,01-08-2026,8
4246,30-06-2026,0
4248,18-06-2026,1
4248,16-07-2026,5
4248,23-07-2026,6
4249,16-04-2026,0
4249,30-04-2026,2
4249,07-05-2026,3
4251,27-05-2026,1
4251,10-06-2026,3
4251,24-06-2026,5
4252,27-07-2026,3
4252,24-08-2026,7
4253,19-07-2026,0
4253,26-07-2026,1
4253,23-08-2026,5
4257,03-04-2026,1
4257,24-04-2026,4
4257,15-05-2026,7
4258,02-08-2026,9
4260,06-06-2026,2
4260,27-06-2026,5
4260,01-08-2026,10
4260,29-08-2026,14
4261,22-04-2026,1
4265,26-03-2026,1
4266,06-08-2026,1
4266,20-08-2026,3
4268,09-05-2026,0
4268,16-05-2026,1
4269,14-06-2026,4
4269,09-08-2026,12
4270,24-05-2026,1
4270,21-06-2026,5
4273,24-04-2026,1
4273,22-05-2026,5
4273,05-06-2026,7
4273,31-07-2026,15
4274,22-07-2026,0
4274,26-08-2026,5
4276,06-06-2026,0
4276,18-07-2026,6
4276,08-08-2026,9
4277,01-05-2026,0
4277,15-05-2026,2
4277,05-06-2026,5
4277,12-06-2026,6
4277,19-06-2026,7
4278,15-04-2026,3
4278,20-05-2026,8
4280,21-04-2026,6
4281,01-08-2026,0
4282,21-03-2026,0
4283,17-08-2026,3
4284,27-04-2026,1
4284,18-05-2026,4
4284,20-07-2026,13
4285,08-06-2026,4
4285,06-07-2026,8
4285,24-08-2026,15
4286,25-07-2026,0
4286,01-08-2026,1
4286,15-08-2026,3
4287,24-06-2026,0
4287,22-07-2026,4
4288,11-04-2026,4
4289,30-03-2026,0
4289,06-04-2026,1
4289,20-04-2026,3
4289,18-05-2026,7
4289,25-05-2026,8
4292,18-04-2026,1
4292,02-05-2026,3
4292,09-05-2026,4
4292,23-05-2026,6
4292,30-05-2026,7
4293,19-04-2026,0
4293,31-05-2026,6
4293,05-07-2026,11
4296,16-06-2026,0
4296,30-06-2026,2
4296,21-07-2026,5
4297,20-07-2026,1
4297,27-07-2026,2
4297,03-08-2026,3
4297,17-08-2026,5
4298,26-05-2026,0
4298,25-08-2026,13
4299,18-05-2026,0
4299,25-05-2026,1
4299,08-06-2026,3
4299,06-07-2026,7
4301,29-07-2026,7
4302,22-06-2026,0
4302,13-07-2026,3
4302,10-08-2026,7
4303,06-06-2026,4
4303,20-06-2026,6
4304,18-03-2026,1
4304,06-05-2026,8
4305,17-05-2026,1
4305,24-05-2026,2
4305,31-05-2026,3
4305,07-06-2026,4
4307,15-06-2026,0
4307,22-06-2026,1
4307,29-06-2026,2
4307,06-07-2026,3
4310,25-04-2026,0
4310,02-05-2026,1
4310,30-05-2026,5
4311,30-03-2026,0
4311,06-04-2026,1
4311,18-05-2026,7
4311,25-05-2026,8
4311,08-06-2026,10
4312,16-04-2026,2
4312,07-05-2026,5
4312,18-06-2026,11
4312,16-07-2026,15
4313,27-04-2026,0
4313,04-05-2026,1
4313,18-05-2026,3
4313,01-06-2026,5
4313,13-07-2026,11
4313,27-07-2026,13
4313,10-08-2026,15
4314,28-06-2026,0
4314,05-07-2026,1
4314,19-07-2026,3
4314,26-07-2026,4
4315,29-05-2026,2
4315,10-07-2026,8
4315,07-08-2026,12
4315,28-08-2026,15
4316,19-04-2026,2
4316,24-05-2026,7
4316,07-06-2026,9
4317,09-06-2026,0
4317,16-06-2026,1
4317,14-07-2026,5
4319,29-08-2026,4
4324,20-07-2026,1
4325,01-07-2026,0
4325,08-07-2026,1
4325,29-07-2026,4
4325,05-08-2026,5
4326,28-05-2026,1
4326,02-07-2026,6
4327,17-07-2026,0
4327,24-07-2026,1
4327,31-07-2026,2
4329,11-06-2026,0
4329,18-06-2026,1
4329,06-08-2026,8
4329,27-08-2026,11
4330,30-05-2026,2
4330,11-07-2026,8
4331,28-06-2026,5
4332,04-05-2026,0
4332,22-06-2026,7
4333,25-03-2026,2
4333,01-04-2026,3
4333,22-04-2026,6
4334,24-03-2026,0
4335,21-06-2026,0
4335,05-07-2026,2
4335,09-08-2026,7
4335,30-08-2026,10
4336,17-03-2026,0
4336,14-04-2026,4
4336,19-05-2026,9
4336,16-06-2026,13
4337,23-05-2026,1
4337,13-06-2026,4
4337,20-06-2026,5
4337,18-07-2026,9
4338,22-06-2026,0
4338,06-07-2026,2
4339,04-06-2026,0
4339,16-07-2026,6
4340,11-08-2026,2
4340,18-08-2026,3
4341,22-06-2026,1
4342,30-06-2026,0
4342,07-07-2026,1
4342,14-07-2026,2
4342,28-07-2026,4
4342,25-08-2026,8
4344,10-08-2026,9
4346,31-05-2026,0
4346,19-07-2026,7
4346,23-08-2026,12
4349,16-07-2026,9
4352,28-06-2026,0
4352,12-07-2026,2
4352,26-07-2026,4
4353,01-03-2026,0
4354,05-08-2026,1
4354,12-08-2026,2
4355,08-07-2026,6
4356,25-03-2026,1
4356,01-04-2026,2
4356,29-04-2026,6
4356,08-07-2026,16
4357,09-03-2026,0
4357,23-03-2026,2
4357,30-03-2026,3
4357,06-04-2026,4
4357,18-05-2026,10
4357,29-06-2026,16
4360,01-05-2026,2
4360,29-05-2026,6
4361,03-05-2026,0
4361,10-05-2026,1
4361,07-06-2026,5
4363,18-07-2026,2
4363,25-07-2026,3
4363,29-08-2026,8
4364,19-06-2026,1
4364,26-06-2026,2
4365,08-03-2026,1
4365,15-03-2026,2
4365,31-05-2026,13
4366,09-06-2026,1
4366,11-08-2026,10
4367,13-04-2026,1
4367,27-04-2026,3
4367,18-05-2026,6
4367,22-06-2026,11
4367,06-07-2026,13
4368,21-05-2026,0
4368,30-07-2026,10
4370,31-03-2026,0
4370,19-05-2026,7
4373,19-03-2026,1
4373,18-06-2026,14
4374,03-07-2026,3
4375,13-08-2026,3
4376,28-04-2026,0
4376,16-06-2026,7
4377,04-03-2026,0
4377,11-03-2026,1
4377,18-03-2026,2
4378,14-06-2026,0
4378,28-06-2026,2
4378,05-07-2026,3
4379,06-07-2026,6
4380,11-03-2026,0
4380,22-04-2026,6
4383,09-06-2026,0
4383,16-06-2026,1
4383,30-06-2026,3
4383,18-08-2026,10
4384,14-06-2026,2
4385,20-08-2026,4
4386,07-04-2026,0
4386,21-04-2026,2
4386,30-06-2026,12
4386,21-07-2026,15
4387,08-03-2026,0
4387,29-03-2026,3
4387,10-05-2026,9
4389,08-04-2026,2
4389,15-04-2026,3
4389,29-04-2026,5
4389,13-05-2026,7
4390,16-03-2026,2
4390,06-04-2026,5
4391,12-05-2026,0
4391,02-06-2026,3
4391,18-08-2026,14
4393,07-06-2026,0
4393,14-06-2026,1
4393,21-06-2026,2
4393,28-06-2026,3
4393,05-07-2026,4
4393,02-08-2026,8
4393,09-08-2026,9
4395,09-06-2026,0
4395,16-06-2026,1
4395,07-07-2026,4
4395,28-07-2026,7
4395,11-08-2026,9
4396,20-06-2026,1
4396,27-06-2026,2
4396,04-07-2026,3
4396,11-07-2026,4
4397,05-05-2026,0
4397,09-06-2026,5
4397,07-07-2026,9
4397,28-07-2026,12
4398,18-06-2026,0
4398,25-06-2026,1
4398,02-07-2026,2
4398,09-07-2026,3
4399,08-07-2026,3
4399,15-07-2026,4
4399,12-08-2026,8
4400,24-04-2026,5
4401,03-05-2026,0
4401,10-05-2026,1
4402,11-07-2026,0
4402,22-08-2026,6
4403,21-06-2026,2
4404,27-07-2026,0
4405,08-04-2026,0
4405,27-05-2026,7
4405,03-06-2026,8
4407,14-07-2026,0
4407,28-07-2026,2
4408,11-03-2026,0
4410,22-05-2026,1
4410,12-06-2026,4
4410,14-08-2026,13
4413,25-06-2026,2
4413,23-07-2026,6
4416,10-06-2026,2
4416,17-06-2026,3
4416,24-06-2026,4
4416,01-07-2026,5
4416,15-07-2026,7
4418,24-04-2026,0
4418,01-05-2026,1
4418,15-05-2026,3
4418,05-06-2026,6
4418,12-06-2026,7
4418,31-07-2026,14
4420,05-05-2026,0
4420,12-05-2026,1
4420,02-06-2026,4
4420,09-06-2026,5
4420,07-07-2026,9
4422,19-03-2026,0
4422,26-03-2026,1
4422,21-05-2026,9
4425,14-06-2026,2
4425,28-06-2026,4
4425,26-07-2026,8
4425,16-08-2026,11
4426,17-06-2026,0
4426,24-06-2026,1
4426,01-07-2026,2
4426,05-08-2026,7
4427,21-03-2026,0
4427,28-03-2026,1
4427,04-04-2026,2
4427,16-05-2026,8
4428,25-07-2026,3
4428,15-08-2026,6
4428,22-08-2026,7
4429,28-03-2026,1
4429,23-05-2026,9
4431,19-05-2026,1
4431,09-06-2026,4
4431,23-06-2026,6
4431,07-07-2026,8
4432,07-03-2026,0
4432,14-03-2026,1
4432,21-03-2026,2
4432,04-04-2026,4
4437,14-08-2026,2
4437,21-08-2026,3
4437,28-08-2026,4
4438,03-06-2026,0
4438,24-06-2026,3
4439,30-06-2026,3
4444,13-03-2026,0
4444,20-03-2026,1
4445,08-04-2026,0
4445,15-04-2026,1
4445,29-04-2026,3
4446,31-03-2026,2
4447,12-06-2026,1
4448,25-03-2026,3
4448,15-04-2026,6
4448,29-04-2026,8
4449,06-07-2026,1
4449,13-07-2026,2
4449,03-08-2026,5
4450,27-06-2026,0
4450,15-08-2026,7
4452,08-08-2026,6
4454,18-06-2026,0
4454,02-07-2026,2
4454,23-07-2026,5
4454,30-07-2026,6
4455,02-06-2026,1
4455,16-06-2026,3
4455,30-06-2026,5
4456,09-04-2026,0
4456,16-04-2026,1
4456,23-04-2026,2
4456,14-05-2026,5
4456,21-05-2026,6
4457,17-07-2026,0
4457,24-07-2026,1
4457,07-08-2026,3
4460,20-06-2026,0
4460,27-06-2026,1
4462,30-04-2026,1
4462,30-07-2026,14
4463,16-05-2026,5
4464,14-08-2026,2
4466,20-06-2026,0
4466,27-06-2026,1
4466,04-07-2026,2
4466,01-08-2026,6
4466,08-08-2026,7
4469,26-06-2026,0
4469,10-07-2026,2
4469,24-07-2026,4
4469,07-08-2026,6
4469,28-08-2026,9
4471,16-03-2026,1
4471,06-04-2026,4
4471,01-06-2026,12
4471,08-06-2026,13
4475,04-06-2026,0
4475,18-06-2026,2
4475,25-06-2026,3
4475,16-07-2026,6
4475,30-07-2026,8
4476,25-06-2026,0
4476,02-07-2026,1
4476,30-07-2026,5
4477,06-04-2026,2
4477,13-04-2026,3
4477,20-04-2026,4
4479,15-07-2026,0
4479,29-07-2026,2
4479,05-08-2026,3
4481,11-03-2026,0
4483,29-07-2026,2
4484,21-04-2026,0
4484,26-05-2026,5
4484,23-06-2026,9
4486,10-04-2026,0
4486,17-04-2026,1
4486,24-04-2026,2
4486,01-05-2026,3
4486,08-05-2026,4
4486,15-05-2026,5
4486,24-07-2026,15
4487,18-06-2026,0
4487,23-07-2026,5
4487,20-08-2026,9
4490,18-07-2026,1
4490,08-08-2026,4
4490,22-08-2026,6
4491,18-06-2026,0
4491,09-07-2026,3
4491,23-07-2026,5
4494,05-07-2026,1
4494,19-07-2026,3
4494,02-08-2026,5
4495,26-05-2026,0
4495,16-06-2026,3
4495,30-06-2026,5
4496,02-08-2026,1
4496,16-08-2026,3
4497,11-05-2026,2
4497,18-05-2026,3
4497,01-06-2026,5
4497,13-07-2026,11
4500,30-06-2026,0
4500,07-07-2026,1
4500,21-07-2026,3
4500,28-07-2026,4
4500,04-08-2026,5
4500,25-08-2026,8
4502,27-03-2026,3
4502,01-05-2026,8
4502,15-05-2026,10
4504,01-06-2026,1
4504,22-06-2026,4
4505,20-05-2026,0
4505,03-06-2026,2
4505,10-06-2026,3
4505,17-06-2026,4
4505,24-06-2026,5
4508,10-03-2026,0
4510,02-07-2026,0
4510,20-08-2026,7
4511,28-05-2026,1
4511,04-06-2026,2
4512,17-06-2026,0
4512,01-07-2026,2
4513,18-07-2026,4
4514,18-05-2026,0
4514,01-06-2026,2
4514,15-06-2026,4
4514,29-06-2026,6
4514,06-07-2026,7
4515,15-04-2026,0
4515,22-04-2026,1
4515,29-04-2026,2
4515,13-05-2026,4
4515,03-06-2026,7
4518,07-05-2026,5
4519,19-05-2026,6
4519,07-07-2026,13
4520,01-08-2026,0
4520,15-08-2026,2
4520,29-08-2026,4
4521,17-04-2026,0
4521,22-05-2026,5
4521,29-05-2026,6
4522,28-07-2026,3
4522,04-08-2026,4
4523,08-04-2026,1
4523,03-06-2026,9
4524,08-04-2026,3
4524,20-05-2026,9
4525,23-06-2026,2
4526,06-05-2026,2
4526,13-05-2026,3
4526,15-07-2026,12
4527,12-03-2026,0
4527,19-03-2026,1
4527,26-03-2026,2
4527,16-04-2026,5
4527,30-04-2026,7
4528,22-03-2026,0
4528,29-03-2026,1
4528,05-04-2026,2
4528,26-04-2026,5
4528,03-05-2026,6
4528,10-05-2026,7
4529,14-04-2026,0
4529,21-04-2026,1
4529,19-05-2026,5
4529,02-06-2026,7
4530,13-05-2026,1
4531,24-05-2026,1
4532,01-07-2026,0
4532,29-07-2026,4
4533,25-06-2026,8
4533,06-08-2026,14
4535,12-07-2026,0
4535,19-07-2026,1
4535,16-08-2026,5
4537,24-05-2026,0
4537,02-08-2026,10
4540,03-07-2026,1
4540,31-07-2026,5
4540,07-08-2026,6
4540,14-08-2026,7
4540,21-08-2026,8
4541,30-05-2026,4
4543,11-03-2026,0
4543,10-06-2026,13
4544,14-07-2026,2
4544,28-07-2026,4
4544,11-08-2026,6
4544,25-08-2026,8
4545,21-03-2026,0
4545,18-04-2026,4
4546,22-05-2026,0
4546,29-05-2026,1
4546,05-06-2026,2
4546,12-06-2026,3
4546,03-07-2026,6
4548,18-04-2026,0
4548,09-05-2026,3
4548,13-06-2026,8
4549,10-08-2026,4
4550,27-03-2026,0
4550,03-04-2026,1
4550,10-04-2026,2
4550,01-05-2026,5
4550,08-05-2026,6
4551,02-04-2026,0
4551,23-04-2026,3
4553,02-05-2026,0
4554,17-03-2026,2
4554,31-03-2026,4
4555,02-04-2026,0
4555,11-06-2026,10
4556,15-06-2026,0
4556,22-06-2026,1
4557,11-03-2026,1
4557,06-05-2026,9
4559,16-03-2026,2
4559,30-03-2026,4
4559,06-04-2026,5
4559,18-05-2026,11
4559,25-05-2026,12
4560,30-07-2026,0
4560,06-08-2026,1
4560,20-08-2026,3
4560,27-08-2026,4
4562,08-07-2026,0
4562,15-07-2026,1
4562,19-08-2026,6
4565,16-05-2026,0
4565,23-05-2026,1
4565,30-05-2026,2
4565,06-06-2026,3
4565,04-07-2026,7
4566,05-05-2026,0
4567,21-07-2026,1
4567,28-07-2026,2
4568,02-06-2026,0
4568,16-06-2026,2
4568,30-06-2026,4
4568,07-07-2026,5
4568,18-08-2026,11
4569,19-05-2026,2
4570,02-06-2026,5
4571,13-04-2026,2
4571,20-04-2026,3
4571,08-06-2026,10
4572,27-07-2026,4
4572,24-08-2026,8
4574,27-03-2026,1
4574,10-04-2026,3
4574,24-04-2026,5
4574,29-05-2026,10
4577,13-03-2026,1
4577,08-05-2026,9
4577,22-05-2026,11
4578,10-07-2026,12
4579,16-03-2026,0
4579,23-03-2026,1
4579,30-03-2026,2
4579,06-04-2026,3
4580,31-07-2026,0
4580,07-08-2026,1
4580,14-08-2026,2
4580,21-08-2026,3
4580,28-08-2026,4
4581,26-05-2026,0
4582,31-05-2026,4
4582,14-06-2026,6
4582,28-06-2026,8
4584,07-07-2026,0
4584,25-08-2026,7
4589,05-06-2026,0
4589,12-06-2026,1
4589,19-06-2026,2
4589,26-06-2026,3
4589,03-07-2026,4
4589,10-07-2026,5
4589,17-07-2026,6
4590,19-04-2026,5
4590,03-05-2026,7
4590,28-06-2026,15
4592,13-08-2026,8
4593,20-05-2026,0
4593,27-05-2026,1
4593,03-06-2026,2
4595,16-04-2026,1
4595,30-04-2026,3
4595,28-05-2026,7
4596,03-07-2026,0
4596,10-07-2026,1
4596,17-07-2026,2
4596,28-08-2026,8
4600,20-05-2026,4
4600,08-07-2026,11
4601,29-04-2026,0
4602,14-06-2026,7
4606,18-08-2026,3
4606,25-08-2026,4
4609,09-07-2026,0
4609,16-07-2026,1
4609,30-07-2026,3
4610,20-05-2026,5
4612,16-04-2026,0
4612,23-04-2026,1
4612,07-05-2026,3
4612,21-05-2026,5
4612,28-05-2026,6
4612,16-07-2026,13
4612,30-07-2026,15
4613,25-06-2026,0
4613,02-07-2026,1
4613,23-07-2026,4
4613,27-08-2026,9
4614,02-03-2026,0
4614,16-03-2026,2
4614,23-03-2026,3
4614,11-05-2026,10
4615,18-04-2026,1
4616,02-03-2026,0
4616,23-03-2026,3
4616,30-03-2026,4
4616,06-04-2026,5
4616,13-04-2026,6
4618,26-04-2026,1
4618,10-05-2026,3
4618,31-05-2026,6
4619,16-04-2026,0
4619,07-05-2026,3
4619,14-05-2026,4
4619,04-06-2026,7
4619,02-07-2026,11
4622,23-04-2026,1
4622,28-05-2026,6
4622,09-07-2026,12
4623,03-06-2026,5
4623,10-06-2026,6
4625,01-04-2026,3
4625,03-06-2026,12
4626,01-07-2026,10
4627,18-07-2026,10
4628,02-04-2026,0
4628,09-04-2026,1
4628,30-04-2026,4
4628,18-06-2026,11
4629,09-06-2026,0
4630,07-05-2026,3
4630,28-05-2026,6
4630,18-06-2026,9
4631,24-06-2026,2
4631,01-07-2026,3
4631,08-07-2026,4
4631,15-07-2026,5
4631,29-07-2026,7
4632,29-04-2026,0
4632,17-06-2026,7
4632,24-06-2026,8
4633,01-03-2026,0
4633,08-03-2026,1
4633,05-04-2026,5
4633,19-04-2026,7
4633,07-06-2026,14
4634,07-04-2026,2
4634,21-04-2026,4
4634,12-05-2026,7
4635,30-07-2026,1
4635,06-08-2026,2
4636,01-03-2026,0
4636,15-03-2026,2
4636,10-05-2026,10
4637,01-03-2026,0
4637,22-03-2026,3
4637,19-04-2026,7
4637,10-05-2026,10
4639,26-04-2026,0
4639,10-05-2026,2
4639,07-06-2026,6
4640,28-05-2026,1
4640,04-06-2026,2
4640,20-08-2026,13
4642,04-07-2026,0
4642,29-08-2026,8
4644,06-03-2026,0
4644,17-04-2026,6
4644,01-05-2026,8
4645,22-07-2026,4
4645,26-08-2026,9
4646,20-04-2026,0
4646,27-04-2026,1
4646,04-05-2026,2
4646,11-05-2026,3
4648,27-04-2026,1
4648,04-05-2026,2
4649,02-04-2026,0
4649,23-04-2026,3
4650,06-03-2026,0
4650,27-03-2026,3
4651,06-05-2026,7
4652,15-05-2026,0
4652,22-05-2026,1
4652,29-05-2026,2
4652,26-06-2026,6
4652,31-07-2026,11
4653,20-03-2026,0
4653,17-04-2026,4
4653,01-05-2026,6
4653,08-05-2026,7
4655,11-04-2026,0
4655,02-05-2026,3
4655,09-05-2026,4
4656,25-04-2026,5
4656,16-05-2026,8
4657,02-03-2026,0
4657,16-03-2026,2
4657,30-03-2026,4
4657,06-04-2026,5
4657,27-04-2026,8
4658,06-05-2026,0
4658,10-06-2026,5
4658,24-06-2026,7
4658,08-07-2026,9
4659,09-06-2026,8
4660,11-05-2026,0
4660,18-05-2026,1
4660,01-06-2026,3
4660,08-06-2026,4
4660,15-06-2026,5
4663,10-07-2026,1
4663,07-08-2026,5
4663,21-08-2026,7
4663,28-08-2026,8
4665,09-08-2026,5
4666,02-03-2026,0
4666,09-03-2026,1
4666,23-03-2026,3
4666,13-04-2026,6
4666,20-04-2026,7
4666,27-04-2026,8
4666,08-06-2026,14
4666,22-06-2026,16
4667,31-05-2026,9
4669,21-03-2026,1
4669,04-04-2026,3
4669,11-04-2026,4
4669,18-04-2026,5
4669,25-04-2026,6
4670,28-07-2026,0
4671,12-08-2026,14
4671,19-08-2026,15
4672,06-04-2026,3
4672,25-05-2026,10
4676,17-06-2026,4
4677,08-03-2026,0
4677,05-04-2026,4
4677,17-05-2026,10
4677,24-05-2026,11
4679,27-07-2026,0
4679,03-08-2026,1
4679,10-08-2026,2
4679,17-08-2026,3
4681,04-08-2026,1
4682,04-04-2026,0
4682,11-04-2026,1
4682,09-05-2026,5
4682,16-05-2026,6
4682,01-08-2026,17
4684,08-06-2026,1
4684,22-06-2026,3
4684,20-07-2026,7
4685,08-07-2026,0
4685,29-07-2026,3
4685,12-08-2026,5
4686,23-07-2026,1
4688,04-07-2026,1
4688,11-07-2026,2
4688,25-07-2026,4
4688,01-08-2026,5
4688,08-08-2026,6
4688,22-08-2026,8
4689,27-05-2026,0
4689,29-07-2026,9
4690,01-05-2026,1
4690,10-07-2026,11
4691,25-03-2026,0
4691,01-04-2026,1
4691,29-04-2026,5
4691,24-06-2026,13
4691,15-07-2026,16
4692,22-07-2026,0
4692,29-07-2026,1
4692,05-08-2026,2
4692,12-08-2026,3
4693,09-06-2026,0
4693,16-06-2026,1
4693,07-07-2026,4
4693,21-07-2026,6
4694,09-04-2026,2
4694,16-04-2026,3
4694,11-06-2026,11
4695,18-07-2026,1
4695,25-07-2026,2
4697,02-03-2026,0
4697,09-03-2026,1
4697,23-03-2026,3
4697,27-04-2026,8
4698,11-07-2026,0
4698,25-07-2026,2
4699,01-08-2026,0
4699,08-08-2026,1
4699,22-08-2026,3
4701,02-04-2026,0
4701,07-05-2026,5
4701,21-05-2026,7
4701,11-06-2026,10
4702,06-06-2026,0
4702,13-06-2026,1
4702,20-06-2026,2
4702,11-07-2026,5
4702,08-08-2026,9
4704,03-06-2026,0
4704,10-06-2026,1
4704,17-06-2026,2
4705,25-07-2026,0
4705,01-08-2026,1
4705,29-08-2026,5
4707,26-06-2026,2
4707,03-07-2026,3
4707,31-07-2026,7
4709,10-07-2026,1
4709,17-07-2026,2
4709,28-08-2026,8
4711,17-06-2026,0
4711,24-06-2026,1
4711,01-07-2026,2
4711,08-07-2026,3
4711,15-07-2026,4
4712,02-08-2026,1
4712,16-08-2026,3
4713,31-07-2026,0
4713,07-08-2026,1
4713,14-08-2026,2
4713,28-08-2026,4
4714,17-05-2026,0
4714,24-05-2026,1
4716,08-05-2026,0
4716,15-05-2026,1
4716,29-05-2026,3
4716,05-06-2026,4
4716,19-06-2026,6
4716,10-07-2026,9
4716,07-08-2026,13
4717,09-07-2026,0
4717,20-08-2026,6
4720,18-07-2026,5
4720,01-08-2026,7
4720,15-08-2026,9
4721,02-05-2026,0
4721,22-08-2026,16
4722,24-03-2026,0
4722,07-04-2026,2
4722,28-04-2026,5
4722,07-07-2026,15
4722,14-07-2026,16
4723,02-04-2026,0
4723,23-04-2026,3
4724,21-07-2026,0
4724,28-07-2026,1
4724,04-08-2026,2
4725,30-06-2026,1
4725,14-07-2026,3
4725,21-07-2026,4
4725,28-07-2026,5
4726,15-04-2026,0
4726,22-04-2026,1
4726,27-05-2026,6
4726,29-07-2026,15
4726,05-08-2026,16
4728,10-04-2026,0
4728,17-04-2026,1
4731,22-04-2026,0
4731,29-04-2026,1
4731,13-05-2026,3
4731,20-05-2026,4
4732,17-07-2026,3
4732,24-07-2026,4
4732,14-08-2026,7
4732,28-08-2026,9
4733,29-06-2026,0
4733,13-07-2026,2
4735,18-05-2026,6
4735,27-07-2026,16
4736,30-04-2026,1
4736,07-05-2026,2
4736,25-06-2026,9
4737,05-05-2026,4
4738,20-07-2026,1
4739,17-08-2026,5
4740,26-04-2026,0
4740,03-05-2026,1
4740,10-05-2026,2
4740,17-05-2026,3
4741,10-04-2026,0
4741,17-04-2026,1
4741,01-05-2026,3
4741,15-05-2026,5
4741,29-05-2026,7
4742,04-05-2026,0
4742,11-05-2026,1
4742,25-05-2026,3
4742,01-06-2026,4
4742,15-06-2026,6
4742,22-06-2026,7
4742,27-07-2026,12
4743,31-03-2026,2
4743,12-05-2026,8
4744,11-04-2026,1
4744,18-04-2026,2
4744,11-07-2026,14
4745,13-05-2026,0
4746,03-05-2026,1
4746,24-05-2026,4
4746,07-06-2026,6
4747,20-03-2026,0
4747,03-04-2026,2
4748,30-03-2026,3
4749,19-06-2026,3
4750,09-06-2026,1
4750,23-06-2026,3
4750,25-08-2026,12
4752,28-05-2026,0
4752,04-06-2026,1
4752,11-06-2026,2
4752,25-06-2026,4
4752,16-07-2026,7
4752,27-08-2026,13
4753,27-05-2026,1
4753,10-06-2026,3
4753,12-08-2026,12
4753,19-08-2026,13
4754,31-07-2026,2
4754,21-08-2026,5
4755,27-04-2026,0
4755,11-05-2026,2
4755,25-05-2026,4
4755,22-06-2026,8
4755,29-06-2026,9
4755,24-08-2026,17
4757,08-07-2026,4
4758,11-05-2026,5
4758,01-06-2026,8
4759,03-03-2026,0
4759,17-03-2026,2
4759,24-03-2026,3
4759,14-04-2026,6
4759,05-05-2026,9
4760,08-03-2026,1
4760,15-03-2026,2
4760,22-03-2026,3
4760,19-04-2026,7
4760,10-05-2026,10
4761,20-07-2026,1
4762,01-07-2026,0
4762,08-07-2026,1
4762,15-07-2026,2
4762,29-07-2026,4
4762,19-08-2026,7
4765,14-06-2026,0
4765,05-07-2026,3
4765,12-07-2026,4
4765,26-07-2026,6
4765,02-08-2026,7
4766,03-07-2026,0
4766,31-07-2026,4
4767,14-07-2026,0
4767,18-08-2026,5
4768,04-07-2026,14
4769,08-06-2026,2
4769,15-06-2026,3
4769,13-07-2026,7
4770,27-06-2026,0
4770,11-07-2026,2
4770,01-08-2026,5
4770,29-08-2026,9
4773,26-07-2026,0
4773,16-08-2026,3
4774,19-06-2026,0
4774,03-07-2026,2
4774,17-07-2026,4
4774,24-07-2026,5
4774,07-08-2026,7
4774,14-08-2026,8
4775,14-03-2026,1
4775,25-04-2026,7
4777,17-06-2026,1
4777,15-07-2026,5
4779,14-04-2026,1
4779,28-04-2026,3
4779,19-05-2026,6
4780,01-07-2026,1
4781,06-03-2026,0
4781,13-03-2026,1
4781,27-03-2026,3
4781,01-05-2026,8
4781,26-06-2026,16
4782,23-04-2026,0
4782,11-06-2026,7
4782,09-07-2026,11
4783,05-08-2026,5
4783,26-08-2026,8
4786,25-07-2026,2
4786,01-08-2026,3
4787,13-03-2026,0
4787,20-03-2026,1
4788,15-04-2026,2
4788,22-04-2026,3
4788,15-07-2026,15
4791,09-05-2026,2
4791,04-07-2026,10
4793,29-05-2026,1
4793,07-08-2026,11
4794,18-06-2026,0
4794,25-06-2026,1
4794,02-07-2026,2
4794,09-07-2026,3
4794,23-07-2026,5
4794,13-08-2026,8
4794,27-08-2026,10
4796,27-04-2026,0
4796,08-06-2026,6
4799,20-07-2026,1
4800,18-06-2026,1
4802,19-03-2026,1
4802,26-03-2026,2
4802,21-05-2026,10
4802,09-07-2026,17
4803,05-05-2026,1
4804,04-08-2026,1
4804,25-08-2026,4
4805,24-03-2026,0
4805,31-03-2026,1
4805,21-04-2026,4
4805,05-05-2026,6
4805,12-05-2026,7
4807,31-03-2026,0
4807,07-04-2026,1
4807,21-04-2026,3
4807,28-04-2026,4
4807,12-05-2026,6
4807,19-05-2026,7
4808,28-05-2026,10
4809,05-03-2026,0
4809,12-03-2026,1
4809,19-03-2026,2
4809,26-03-2026,3
4809,02-04-2026,4
4809,09-04-2026,5
4810,28-05-2026,0
4810,04-06-2026,1
4810,11-06-2026,2
4811,13-07-2026,0
4813,11-06-2026,0
4813,18-06-2026,1
4813,25-06-2026,2
4813,09-07-2026,4
4813,16-07-2026,5
4813,20-08-2026,10
4814,24-03-2026,2
4814,07-04-2026,4
4814,19-05-2026,10
4818,03-06-2026,0
4818,24-06-2026,3
4818,01-07-2026,4
4818,29-07-2026,8
4819,26-07-2026,0
4819,16-08-2026,3
4819,23-08-2026,4
4820,18-07-2026,0
4820,25-07-2026,1
4820,01-08-2026,2
4820,08-08-2026,3
4824,17-03-2026,0
4824,28-04-2026,6
4825,07-03-2026,0
4825,14-03-2026,1
4825,04-04-2026,4
4825,18-04-2026,6
4826,28-04-2026,4
4827,03-07-2026,0
4827,17-07-2026,2
4827,07-08-2026,5
4827,14-08-2026,6
4832,05-06-2026,0
4832,26-06-2026,3
4833,29-06-2026,3
4833,20-07-2026,6
4834,21-03-2026,0
4834,04-04-2026,2
4836,06-06-2026,0
4836,20-06-2026,2
4836,27-06-2026,3
4836,04-07-2026,4
4838,13-03-2026,0
4838,20-03-2026,1
4838,10-04-2026,4
4838,08-05-2026,8
4838,15-05-2026,9
4839,10-05-2026,0
4839,24-05-2026,2
4839,07-06-2026,4
4839,23-08-2026,15
4840,06-07-2026,0
4840,17-08-2026,6
4845,11-03-2026,1
4845,25-03-2026,3
4845,06-05-2026,9
4846,07-06-2026,0
4846,28-06-2026,3
4846,02-08-2026,8
4846,16-08-2026,10
4847,22-05-2026,3
4847,05-06-2026,5
4847,17-07-2026,11
4848,23-04-2026,3
4849,30-06-2026,4
4849,21-07-2026,7
4851,15-04-2026,3
4851,22-04-2026,4
4854,23-03-2026,0
4854,13-04-2026,3
4854,20-04-2026,4
4854,11-05-2026,7
4855,24-07-2026,1
4855,07-08-2026,3
4856,26-04-2026,3
4856,03-05-2026,4
4856,17-05-2026,6
4857,04-05-2026,0
4857,25-05-2026,3
4857,27-07-2026,12
4857,17-08-2026,15
4858,06-04-2026,1
4858,04-05-2026,5
4858,18-05-2026,7
4858,13-07-2026,15
4861,15-06-2026,0
4861,22-06-2026,1
4861,29-06-2026,2
4861,06-07-2026,3
4861,10-08-2026,8
4862,20-07-2026,2
4862,27-07-2026,3
4862,10-08-2026,5
4862,17-08-2026,6
4863,30-03-2026,3
4863,01-06-2026,12
4863,29-06-2026,16
4864,09-03-2026,0
4864,18-05-2026,10
4866,25-03-2026,0
4866,08-04-2026,2
4867,13-04-2026,1
4867,20-04-2026,2
4867,11-05-2026,5
4867,20-07-2026,15
4869,23-06-2026,0
4869,07-07-2026,2
4870,02-03-2026,0
4870,16-03-2026,2
4870,23-03-2026,3
4870,30-03-2026,4
4871,31-07-2026,3
4872,09-06-2026,0
4872,16-06-2026,1
4872,14-07-2026,5
4872,28-07-2026,7
4872,25-08-2026,11
4873,02-06-2026,0
4873,07-07-2026,5
4873,14-07-2026,6
4873,25-08-2026,12
4874,08-04-2026,0
4874,15-04-2026,1
4874,29-04-2026,3
4874,10-06-2026,9
4875,20-04-2026,0
4875,25-05-2026,5
4875,22-06-2026,9
4876,08-05-2026,0
4876,15-05-2026,1
4876,05-06-2026,4
4876,26-06-2026,7
4878,20-07-2026,9
4879,11-07-2026,0
4879,18-07-2026,1
4879,15-08-2026,5
4880,23-03-2026,0
4880,30-03-2026,1
4880,06-04-2026,2
4880,13-04-2026,3
4880,20-04-2026,4
4880,18-05-2026,8
4880,25-05-2026,9
4881,28-05-2026,0
4881,18-06-2026,3
4881,25-06-2026,4
4881,16-07-2026,7
4881,20-08-2026,12
4881,27-08-2026,13
4882,10-05-2026,0
4882,12-07-2026,9
4883,31-05-2026,0
4883,07-06-2026,1
4883,28-06-2026,4
4883,09-08-2026,10
4884,31-03-2026,3
4888,25-04-2026,0
4888,30-05-2026,5
4889,27-05-2026,1
4889,03-06-2026,2
4891,27-06-2026,1
4891,04-07-2026,2
4891,11-07-2026,3
4891,18-07-2026,4
4891,08-08-2026,7
4892,09-04-2026,0
4892,18-06-2026,10
4892,25-06-2026,11
4895,01-04-2026,0
4895,22-04-2026,3
4895,29-07-2026,17
4896,03-07-2026,0
4896,10-07-2026,1
4897,30-03-2026,2
4900,09-06-2026,2
4901,15-05-2026,0
4901,29-05-2026,2
4901,24-07-2026,10
4901,31-07-2026,11
4901,07-08-2026,12
4902,11-03-2026,1
4902,25-03-2026,3
4904,12-08-2026,3
4904,19-08-2026,4
4905,22-05-2026,9
4906,11-06-2026,0
4906,13-08-2026,9
4910,13-05-2026,0
4910,03-06-2026,3
4911,18-05-2026,2
4912,13-07-2026,0
4912,27-07-2026,2
4912,10-08-2026,4
4914,13-04-2026,1
4914,27-04-2026,3
4914,04-05-2026,4
4915,14-03-2026,1
4915,21-03-2026,2
4915,18-04-2026,6
4917,22-06-2026,1
4917,29-06-2026,2
4917,03-08-2026,7
4917,10-08-2026,8
4919,16-04-2026,4
4919,30-04-2026,6
4919,14-05-2026,8
4921,14-03-2026,0
4921,28-03-2026,2
4921,04-04-2026,3
4921,11-04-2026,4
4923,13-07-2026,4
4924,17-04-2026,2
4926,07-05-2026,0
4926,14-05-2026,1
4926,25-06-2026,7
4926,23-07-2026,11
4927,16-03-2026,1
4927,23-03-2026,2
4927,06-04-2026,4
4927,08-06-2026,13
4930,17-08-2026,8
4931,28-03-2026,1
4931,04-04-2026,2
4931,25-04-2026,5
4931,02-05-2026,6
4931,16-05-2026,8
4934,28-05-2026,3
4934,23-07-2026,11
4935,20-07-2026,4
4935,27-07-2026,5
4936,01-04-2026,1
4936,08-04-2026,2
4936,22-04-2026,4
4936,29-04-2026,5
4937,30-04-2026,0
4937,07-05-2026,1
4937,18-06-2026,7
4939,19-04-2026,1
4939,26-04-2026,2
4939,17-05-2026,5
4939,31-05-2026,7
4939,14-06-2026,9
4939,21-06-2026,10
4939,28-06-2026,11
4939,23-08-2026,19
4940,25-05-2026,2
4940,08-06-2026,4
4940,06-07-2026,8
4940,27-07-2026,11
4941,07-04-2026,3
4942,26-07-2026,0
4942,02-08-2026,1
4942,30-08-2026,5
4943,26-06-2026,0
4943,03-07-2026,1
4943,17-07-2026,3
4943,31-07-2026,5
4943,21-08-2026,8
4945,29-05-2026,1
4945,05-06-2026,2
4947,15-07-2026,3
4947,22-07-2026,4
4947,05-08-2026,6
4948,16-05-2026,0
4948,23-05-2026,1
4948,06-06-2026,3
4948,04-07-2026,7
4949,04-07-2026,0
4949,18-07-2026,2
4949,08-08-2026,5
4950,03-08-2026,1
4950,10-08-2026,2
4951,13-04-2026,1
4951,27-04-2026,3
4951,01-06-2026,8
4952,24-04-2026,5
4952,01-05-2026,6
4952,10-07-2026,16
4953,09-04-2026,0
4953,16-04-2026,1
4953,07-05-2026,4
4957,25-04-2026,1
4957,16-05-2026,4
4957,23-05-2026,5
4957,30-05-2026,6
4958,15-03-2026,0
4958,29-03-2026,2
4958,05-04-2026,3
4958,12-04-2026,4
4958,19-04-2026,5
4958,24-05-2026,10
4959,23-06-2026,0
4959,30-06-2026,1
4959,14-07-2026,3
4959,04-08-2026,6
4959,11-08-2026,7
4961,24-04-2026,1
4962,13-05-2026,5
4963,04-06-2026,2
4963,06-08-2026,11
4964,31-07-2026,2
4964,21-08-2026,5
4964,28-08-2026,6
4965,31-05-2026,1
4965,26-07-2026,9
4966,13-05-2026,1
4966,20-05-2026,2
4966,17-06-2026,6
4968,21-06-2026,14
4969,25-06-2026,0
4970,18-04-2026,0
4970,09-05-2026,3
4970,06-06-2026,7
4973,26-05-2026,0
4973,02-06-2026,1
4973,23-06-2026,4
4974,04-05-2026,2
4974,01-06-2026,6
4974,08-06-2026,7
4974,22-06-2026,9
4974,29-06-2026,10
4975,10-05-2026,0
4975,24-05-2026,2
4975,21-06-2026,6
4975,28-06-2026,7
4977,19-03-2026,0
4977,02-04-2026,2
4977,30-04-2026,6
4977,21-05-2026,9
4977,11-06-2026,12
4979,08-07-2026,0
4979,22-07-2026,2
4979,29-07-2026,3
4979,12-08-2026,5
4980,11-05-2026,0
4980,18-05-2026,1
4980,25-05-2026,2
4980,01-06-2026,3
4981,07-04-2026,0
4981,14-04-2026,1
4981,05-05-2026,4
4981,26-05-2026,7
4981,16-06-2026,10
4982,03-04-2026,2
4982,19-06-2026,13
4985,23-08-2026,9
4986,28-06-2026,2
4986,05-07-2026,3
4988,21-05-2026,0
4990,07-05-2026,0
4990,21-05-2026,2
4990,04-06-2026,4
4990,23-07-2026,11
4991,13-08-2026,2
4991,20-08-2026,3
4992,05-05-2026,0
4992,09-06-2026,5
4993,30-07-2026,2
4993,06-08-2026,3
4994,02-04-2026,0
4994,09-04-2026,1
4994,16-04-2026,2
4994,21-05-2026,7
4995,06-07-2026,4
4995,20-07-2026,6
4996,27-04-2026,0
4996,04-05-2026,1
4996,11-05-2026,2
4996,17-08-2026,16
4999,13-06-2026,10
4999,04-07-2026,13
5001,01-03-2026,0
5001,08-03-2026,1
5001,22-03-2026,3
5002,05-06-2026,0
5002,12-06-2026,1
5002,26-06-2026,3
5002,31-07-2026,8
5003,31-07-2026,4
5003,21-08-2026,7
5005,17-07-2026,0
5005,28-08-2026,6
5006,05-05-2026,3
5007,05-06-2026,0
5007,12-06-2026,1
5007,03-07-2026,4
5007,10-07-2026,5
5008,23-06-2026,0
5009,14-04-2026,1
5009,02-06-2026,8
5011,27-03-2026,0
5011,03-04-2026,1
5013,28-05-2026,2
5013,04-06-2026,3
5013,16-07-2026,9
5014,22-05-2026,5
5014,29-05-2026,6
5014,05-06-2026,7
5014,26-06-2026,10
5016,26-03-2026,0
5016,16-04-2026,3
5016,23-04-2026,4
5016,07-05-2026,6
5016,28-05-2026,9
5016,18-06-2026,12
5017,13-05-2026,0
5017,20-05-2026,1
5017,03-06-2026,3
5017,10-06-2026,4
5019,14-06-2026,8
5019,28-06-2026,10
5019,09-08-2026,16
5020,21-06-2026,2
5020,12-07-2026,5
5020,26-07-2026,7
5024,06-04-2026,3
5025,11-05-2026,0
5025,03-08-2026,12
5026,25-03-2026,0
5026,08-04-2026,2
5026,29-04-2026,5
5026,13-05-2026,7
5029,06-06-2026,1
5029,13-06-2026,2
5029,04-07-2026,5
5029,08-08-2026,10
5030,27-06-2026,6
5031,21-03-2026,0
5031,28-03-2026,1
5031,11-04-2026,3
5032,04-05-2026,1
5032,18-05-2026,3
5032,15-06-2026,7
5032,13-07-2026,11
5033,05-05-2026,0
5033,26-05-2026,3
5033,09-06-2026,5
5033,28-07-2026,12
5034,28-03-2026,0
5035,22-03-2026,0
5035,14-06-2026,12
5037,08-08-2026,15
5037,15-08-2026,16
5038,18-07-2026,0
5039,18-03-2026,2
5039,15-04-2026,6
5039,06-05-2026,9
5040,06-04-2026,2
5040,13-04-2026,3
5041,16-07-2026,0
5041,23-07-2026,1
5045,30-03-2026,1
5045,20-04-2026,4
5045,04-05-2026,6
5046,08-07-2026,0
5046,15-07-2026,1
5046,22-07-2026,2
5046,29-07-2026,3
5046,05-08-2026,4
5046,26-08-2026,7
5047,08-05-2026,0
5047,29-05-2026,3
5049,03-06-2026,3
5049,19-08-2026,14
5050,26-05-2026,0
5050,02-06-2026,1
5050,16-06-2026,3
5050,23-06-2026,4
5050,07-07-2026,6
5052,06-05-2026,0
5052,13-05-2026,1
5052,20-05-2026,2
5052,03-06-2026,4
5052,10-06-2026,5
5053,21-07-2026,0
5054,23-06-2026,0
5054,30-06-2026,1
5054,28-07-2026,5
5055,25-05-2026,0
5056,14-05-2026,0
5058,08-06-2026,2
5060,02-07-2026,0
5060,09-07-2026,1
5060,23-07-2026,3
5060,06-08-2026,5
5061,14-07-2026,6
5061,11-08-2026,10
5062,07-04-2026,0
5062,14-04-2026,1
5062,09-06-2026,9
5063,16-03-2026,0
5063,30-03-2026,2
5063,06-04-2026,3
5063,13-04-2026,4
5063,20-04-2026,5
5063,27-04-2026,6
5063,01-06-2026,11
5063,22-06-2026,14
5066,03-07-2026,0
5066,14-08-2026,6
5067,21-07-2026,1
5067,28-07-2026,2
5067,25-08-2026,6
5068,08-08-2026,1
5068,15-08-2026,2
5068,29-08-2026,4
5071,13-05-2026,0
5071,20-05-2026,1
5071,24-06-2026,6
5071,05-08-2026,12
5072,26-06-2026,0
5072,10-07-2026,2
5074,31-03-2026,4
5075,08-04-2026,0
5076,01-08-2026,0
5076,22-08-2026,3
5076,29-08-2026,4
5080,06-08-2026,17
5080,13-08-2026,18
5081,26-03-2026,0
5081,02-04-2026,1
5081,09-04-2026,2
5081,16-04-2026,3
5081,23-04-2026,4
5081,07-05-2026,6
5081,18-06-2026,12
5082,15-04-2026,6
5084,10-08-2026,2
5085,28-05-2026,3
5087,02-06-2026,0
5087,16-06-2026,2
5087,07-07-2026,5
5087,21-07-2026,7
5087,25-08-2026,12
5088,29-07-2026,0
5088,12-08-2026,2
5089,18-07-2026,0
5091,29-03-2026,0
5091,19-04-2026,3
5094,10-08-2026,7
5095,19-07-2026,1
5095,16-08-2026,5
5095,30-08-2026,7
5096,03-04-2026,0
5096,10-04-2026,1
5096,26-06-2026,12
5096,03-07-2026,13
5097,02-06-2026,1
5097,23-06-2026,4
5097,07-07-2026,6
5098,11-07-2026,0
5098,18-07-2026,1
5098,01-08-2026,3
5099,13-04-2026,0
5099,15-06-2026,9
5099,06-07-2026,12
5099,03-08-2026,16
5100,07-07-2026,0
5100,14-07-2026,1
5100,28-07-2026,3
5100,04-08-2026,4
5102,22-03-2026,0
5102,29-03-2026,1
5102,19-04-2026,4
5102,17-05-2026,8
5102,24-05-2026,9
5103,19-06-2026,0
5104,14-06-2026,0
5104,28-06-2026,2
5104,19-07-2026,5
5105,17-05-2026,0
5105,14-06-2026,4
5105,19-07-2026,9
5107,02-04-2026,1
5107,21-05-2026,8
5109,27-06-2026,2
5111,26-07-2026,8
5113,17-08-2026,4
5114,13-03-2026,0
5114,08-05-2026,8
5114,26-06-2026,15
5117,07-05-2026,1
5117,14-05-2026,2
5117,21-05-2026,3
5117,28-05-2026,4
5117,18-06-2026,7
5118,18-06-2026,0
5118,25-06-2026,1
5118,02-07-2026,2
5118,09-07-2026,3
5119,15-05-2026,0
5119,19-06-2026,5
5119,03-07-2026,7
5120,09-07-2026,0
5120,16-07-2026,1
5120,06-08-2026,4
5122,18-07-2026,0
5122,25-07-2026,1
5122,29-08-2026,6
5124,20-06-2026,0
5124,27-06-2026,1
5124,04-07-2026,2
5124,22-08-2026,9
5125,15-03-2026,0
5125,22-03-2026,1
5125,05-04-2026,3
5126,26-07-2026,1
5126,02-08-2026,2
5126,30-08-2026,6
5131,11-05-2026,6
5132,10-04-2026,1
5132,24-04-2026,3
5132,12-06-2026,10
5133,11-07-2026,0
5133,18-07-2026,1
5133,01-08-2026,3
5135,03-07-2026,3
5137,30-06-2026,1
5137,11-08-2026,7
5139,13-03-2026,1
5139,20-03-2026,2
5140,11-04-2026,0
5142,13-05-2026,2
5142,05-08-2026,14
5143,01-03-2026,0
5143,08-03-2026,1
5143,15-03-2026,2
5143,22-03-2026,3
5143,29-03-2026,4
5143,05-04-2026,5
5145,17-03-2026,1
5145,24-03-2026,2
5145,07-04-2026,4
5146,15-05-2026,1
5146,05-06-2026,4
5146,03-07-2026,8
5149,09-04-2026,0
5149,16-04-2026,1
5149,07-05-2026,4
5150,12-08-2026,2
5150,19-08-2026,3
5151,29-07-2026,0
5151,05-08-2026,1
5151,12-08-2026,2
5151,26-08-2026,4
5152,01-04-2026,0
5152,29-04-2026,4
5152,13-05-2026,6
5153,22-03-2026,0
5153,02-08-2026,19
5154,28-07-2026,1
5154,11-08-2026,3
5156,11-04-2026,4
5156,18-04-2026,5
5156,02-05-2026,7
5156,30-05-2026,11
5157,13-08-2026,2
5157,20-08-2026,3
5158,05-07-2026,0
5158,30-08-2026,8
5160,14-06-2026,3
5160,28-06-2026,5
5160,12-07-2026,7
5161,06-03-2026,0
5161,17-04-2026,6
5161,01-05-2026,8
5162,04-07-2026,0
5162,11-07-2026,1
5162,25-07-2026,3
5162,15-08-2026,6
5163,04-04-2026,1
5163,09-05-2026,6
5163,23-05-2026,8
5163,04-07-2026,14
5165,16-05-2026,2
5165,30-05-2026,4
5166,12-03-2026,0
5166,19-03-2026,1
5166,26-03-2026,2
5166,23-04-2026,6
5169,28-06-2026,3
5171,19-05-2026,5
5172,08-07-2026,1
5172,29-07-2026,4
5175,10-07-2026,0
5176,23-03-2026,0
5176,30-03-2026,1
5176,13-04-2026,3
5176,04-05-2026,6
5176,22-06-2026,13
5177,11-05-2026,2
5178,12-07-2026,1
5178,19-07-2026,2
5178,26-07-2026,3
5179,01-04-2026,1
5179,22-04-2026,4
5179,20-05-2026,8
5180,03-03-2026,0
5180,10-03-2026,1
5180,24-03-2026,3
5180,31-03-2026,4
5180,14-04-2026,6
5180,02-06-2026,13
5181,09-05-2026,7
5182,01-07-2026,0
5186,09-07-2026,0
5186,30-07-2026,3
5187,05-05-2026,4
5188,19-04-2026,0
5188,26-04-2026,1
5188,26-07-2026,14
5188,23-08-2026,18
5189,07-06-2026,3
5189,21-06-2026,5
5189,12-07-2026,8
5190,25-04-2026,0
5190,02-05-2026,1
5190,23-05-2026,4
5191,22-06-2026,0
5191,03-08-2026,6
5192,02-05-2026,4
5193,15-03-2026,2
5193,29-03-2026,4
5193,24-05-2026,12
5194,29-03-2026,0
5194,05-04-2026,1
5195,30-06-2026,3
5195,28-07-2026,7
5195,18-08-2026,10
5197,11-07-2026,1
5197,18-07-2026,2
5197,08-08-2026,5
5197,22-08-2026,7
5198,20-07-2026,3
5198,24-08-2026,8
5199,21-05-2026,0
5200,08-04-2026,1
5200,22-07-2026,16
5201,28-07-2026,0
5201,18-08-2026,3
5201,25-08-2026,4
5202,04-04-2026,2
5202,11-04-2026,3
5202,18-04-2026,4
5203,17-07-2026,1
5203,31-07-2026,3
5203,14-08-2026,5
5203,21-08-2026,6
5205,01-07-2026,0
5205,08-07-2026,1
5205,29-07-2026,4
5205,26-08-2026,8
5206,03-08-2026,1
5207,07-07-2026,3
5208,11-06-2026,1
5208,30-07-2026,8
5209,13-08-2026,6
5212,20-03-2026,1
5212,27-03-2026,2
5212,10-04-2026,4
5212,22-05-2026,10
5213,26-06-2026,3
5213,03-07-2026,4
5215,06-05-2026,0
5215,13-05-2026,1
5215,27-05-2026,3
5215,05-08-2026,13
5216,14-07-2026,6
5217,06-03-2026,0
5217,27-03-2026,3
5217,17-04-2026,6
5218,29-05-2026,1
5218,12-06-2026,3
5220,10-06-2026,1
5220,24-06-2026,3
5220,22-07-2026,7
5220,29-07-2026,8
5221,03-07-2026,4
5221,24-07-2026,7
5222,19-03-2026,0
5222,16-04-2026,4
5223,17-04-2026,5
5224,26-05-2026,3
5224,21-07-2026,11
5224,18-08-2026,15
5227,19-05-2026,0
5227,26-05-2026,1
5227,02-06-2026,2
5228,29-04-2026,0
5228,06-05-2026,1
5228,13-05-2026,2
5228,24-06-2026,8
5229,28-06-2026,2
5230,14-07-2026,6
5230,18-08-2026,11
5232,08-08-2026,3
5233,09-08-2026,2
5236,23-06-2026,0
5236,07-07-2026,2
5237,10-06-2026,0
5237,17-06-2026,1
5237,01-07-2026,3
5237,22-07-2026,6
5238,27-06-2026,0
5239,02-06-2026,1
5239,23-06-2026,4
5239,07-07-2026,6
5242,19-07-2026,0
5242,26-07-2026,1
5242,30-08-2026,6
5243,11-06-2026,0
5243,23-07-2026,6
5243,27-08-2026,11
5244,03-04-2026,0
5244,10-04-2026,1
5244,17-04-2026,2
5245,19-07-2026,0
5245,26-07-2026,1
5247,12-06-2026,0
5247,19-06-2026,1
5248,06-03-2026,0
5248,20-03-2026,2
5248,10-04-2026,5
5248,24-04-2026,7
5249,08-05-2026,0
5249,15-05-2026,1
5249,22-05-2026,2
5249,12-06-2026,5
5250,28-06-2026,6
5251,04-05-2026,4
5251,11-05-2026,5
5252,08-06-2026,0
5252,06-07-2026,4
5252,10-08-2026,9
5252,24-08-2026,11
5253,17-03-2026,0
5253,14-04-2026,4
5253,21-04-2026,5
5253,05-05-2026,7
5253,19-05-2026,9
5253,26-05-2026,10
5253,07-07-2026,16
5254,21-07-2026,1
5254,28-07-2026,2
5254,04-08-2026,3
5254,18-08-2026,5
5255,01-05-2026,5
5255,08-05-2026,6
5255,22-05-2026,8
5256,06-03-2026,0
5256,20-03-2026,2
5256,24-04-2026,7
5256,10-07-2026,18
5257,06-07-2026,0
5257,03-08-2026,4
5257,10-08-2026,5
5258,11-04-2026,1
5258,18-04-2026,2
5258,25-04-2026,3
5258,02-05-2026,4
5258,15-08-2026,19
5259,15-06-2026,0
5259,29-06-2026,2
5259,20-07-2026,5
5260,06-07-2026,2
5260,17-08-2026,8
5261,11-04-2026,2
5261,25-04-2026,4
5261,09-05-2026,6
5262,10-04-2026,0
5262,17-04-2026,1
5262,24-04-2026,2
5262,01-05-2026,3
5262,08-05-2026,4
5262,15-05-2026,5
5262,05-06-2026,8
5263,29-05-2026,1
5263,05-06-2026,2
5264,07-06-2026,0
5264,21-06-2026,2
5265,29-07-2026,0
5265,12-08-2026,2
5266,09-08-2026,2
5266,16-08-2026,3
5266,30-08-2026,5
5267,17-05-2026,0
5267,07-06-2026,3
5267,19-07-2026,9
5268,13-03-2026,1
5268,20-03-2026,2
5268,17-04-2026,6
5268,29-05-2026,12
5269,01-06-2026,0
5269,29-06-2026,4
5269,20-07-2026,7
5270,08-08-2026,1
5270,15-08-2026,2
5270,29-08-2026,4
5273,06-08-2026,1
5274,19-06-2026,0
5274,17-07-2026,4
5274,31-07-2026,6
5274,07-08-2026,7
5275,13-04-2026,1
5275,18-05-2026,6
5275,25-05-2026,7
5275,08-06-2026,9
5275,06-07-2026,13
5276,31-05-2026,0
5276,05-07-2026,5
5276,26-07-2026,8
5277,13-05-2026,4
5280,22-06-2026,0
5280,29-06-2026,1
5280,13-07-2026,3
5280,20-07-2026,4
5281,13-04-2026,1
5281,27-04-2026,3
5281,04-05-2026,4
5282,16-04-2026,1
5282,07-05-2026,4
5282,21-05-2026,6
5282,04-06-2026,8
5282,13-08-2026,18
5283,17-06-2026,2
5283,08-07-2026,5
5284,07-04-2026,2
5284,14-04-2026,3
5284,21-07-2026,17
5285,08-04-2026,5
5286,14-06-2026,0
5286,21-06-2026,1
5286,05-07-2026,3
5286,09-08-2026,8
5286,30-08-2026,11
5287,24-05-2026,0
5287,14-06-2026,3
5287,28-06-2026,5
5287,05-07-2026,6
5289,08-03-2026,0
5289,15-03-2026,1
5289,22-03-2026,2
5290,01-07-2026,1
5290,12-08-2026,7
5291,13-05-2026,3
5291,17-06-2026,8
5292,18-07-2026,1
5292,22-08-2026,6
5293,01-07-2026,0
5294,18-03-2026,0
5296,27-07-2026,2
5296,03-08-2026,3
5296,17-08-2026,5
5297,19-07-2026,1
5298,16-03-2026,0
5298,06-04-2026,3
5298,13-04-2026,4
5298,27-04-2026,6
5299,25-05-2026,3
5299,03-08-2026,13
5300,03-06-2026,0
5300,10-06-2026,1
5300,17-06-2026,2
5300,08-07-2026,5
5300,12-08-2026,10
5301,11-03-2026,0
5301,01-04-2026,3
5301,08-04-2026,4
5301,20-05-2026,10
5301,17-06-2026,14
5302,14-07-2026,3
5303,17-06-2026,0
5303,01-07-2026,2
5303,08-07-2026,3
5303,15-07-2026,4
5303,29-07-2026,6
5305,07-03-2026,0
5305,14-03-2026,1
5305,18-04-2026,6
5305,02-05-2026,8
5306,20-05-2026,1
5306,03-06-2026,3
5306,01-07-2026,7
5307,01-06-2026,1
5307,08-06-2026,2
5307,13-07-2026,7
5309,13-06-2026,0
5309,27-06-2026,2
5311,12-03-2026,1
5311,19-03-2026,2
5311,30-04-2026,8
5311,28-05-2026,12
5312,14-06-2026,0
5312,02-08-2026,7
5313,19-05-2026,0
5313,26-05-2026,1
5313,02-06-2026,2
5313,16-06-2026,4
5314,28-05-2026,2
5315,03-03-2026,0
5315,10-03-2026,1
5315,17-03-2026,2
5315,24-03-2026,3
5315,31-03-2026,4
5315,12-05-2026,10
5316,05-05-2026,0
5316,12-05-2026,1
5316,14-07-2026,10
5316,11-08-2026,14
5317,16-06-2026,1
5317,23-06-2026,2
5317,28-07-2026,7
5319,30-04-2026,0
5319,07-05-2026,1
5319,16-07-2026,11
5323,13-03-2026,0
5323,20-03-2026,1
5323,29-05-2026,11
5323,19-06-2026,14
5324,15-05-2026,0
5324,29-05-2026,2
5324,19-06-2026,5
5324,10-07-2026,8
5326,30-07-2026,8
5327,23-05-2026,0
5328,01-04-2026,0
5328,29-04-2026,4
5328,01-07-2026,13
5328,29-07-2026,17
5329,24-04-2026,0
5330,21-07-2026,0
5330,28-07-2026,1
5330,18-08-2026,4
5331,10-05-2026,3
5331,17-05-2026,4
5331,24-05-2026,5
5332,09-03-2026,0
5332,20-04-2026,6
5334,09-07-2026,10
5336,04-07-2026,2
5338,28-05-2026,1
5338,04-06-2026,2
5338,11-06-2026,3
5338,18-06-2026,4
5338,13-08-2026,12
5339,06-03-2026,0
5339,13-03-2026,1
5339,20-03-2026,2
5340,03-05-2026,0
5340,05-07-2026,9
5341,02-06-2026,3
5341,04-08-2026,12
5342,15-07-2026,0
5342,22-07-2026,1
5342,29-07-2026,2
5342,05-08-2026,3
5344,26-06-2026,4
5344,10-07-2026,6
5344,17-07-2026,7
5345,18-05-2026,9
5345,25-05-2026,10
5347,21-07-2026,1
5349,11-05-2026,4
5351,10-03-2026,1
5352,08-03-2026,0
5352,15-03-2026,1
5352,22-03-2026,2
5352,05-04-2026,4
5353,22-04-2026,0
5353,03-06-2026,6
5353,26-08-2026,18
5354,16-04-2026,1
5354,21-05-2026,6
5354,16-07-2026,14
5355,26-07-2026,0
5355,02-08-2026,1
5355,23-08-2026,4
5355,30-08-2026,5
5357,22-05-2026,1
5357,05-06-2026,3
5357,26-06-2026,6
5358,21-04-2026,0
5358,12-05-2026,3
5359,02-05-2026,3
5359,09-05-2026,4
5359,30-05-2026,7
5360,15-07-2026,2
5360,05-08-2026,5
5360,12-08-2026,6
5361,15-05-2026,2
5361,05-06-2026,5
5361,12-06-2026,6
5361,10-07-2026,10
5362,14-06-2026,0
5362,26-07-2026,6
5363,11-05-2026,4
5363,18-05-2026,5
5367,20-04-2026,0
5368,25-06-2026,2
5369,31-05-2026,4
5370,20-04-2026,2
5370,22-06-2026,11
5371,19-03-2026,0
5371,26-03-2026,1
5371,02-04-2026,2
5371,16-04-2026,4
5371,23-04-2026,5
5371,11-06-2026,12
5372,04-05-2026,0
5372,11-05-2026,1
5372,18-05-2026,2
5373,14-03-2026,0
5373,20-06-2026,14
5373,11-07-2026,17
5374,06-06-2026,1
5374,13-06-2026,2
5374,20-06-2026,3
5375,24-07-2026,1
5376,10-05-2026,0
5376,24-05-2026,2
5376,31-05-2026,3
5376,28-06-2026,7
5377,23-05-2026,1
5377,06-06-2026,3
5378,11-08-2026,7
5381,26-07-2026,2
5381,09-08-2026,4
5383,20-06-2026,1
5383,18-07-2026,5
5385,19-06-2026,0
5385,17-07-2026,4
5385,24-07-2026,5
5386,11-04-2026,0
5386,18-04-2026,1
5386,20-06-2026,10
5387,31-07-2026,0
5387,07-08-2026,1
5388,21-05-2026,0
5388,28-05-2026,1
5388,04-06-2026,2
5389,08-06-2026,3
5389,15-06-2026,4
5389,22-06-2026,5
5389,13-07-2026,8
5389,17-08-2026,13
5390,03-06-2026,3
5390,17-06-2026,5
5390,01-07-2026,7
5391,20-06-2026,3
5392,11-06-2026,0
5392,25-06-2026,2
5392,02-07-2026,3
5392,06-08-2026,8
5394,06-08-2026,9
5396,03-05-2026,0
5396,17-05-2026,2
5396,24-05-2026,3
5399,06-06-2026,0
5399,13-06-2026,1
5399,27-06-2026,3
5404,24-08-2026,9
5405,03-08-2026,7
5406,29-03-2026,1
5406,05-04-2026,2
5407,04-06-2026,0
5407,09-07-2026,5
5407,16-07-2026,6
5409,17-07-2026,0
5409,31-07-2026,2
5409,14-08-2026,4
5410,19-06-2026,0
5410,26-06-2026,1
5410,10-07-2026,3
5411,18-07-2026,1
5411,25-07-2026,2
5412,31-03-2026,0
5412,30-06-2026,13
5416,16-07-2026,0
5416,06-08-2026,3
5416,13-08-2026,4
5417,09-06-2026,0
5417,28-07-2026,7
5419,16-03-2026,0
5419,23-03-2026,1
5419,06-04-2026,3
5419,04-05-2026,7
5420,22-06-2026,0
5421,08-04-2026,0
5422,13-08-2026,2
5422,20-08-2026,3
5423,14-06-2026,4
5423,28-06-2026,6
5424,07-07-2026,3
5424,14-07-2026,4
5424,21-07-2026,5
5424,18-08-2026,9
5425,11-05-2026,0
5425,25-05-2026,2
5425,08-06-2026,4
5429,01-03-2026,0
5429,19-04-2026,7
5430,29-06-2026,0
5430,10-08-2026,6
5432,09-07-2026,2
5432,30-07-2026,5
5433,05-06-2026,0
5433,12-06-2026,1
5433,19-06-2026,2
5433,17-07-2026,6
5435,16-06-2026,4
5435,23-06-2026,5
5435,21-07-2026,9
5438,17-07-2026,1
5438,14-08-2026,5
5440,07-07-2026,5
5443,11-06-2026,0
5443,09-07-2026,4
5443,16-07-2026,5
5444,18-05-2026,0
5444,01-06-2026,2
5444,08-06-2026,3
5444,15-06-2026,4
5444,13-07-2026,8
5444,17-08-2026,13
5447,10-04-2026,0
5447,17-04-2026,1
5447,01-05-2026,3
5447,08-05-2026,4
5447,22-05-2026,6
5447,10-07-2026,13
5448,14-07-2026,0
5449,09-04-2026,0
5450,25-06-2026,10
5451,08-06-2026,2
5451,15-06-2026,3
5451,22-06-2026,4
5453,13-07-2026,6
5454,11-04-2026,3
5454,11-07-2026,16
5455,04-04-2026,0
5455,11-04-2026,1
5455,18-04-2026,2
5455,02-05-2026,4
5455,20-06-2026,11
5455,11-07-2026,14
5456,01-07-2026,2
5456,08-07-2026,3
5456,22-07-2026,5
5456,12-08-2026,8
5457,15-07-2026,0
5457,26-08-2026,6
5458,05-06-2026,3
5458,26-06-2026,6
5458,24-07-2026,10
5461,13-03-2026,0
5461,20-03-2026,1
5461,27-03-2026,2
5461,03-04-2026,3
5461,08-05-2026,8
5461,15-05-2026,9
5461,22-05-2026,10
5461,26-06-2026,15
5462,03-07-2026,1
5462,10-07-2026,2
5462,17-07-2026,3
5465,04-05-2026,8
5466,30-06-2026,1
5466,07-07-2026,2
5466,14-07-2026,3
5466,28-07-2026,5
5466,04-08-2026,6
5469,15-05-2026,0
5469,22-05-2026,1
5469,29-05-2026,2
5469,31-07-2026,11
5470,23-07-2026,0
5470,06-08-2026,2
5470,20-08-2026,4
5470,27-08-2026,5
5471,19-07-2026,0
5471,02-08-2026,2
5471,09-08-2026,3
5473,24-06-2026,0
5473,01-07-2026,1
5473,15-07-2026,3
5473,22-07-2026,4
5473,29-07-2026,5
5474,08-07-2026,0
5474,19-08-2026,6
5474,26-08-2026,7
5475,22-05-2026,0
5475,29-05-2026,1
5475,12-06-2026,3
5475,26-06-2026,5
5477,18-05-2026,0
5477,25-05-2026,1
5477,24-08-2026,14
5478,20-04-2026,1
5478,04-05-2026,3
5478,13-07-2026,13
5481,19-03-2026,0
5481,26-03-2026,1
5481,02-04-2026,2
5481,16-04-2026,4
5481,23-04-2026,5
5481,04-06-2026,11
5481,16-07-2026,17
5482,06-04-2026,1
5483,11-07-2026,1
5483,01-08-2026,4
5483,29-08-2026,8
5485,09-05-2026,0
5485,16-05-2026,1
5485,23-05-2026,2
5485,30-05-2026,3
5485,06-06-2026,4
5485,13-06-2026,5
5485,20-06-2026,6
5486,20-07-2026,0
5486,03-08-2026,2
5486,10-08-2026,3
5487,23-06-2026,0
5487,30-06-2026,1
5487,07-07-2026,2
5487,25-08-2026,9
5490,05-06-2026,0
5490,03-07-2026,4
5490,10-07-2026,5
5494,28-03-2026,3
5494,11-04-2026,5
5495,27-03-2026,2
5495,03-04-2026,3
5495,24-07-2026,19
5497,04-06-2026,0
5497,25-06-2026,3
5497,09-07-2026,5
5498,28-03-2026,0
5498,04-04-2026,1
5498,11-04-2026,2
5498,02-05-2026,5
5498,30-05-2026,9
5498,06-06-2026,10
5499,29-06-2026,4
5500,05-05-2026,2
5500,12-05-2026,3
5500,19-05-2026,4
5500,26-05-2026,5
5500,30-06-2026,10
5500,07-07-2026,11
5500,04-08-2026,15
5501,29-05-2026,2
5501,19-06-2026,5
5501,17-07-2026,9
5503,26-04-2026,0
5504,15-04-2026,2
5506,25-06-2026,2
5507,08-07-2026,0
5507,15-07-2026,1
5507,29-07-2026,3
5507,05-08-2026,4
5507,26-08-2026,7
5508,29-06-2026,0
5508,20-07-2026,3
5508,10-08-2026,6
5509,07-07-2026,0
5509,21-07-2026,2
5509,28-07-2026,3
5509,04-08-2026,4
5509,11-08-2026,5
5510,18-07-2026,4
5512,04-05-2026,2
5512,18-05-2026,4
5512,17-08-2026,17
5513,12-03-2026,0
5514,03-05-2026,1
5514,21-06-2026,8
5515,18-06-2026,0
5515,25-06-2026,1
5515,30-07-2026,6
5515,27-08-2026,10
5516,08-07-2026,1
5516,19-08-2026,7
5517,16-08-2026,5
5518,18-06-2026,0
5518,25-06-2026,1
5518,02-07-2026,2
5518,23-07-2026,5
5519,18-04-2026,3
5519,20-06-2026,12
5521,21-07-2026,1
5521,18-08-2026,5
5522,26-04-2026,0
5522,10-05-2026,2
5522,31-05-2026,5
5522,05-07-2026,10
5524,12-05-2026,0
5524,26-05-2026,2
5528,13-04-2026,0
5528,06-07-2026,12
5529,05-08-2026,3
5531,24-07-2026,1
5531,31-07-2026,2
5531,14-08-2026,4
5532,16-03-2026,0
5532,23-03-2026,1
5532,06-04-2026,3
5532,13-04-2026,4
5532,27-04-2026,6
5532,15-06-2026,13
5532,22-06-2026,14
5533,28-04-2026,1
5533,05-05-2026,2
5533,12-05-2026,3
5533,19-05-2026,4
5533,26-05-2026,5
5533,09-06-2026,7
5533,07-07-2026,11
5533,04-08-2026,15
5534,28-03-2026,1
5534,04-04-2026,2
5534,20-06-2026,13
5536,10-07-2026,2
5536,17-07-2026,3
5537,09-05-2026,0
5537,23-05-2026,2
5537,13-06-2026,5
5537,27-06-2026,7
5537,11-07-2026,9
5542,14-07-2026,3
5544,28-03-2026,0
5544,25-07-2026,17
5546,20-03-2026,0
5546,27-03-2026,1
5546,17-04-2026,4
5546,24-04-2026,5
5546,01-05-2026,6
5547,09-07-2026,1
5548,06-04-2026,3
5548,13-04-2026,4
5550,24-05-2026,2
5550,07-06-2026,4
5551,11-06-2026,2
5551,25-06-2026,4
5553,26-05-2026,0
5553,09-06-2026,2
5553,16-06-2026,3
5553,21-07-2026,8
5555,21-07-2026,1
5555,28-07-2026,2
5555,11-08-2026,4
5555,18-08-2026,5
5556,15-07-2026,1
5556,22-07-2026,2
5556,29-07-2026,3
5556,26-08-2026,7
5559,19-06-2026,0
5559,26-06-2026,1
5559,10-07-2026,3
5559,14-08-2026,8
5560,10-04-2026,1
5560,15-05-2026,6
5560,29-05-2026,8
5562,22-03-2026,2
5562,29-03-2026,3
5562,12-04-2026,5
5562,19-04-2026,6
5564,20-06-2026,1
5564,27-06-2026,2
5564,04-07-2026,3
5565,06-07-2026,4
5567,11-06-2026,2
5567,18-06-2026,3
5567,02-07-2026,5
5567,23-07-2026,8
5568,31-07-2026,0
5568,07-08-2026,1
5568,21-08-2026,3
5570,19-07-2026,0
5571,19-05-2026,0
5571,02-06-2026,2
5571,07-07-2026,7
5571,14-07-2026,8
5571,21-07-2026,9
5572,19-05-2026,0
5572,30-06-2026,6
5572,28-07-2026,10
5573,27-05-2026,0
5573,10-06-2026,2
5573,01-07-2026,5
5576,17-06-2026,2
5576,22-07-2026,7
5577,13-07-2026,4
5577,24-08-2026,10
5578,05-05-2026,1
5578,02-06-2026,5
5578,16-06-2026,7
5578,23-06-2026,8
5578,30-06-2026,9
5578,04-08-2026,14
5579,11-06-2026,1
5579,25-06-2026,3
5579,09-07-2026,5
5581,25-06-2026,1
5581,16-07-2026,4
5582,22-04-2026,0
5582,13-05-2026,3
5582,10-06-2026,7
5582,15-07-2026,12
5582,05-08-2026,15
5583,02-04-2026,3
5583,09-04-2026,4
5583,23-04-2026,6
5584,19-06-2026,1
5584,17-07-2026,5
5584,24-07-2026,6
5586,18-04-2026,1
5586,25-04-2026,2
5586,02-05-2026,3
5586,09-05-2026,4
5586,16-05-2026,5
5586,30-05-2026,7
5586,11-07-2026,13
5587,28-06-2026,0
5587,12-07-2026,2
5588,01-06-2026,3
5588,08-06-2026,4
5588,06-07-2026,8
5589,18-06-2026,0
5589,25-06-2026,1
5589,09-07-2026,3
5589,30-07-2026,6
5589,06-08-2026,7
5590,13-07-2026,2
5591,10-08-2026,4
5592,25-03-2026,0
5592,08-04-2026,2
5592,15-04-2026,3
5593,17-06-2026,13
5595,17-03-2026,1
5595,24-03-2026,2
5595,31-03-2026,3
5595,14-04-2026,5
5596,04-08-2026,1
5597,27-06-2026,2
5598,28-03-2026,0
5598,02-05-2026,5
5598,09-05-2026,6
5598,30-05-2026,9
5599,06-06-2026,0
5599,27-06-2026,3
5599,04-07-2026,4
5599,18-07-2026,6
5599,01-08-2026,8
5600,10-07-2026,0
5600,28-08-2026,7
5601,14-05-2026,5
5603,30-04-2026,2
5603,07-05-2026,3
5604,16-07-2026,9
5605,15-05-2026,4
5605,29-05-2026,6
5606,30-03-2026,0
5606,20-04-2026,3
5606,27-04-2026,4
5606,04-05-2026,5
5609,06-03-2026,0
5609,13-03-2026,1
5609,27-03-2026,3
5609,03-04-2026,4
5609,17-04-2026,6
5609,01-05-2026,8
5609,22-05-2026,11
5611,19-05-2026,0
5611,02-06-2026,2
5612,05-04-2026,2
5613,17-07-2026,3
5613,24-07-2026,4
5614,29-08-2026,11
5615,30-04-2026,0
5615,11-06-2026,6
5615,09-07-2026,10
5616,19-06-2026,2
5616,26-06-2026,3
5616,10-07-2026,5
5617,07-04-2026,1
5617,14-04-2026,2
5617,05-05-2026,5
5617,09-06-2026,10
5617,23-06-2026,12
5617,21-07-2026,16
5619,25-08-2026,9
5621,06-06-2026,0
5621,27-06-2026,3
5621,01-08-2026,8
5624,12-07-2026,0
5624,19-07-2026,1
5624,26-07-2026,2
5624,09-08-2026,4
5625,19-07-2026,1
5625,26-07-2026,2
5625,23-08-2026,6
5625,30-08-2026,7
5627,08-07-2026,9
5628,06-05-2026,0
5630,15-05-2026,1
5630,12-06-2026,5
5630,26-06-2026,7
5632,24-04-2026,0
5632,29-05-2026,5
5632,19-06-2026,8
5633,24-03-2026,2
5633,31-03-2026,3
5634,17-03-2026,0
5634,24-03-2026,1
5634,31-03-2026,2
5634,21-04-2026,5
5634,05-05-2026,7
5634,12-05-2026,8
5635,26-07-2026,2
5636,12-05-2026,1
5636,16-06-2026,6
5636,30-06-2026,8
5637,02-03-2026,0
5637,20-04-2026,7
5639,24-03-2026,0
5639,31-03-2026,1
5639,14-04-2026,3
5639,16-06-2026,12
5639,23-06-2026,13
5640,20-08-2026,3
5640,27-08-2026,4
5641,18-07-2026,0
5641,08-08-2026,3
5643,08-06-2026,1
5643,29-06-2026,4
5643,20-07-2026,7
5644,08-06-2026,0
5644,15-06-2026,1
5644,13-07-2026,5
5645,04-07-2026,0
5645,18-07-2026,2
5645,25-07-2026,3
5645,01-08-2026,4
5645,15-08-2026,6
5645,29-08-2026,8
5647,03-03-2026,0
5647,10-03-2026,1
5647,31-03-2026,4
5647,12-05-2026,10
5648,17-05-2026,0
5648,07-06-2026,3
5648,21-06-2026,5
5651,28-07-2026,0
5651,11-08-2026,2
5652,30-05-2026,0
5652,06-06-2026,1
5652,04-07-2026,5
5654,11-06-2026,0
5654,16-07-2026,5
5654,23-07-2026,6
5655,29-06-2026,0
5655,06-07-2026,1
5655,10-08-2026,6
5660,06-05-2026,0
5660,03-06-2026,4
5660,17-06-2026,6
5660,01-07-2026,8
5661,05-03-2026,0
5661,02-04-2026,4
5661,14-05-2026,10
5662,02-04-2026,0
5662,09-04-2026,1
5662,18-06-2026,11
5663,07-07-2026,1
5665,12-05-2026,0
5665,19-05-2026,1
5665,02-06-2026,3
5665,11-08-2026,13
5667,12-08-2026,8
5669,12-07-2026,2
5669,02-08-2026,5
5670,31-03-2026,3
5672,11-07-2026,1
5673,12-03-2026,1
5674,20-07-2026,0
5674,27-07-2026,1
5674,10-08-2026,3
5675,18-05-2026,7
5676,10-03-2026,1
5676,24-03-2026,3
5676,31-03-2026,4
5676,07-04-2026,5
5676,14-04-2026,6
5676,26-05-2026,12
5678,05-03-2026,0
5678,12-03-2026,1
5679,15-06-2026,0
5679,06-07-2026,3
5679,20-07-2026,5
5680,15-07-2026,0
5680,22-07-2026,1
5680,05-08-2026,3
5680,19-08-2026,5
5682,26-04-2026,0
5682,03-05-2026,1
5682,17-05-2026,3
5682,14-06-2026,7
5682,05-07-2026,10
5683,03-08-2026,1
5683,10-08-2026,2
5683,17-08-2026,3
5684,27-05-2026,0
5684,03-06-2026,1
5684,17-06-2026,3
5684,24-06-2026,4
5684,08-07-2026,6
5684,15-07-2026,7
5684,19-08-2026,12
5685,23-03-2026,2
5685,06-04-2026,4
5686,02-07-2026,5
5686,16-07-2026,7
5687,29-04-2026,0
5687,03-06-2026,5
5687,10-06-2026,6
5687,17-06-2026,7
5687,24-06-2026,8
5687,12-08-2026,15
5688,12-04-2026,0
5688,19-04-2026,1
5688,03-05-2026,3
5688,10-05-2026,4
5688,17-05-2026,5
5690,25-03-2026,1
5690,13-05-2026,8
5690,20-05-2026,9
5690,03-06-2026,11
5693,26-04-2026,1
5693,10-05-2026,3
5693,14-06-2026,8
5694,11-07-2026,0
5695,14-04-2026,0
5697,09-05-2026,2
5702,28-03-2026,0
5702,11-04-2026,2
5702,18-04-2026,3
5702,25-04-2026,4
5702,02-05-2026,5
5702,09-05-2026,6
5702,27-06-2026,13
5702,04-07-2026,14
5703,03-06-2026,2
5704,12-05-2026,4
5706,27-06-2026,1
5706,04-07-2026,2
5706,11-07-2026,3
5707,09-04-2026,3
5707,18-06-2026,13
5708,31-07-2026,15
5709,28-06-2026,0
5709,19-07-2026,3
5717,23-03-2026,0
5717,30-03-2026,1
5717,13-04-2026,3
5717,20-04-2026,4
5719,15-07-2026,1
5722,16-06-2026,0
5722,23-06-2026,1
5722,30-06-2026,2
5722,07-07-2026,3
5722,14-07-2026,4
5722,25-08-2026,10
5723,19-05-2026,0
5723,26-05-2026,1
5723,09-06-2026,3
5723,23-06-2026,5
5723,21-07-2026,9
5723,28-07-2026,10
5725,30-07-2026,0
5725,06-08-2026,1
5725,20-08-2026,3
5727,06-03-2026,0
5727,20-03-2026,2
5727,17-04-2026,6
5730,29-03-2026,1
5730,12-04-2026,3
5732,05-07-2026,4
5734,16-05-2026,0
5734,23-05-2026,1
5734,06-06-2026,3
5734,20-06-2026,5
5736,06-07-2026,0
5736,13-07-2026,1
5736,20-07-2026,2
5740,07-05-2026,2
5740,14-05-2026,3
5740,11-06-2026,7
5741,01-04-2026,0
5741,08-04-2026,1
5741,29-04-2026,4
5741,13-05-2026,6
5742,15-04-2026,0
5742,20-05-2026,5
5743,16-07-2026,0
5743,23-07-2026,1
5743,27-08-2026,6
5745,13-07-2026,5
5747,14-05-2026,0
5747,04-06-2026,3
5748,14-03-2026,1
5748,04-04-2026,4
5750,17-04-2026,0
5750,08-05-2026,3
5750,15-05-2026,4
5751,20-06-2026,0
5751,18-07-2026,4
5751,22-08-2026,9
5753,03-03-2026,0
5753,17-03-2026,2
5753,24-03-2026,3
5753,21-04-2026,7
5753,19-05-2026,11
5753,09-06-2026,14
5756,18-03-2026,0
5757,06-06-2026,3
5758,06-06-2026,0
5758,04-07-2026,4
5758,01-08-2026,8
5760,21-05-2026,0
5760,04-06-2026,2
5761,09-07-2026,1
5761,16-07-2026,2
5764,04-05-2026,2
5764,08-06-2026,7
5768,27-06-2026,0
5768,11-07-2026,2
5768,25-07-2026,4
5768,01-08-2026,5
5768,22-08-2026,8
5769,16-07-2026,3
5769,30-07-2026,5
5770,28-04-2026,4
5770,21-07-2026,16
5771,19-07-2026,2
5775,18-05-2026,2
5775,25-05-2026,3
5775,01-06-2026,4
5775,17-08-2026,15
5775,24-08-2026,16
5777,21-05-2026,0
5777,28-05-2026,1
5778,20-06-2026,0
5778,27-06-2026,1
5778,04-07-2026,2
5778,11-07-2026,3
5780,08-08-2026,1
5780,15-08-2026,2
5780,22-08-2026,3
5780,29-08-2026,4
5782,20-06-2026,5
5782,08-08-2026,12
5784,05-07-2026,0
5784,12-07-2026,1
5784,19-07-2026,2
5785,27-06-2026,0
5785,11-07-2026,2
5785,18-07-2026,3
5785,01-08-2026,5
5787,30-05-2026,0
5787,06-06-2026,1
5787,13-06-2026,2
5790,06-04-2026,1
5790,13-04-2026,2
5790,04-05-2026,5
5791,26-05-2026,0
5791,16-06-2026,3
5791,30-06-2026,5
5792,28-04-2026,1
5792,12-05-2026,3
5792,19-05-2026,4
5793,29-05-2026,2
5793,26-06-2026,6
5794,26-03-2026,1
5794,28-05-2026,10
5795,13-06-2026,0
5795,20-06-2026,1
5795,27-06-2026,2
5795,11-07-2026,4
5796,22-04-2026,0
5796,13-05-2026,3
5796,17-06-2026,8
5796,15-07-2026,12
5798,21-08-2026,3
5798,28-08-2026,4
5801,31-07-2026,2
5801,14-08-2026,4
5803,27-07-2026,4
5803,10-08-2026,6
5803,24-08-2026,8
5804,17-07-2026,0
5804,24-07-2026,1
5804,31-07-2026,2
5804,28-08-2026,6
5805,01-07-2026,0
5806,13-08-2026,5
5807,29-06-2026,0
5807,06-07-2026,1
5807,20-07-2026,3
5807,10-08-2026,6
5807,24-08-2026,8
5808,01-04-2026,0
5808,03-06-2026,9
5808,08-07-2026,14
5811,12-04-2026,0
5811,26-04-2026,2
5811,03-05-2026,3
5811,19-07-2026,14
5812,15-03-2026,2
5812,05-04-2026,5
5817,14-06-2026,4
5817,28-06-2026,6
5818,18-03-2026,0
5818,25-03-2026,1
5818,08-04-2026,3
5818,22-04-2026,5
5818,06-05-2026,7
5818,15-07-2026,17
5819,09-07-2026,1
5819,16-07-2026,2
5819,06-08-2026,5
5819,20-08-2026,7
5820,12-06-2026,3
5820,03-07-2026,6
5820,31-07-2026,10
5821,02-08-2026,1
5821,16-08-2026,3
5822,30-03-2026,4
5822,06-04-2026,5
5822,13-04-2026,6
5823,19-07-2026,1
5823,26-07-2026,2
5823,16-08-2026,5
5824,21-06-2026,0
5824,12-07-2026,3
5825,28-06-2026,1
5825,16-08-2026,8
5827,23-04-2026,1
5827,11-06-2026,8
5828,17-06-2026,0
5828,24-06-2026,1
5828,01-07-2026,2
5829,09-05-2026,0
5829,06-06-2026,4
5829,20-06-2026,6
5829,27-06-2026,7
5831,28-06-2026,2
5834,16-05-2026,4
5838,05-06-2026,3
5838,10-07-2026,8
5838,24-07-2026,10
5839,22-06-2026,0
5840,20-05-2026,1
5840,27-05-2026,2
5840,10-06-2026,4
5840,26-08-2026,15
5841,28-03-2026,1
5841,18-04-2026,4
5841,23-05-2026,9
5843,12-06-2026,10
5844,10-05-2026,0
5844,07-06-2026,4
5844,14-06-2026,5
5844,21-06-2026,6
5845,21-04-2026,5
5846,24-03-2026,0
5846,31-03-2026,1
5846,28-04-2026,5
5846,19-05-2026,8
5847,09-04-2026,4
5849,28-06-2026,11
5850,02-05-2026,1
5850,09-05-2026,2
5851,05-04-2026,2
5851,19-04-2026,4
5852,31-05-2026,0
5852,07-06-2026,1
5852,14-06-2026,2
5852,28-06-2026,4
5853,07-04-2026,0
5853,28-04-2026,3
5854,22-05-2026,0
5854,10-07-2026,7
5855,11-04-2026,0
5855,18-04-2026,1
5855,25-04-2026,2
5855,30-05-2026,7
5855,13-06-2026,9
5856,01-05-2026,0
5856,08-05-2026,1
5857,02-04-2026,3
5857,16-04-2026,5
5859,16-05-2026,0
5859,23-05-2026,1
5859,20-06-2026,5
5859,18-07-2026,9
5860,25-05-2026,0
5860,01-06-2026,1
5860,13-07-2026,7
5860,27-07-2026,9
5860,03-08-2026,10
5861,01-05-2026,1
5861,29-05-2026,5
5867,25-03-2026,0
5867,01-04-2026,1
5867,08-04-2026,2
5867,15-04-2026,3
5867,22-04-2026,4
5867,29-04-2026,5
5868,27-06-2026,0
5868,01-08-2026,5
5869,20-08-2026,6
5871,30-07-2026,1
5871,06-08-2026,2
5871,20-08-2026,4
5871,27-08-2026,5
5872,30-05-2026,4
5874,04-06-2026,0
5874,11-06-2026,1
5874,25-06-2026,3
5874,02-07-2026,4
5874,16-07-2026,6
5875,11-03-2026,0
5875,01-04-2026,3
5875,15-04-2026,5
5875,29-04-2026,7
5875,03-06-2026,12
5875,17-06-2026,14
5876,30-06-2026,3
5876,21-07-2026,6
5877,03-07-2026,2
5877,17-07-2026,4
5878,24-04-2026,3
5878,29-05-2026,8
5878,31-07-2026,17
5879,23-06-2026,9
5879,18-08-2026,17
5880,22-05-2026,4
5880,14-08-2026,16
5881,04-06-2026,0
5881,30-07-2026,8
5883,07-08-2026,4
5886,18-05-2026,1
5888,09-06-2026,0
5892,07-07-2026,0
5892,14-07-2026,1
5893,29-06-2026,5
5893,13-07-2026,7
5896,24-03-2026,2
5896,31-03-2026,3
5896,14-07-2026,18
5896,21-07-2026,19
5897,28-05-2026,1
5897,25-06-2026,5
5897,23-07-2026,9
5897,06-08-2026,11
5898,28-05-2026,1
5898,04-06-2026,2
5898,11-06-2026,3
5898,25-06-2026,5
5898,09-07-2026,7
5899,25-07-2026,7
5899,08-08-2026,9
5902,17-07-2026,0
5902,24-07-2026,1
5902,31-07-2026,2
5903,01-04-2026,0
5903,08-04-2026,1
5903,15-04-2026,2
5903,29-04-2026,4
5903,17-06-2026,11
5905,17-06-2026,2
5905,08-07-2026,5
5906,17-05-2026,9
5906,31-05-2026,11
5907,07-04-2026,1
5907,14-04-2026,2
5907,28-04-2026,4
5907,12-05-2026,6
5912,17-06-2026,0
5912,24-06-2026,1
5912,08-07-2026,3
5912,22-07-2026,5
5913,20-08-2026,5
5917,07-06-2026,0
5917,21-06-2026,2
5917,28-06-2026,3
5918,13-06-2026,0
5918,20-06-2026,1
5918,04-07-2026,3
5918,11-07-2026,4
5918,29-08-2026,11
5919,10-06-2026,10
5919,17-06-2026,11
5919,08-07-2026,14
5920,19-03-2026,0
5920,26-03-2026,1
5920,02-04-2026,2
5920,16-04-2026,4
5920,23-04-2026,5
5920,14-05-2026,8
5922,18-07-2026,0
5922,15-08-2026,4
5923,03-08-2026,14
5925,12-03-2026,0
5925,16-04-2026,5
5925,14-05-2026,9
5925,04-06-2026,12
5926,29-05-2026,1
5926,12-06-2026,3
5926,19-06-2026,4
5927,13-04-2026,0
5927,01-06-2026,7
5927,15-06-2026,9
5927,22-06-2026,10
5928,01-03-2026,0
5928,15-03-2026,2
5928,22-03-2026,3
5929,25-03-2026,0
5929,08-04-2026,2
5931,04-06-2026,0
5931,11-06-2026,1
5931,20-08-2026,11
5931,27-08-2026,12
5933,25-05-2026,1
5934,04-06-2026,2
5934,09-07-2026,7
5935,21-04-2026,3
5935,28-04-2026,4
5935,12-05-2026,6
5935,19-05-2026,7
5935,26-05-2026,8
5935,02-06-2026,9
5937,10-03-2026,1
5937,24-03-2026,3
5937,07-04-2026,5
5937,28-04-2026,8
5937,02-06-2026,13
5938,24-06-2026,0
5938,15-07-2026,3
5941,10-05-2026,0
5941,17-05-2026,1
5941,24-05-2026,2
5941,14-06-2026,5
5944,13-08-2026,3
5945,27-04-2026,3
5945,25-05-2026,7
5945,01-06-2026,8
5945,06-07-2026,13
5948,08-08-2026,4
5950,22-05-2026,0
5950,12-06-2026,3
5950,26-06-2026,5
5951,24-04-2026,2
5956,01-08-2026,0
5957,07-07-2026,10
5958,11-03-2026,0
5958,08-04-2026,4
5961,01-08-2026,0
5961,08-08-2026,1
5961,22-08-2026,3
5962,22-05-2026,0
5962,05-06-2026,2
5962,19-06-2026,4
5962,03-07-2026,6
5963,07-06-2026,1
5963,21-06-2026,3
5963,02-08-2026,9
5965,01-05-2026,0
5965,22-05-2026,3
5967,16-07-2026,1
5967,23-07-2026,2
5969,02-04-2026,1
5969,23-04-2026,4
5969,11-06-2026,11
5969,25-06-2026,13
5970,29-03-2026,0
5970,24-05-2026,8
5970,28-06-2026,13
5972,26-06-2026,2
5981,24-06-2026,0
5981,01-07-2026,1
5981,08-07-2026,2
5981,29-07-2026,5
5982,16-04-2026,3
5982,14-05-2026,7
5983,31-03-2026,4
5983,14-04-2026,6
5983,05-05-2026,9
5984,05-04-2026,0
5984,12-04-2026,1
5984,28-06-2026,12
5985,10-06-2026,1
5985,24-06-2026,3
5985,01-07-2026,4
5985,15-07-2026,6
5986,04-07-2026,1
5986,08-08-2026,6
5986,22-08-2026,8
5987,13-07-2026,3
5988,19-03-2026,0
5988,26-03-2026,1
5988,02-04-2026,2
5988,28-05-2026,10
5988,18-06-2026,13
5988,25-06-2026,14
5989,14-04-2026,2
5989,12-05-2026,6
5989,19-05-2026,7
5991,15-05-2026,0
5991,22-05-2026,1
5991,05-06-2026,3
5991,12-06-2026,4
5992,16-07-2026,0
5992,23-07-2026,1
5992,27-08-2026,6
5993,10-04-2026,2
5993,22-05-2026,8
5993,17-07-2026,16
5994,22-06-2026,0
5994,29-06-2026,1
5994,20-07-2026,4
5994,03-08-2026,6
5996,26-05-2026,3
5996,23-06-2026,7
5997,02-04-2026,0
5997,16-04-2026,2
5997,23-04-2026,3
5997,18-06-2026,11
5998,05-07-2026,0
5998,19-07-2026,2
5998,23-08-2026,7
5999,24-07-2026,0
