user_id,step,event_date
1,App Install,05-04-2026
1,Signup,06-04-2026
1,KYC Verification,08-04-2026
1,First Transaction,09-04-2026
1,Loan Application,18-04-2026
1,Loan Approved,23-04-2026
2,App Install,26-07-2026
3,App Install,29-04-2026
3,Signup,30-04-2026
3,KYC Verification,02-05-2026
3,First Transaction,05-05-2026
3,Loan Application,10-05-2026
4,App Install,10-06-2026
4,Signup,11-06-2026
4,KYC Verification,14-06-2026
4,First Transaction,19-06-2026
5,App Install,30-03-2026
5,Signup,01-04-2026
5,KYC Verification,03-04-2026
5,First Transaction,07-04-2026
5,Loan Application,19-04-2026
6,App Install,03-07-2026
7,App Install,07-05-2026
7,Signup,08-05-2026
8,App Install,11-05-2026
8,Signup,12-05-2026
9,App Install,17-06-2026
9,Signup,17-06-2026
10,App Install,06-06-2026
11,App Install,21-07-2026
11,Signup,22-07-2026
11,KYC Verification,22-07-2026
11,First Transaction,27-07-2026
11,Loan Application,02-08-2026
11,Loan Approved,07-08-2026
12,App Install,31-03-2026
12,Signup,02-04-2026
12,KYC Verification,02-04-2026
12,First Transaction,07-04-2026
13,App Install,14-07-2026
13,Signup,15-07-2026
13,KYC Verification,16-07-2026
14,App Install,04-05-2026
14,Signup,05-05-2026
15,App Install,31-05-2026
16,App Install,09-04-2026
16,Signup,09-04-2026
16,KYC Verification,10-04-2026
16,First Transaction,13-04-2026
17,App Install,08-03-2026
18,App Install,28-03-2026
18,Signup,30-03-2026
19,App Install,20-07-2026
19,Signup,21-07-2026
20,App Install,28-06-2026
20,Signup,29-06-2026
20,KYC Verification,30-06-2026
20,First Transaction,03-07-2026
21,App Install,07-06-2026
21,Signup,08-06-2026
22,App Install,08-07-2026
23,App Install,24-06-2026
24,App Install,01-05-2026
24,Signup,03-05-2026
24,KYC Verification,04-05-2026
24,First Transaction,09-05-2026
24,Loan Application,12-05-2026
24,Loan Approved,18-05-2026
25,App Install,03-07-2026
25,Signup,04-07-2026
25,KYC Verification,06-07-2026
26,App Install,13-03-2026
26,Signup,13-03-2026
26,KYC Verification,15-03-2026
26,First Transaction,19-03-2026
26,Loan Application,02-04-2026
26,Loan Approved,09-04-2026
27,App Install,19-05-2026
27,Signup,19-05-2026
27,KYC Verification,22-05-2026
27,First Transaction,24-05-2026
27,Loan Application,05-06-2026
28,App Install,09-04-2026
28,Signup,11-04-2026
29,App Install,21-07-2026
29,Signup,21-07-2026
29,KYC Verification,23-07-2026
29,First Transaction,25-07-2026
30,App Install,17-06-2026
30,Signup,19-06-2026
30,KYC Verification,21-06-2026
30,First Transaction,22-06-2026
31,App Install,04-03-2026
31,Signup,04-03-2026
32,App Install,31-07-2026
32,Signup,02-08-2026
32,KYC Verification,04-08-2026
32,First Transaction,09-08-2026
33,App Install,01-05-2026
33,Signup,01-05-2026
33,KYC Verification,04-05-2026
33,First Transaction,08-05-2026
33,Loan Application,12-05-2026
33,Loan Approved,15-05-2026
34,App Install,09-05-2026
34,Signup,10-05-2026
34,KYC Verification,11-05-2026
35,App Install,29-05-2026
35,Signup,31-05-2026
35,KYC Verification,01-06-2026
35,First Transaction,05-06-2026
36,App Install,22-04-2026
36,Signup,23-04-2026
36,KYC Verification,25-04-2026
36,First Transaction,30-04-2026
37,App Install,10-05-2026
37,Signup,12-05-2026
37,KYC Verification,12-05-2026
37,First Transaction,15-05-2026
38,App Install,05-07-2026
38,Signup,06-07-2026
38,KYC Verification,07-07-2026
39,App Install,15-07-2026
40,App Install,18-03-2026
40,Signup,19-03-2026
41,App Install,05-05-2026
41,Signup,05-05-2026
42,App Install,10-05-2026
42,Signup,11-05-2026
43,App Install,03-04-2026
44,App Install,14-07-2026
45,App Install,15-05-2026
46,App Install,10-06-2026
46,Signup,11-06-2026
46,KYC Verification,14-06-2026
46,First Transaction,17-06-2026
47,App Install,30-03-2026
47,Signup,30-03-2026
47,KYC Verification,02-04-2026
47,First Transaction,04-04-2026
48,App Install,10-05-2026
49,App Install,31-07-2026
49,Signup,31-07-2026
49,KYC Verification,01-08-2026
50,App Install,10-05-2026
51,App Install,03-04-2026
51,Signup,03-04-2026
51,KYC Verification,03-04-2026
51,First Transaction,04-04-2026
51,Loan Application,11-04-2026
51,Loan Approved,17-04-2026
52,App Install,06-06-2026
52,Signup,08-06-2026
52,KYC Verification,10-06-2026
52,First Transaction,11-06-2026
53,App Install,24-03-2026
53,Signup,26-03-2026
53,KYC Verification,27-03-2026
53,First Transaction,01-04-2026
54,App Install,08-05-2026
54,Signup,09-05-2026
55,App Install,21-03-2026
55,Signup,22-03-2026
55,KYC Verification,24-03-2026
55,First Transaction,26-03-2026
56,App Install,10-06-2026
56,Signup,11-06-2026
57,App Install,13-07-2026
57,Signup,13-07-2026
58,App Install,30-04-2026
58,Signup,30-04-2026
58,KYC Verification,01-05-2026
59,App Install,10-03-2026
59,Signup,10-03-2026
59,KYC Verification,11-03-2026
59,First Transaction,16-03-2026
59,Loan Application,26-03-2026
59,Loan Approved,02-04-2026
60,App Install,25-05-2026
60,Signup,26-05-2026
61,App Install,13-07-2026
61,Signup,14-07-2026
61,KYC Verification,14-07-2026
61,First Transaction,16-07-2026
62,App Install,26-05-2026
62,Signup,27-05-2026
62,KYC Verification,28-05-2026
63,App Install,27-06-2026
64,App Install,05-04-2026
64,Signup,06-04-2026
65,App Install,07-04-2026
65,Signup,08-04-2026
66,App Install,14-05-2026
66,Signup,15-05-2026
66,KYC Verification,17-05-2026
66,First Transaction,18-05-2026
67,App Install,18-07-2026
67,Signup,19-07-2026
68,App Install,20-05-2026
68,Signup,21-05-2026
68,KYC Verification,22-05-2026
68,First Transaction,24-05-2026
68,Loan Application,07-06-2026
69,App Install,22-05-2026
69,Signup,23-05-2026
69,KYC Verification,26-05-2026
69,First Transaction,30-05-2026
69,Loan Application,07-06-2026
69,Loan Approved,08-06-2026
70,App Install,01-06-2026
71,App Install,04-06-2026
71,Signup,06-06-2026
71,KYC Verification,08-06-2026
71,First Transaction,11-06-2026
71,Loan Application,13-06-2026
71,Loan Approved,15-06-2026
72,App Install,28-05-2026
72,Signup,28-05-2026
73,App Install,10-06-2026
73,Signup,11-06-2026
74,App Install,17-05-2026
74,Signup,19-05-2026
74,KYC Verification,21-05-2026
75,App Install,23-04-2026
75,Signup,25-04-2026
75,KYC Verification,28-04-2026
75,First Transaction,01-05-2026
76,App Install,07-06-2026
76,Signup,08-06-2026
76,KYC Verification,10-06-2026
76,First Transaction,12-06-2026
77,App Install,04-04-2026
78,App Install,01-06-2026
78,Signup,02-06-2026
78,KYC Verification,05-06-2026
78,First Transaction,10-06-2026
79,App Install,23-05-2026
79,Signup,25-05-2026
80,App Install,14-03-2026
80,Signup,16-03-2026
81,App Install,26-06-2026
81,Signup,27-06-2026
82,App Install,21-05-2026
82,Signup,23-05-2026
82,KYC Verification,24-05-2026
82,First Transaction,29-05-2026
83,App Install,13-03-2026
83,Signup,14-03-2026
83,KYC Verification,16-03-2026
83,First Transaction,20-03-2026
83,Loan Application,02-04-2026
83,Loan Approved,07-04-2026
84,App Install,14-05-2026
84,Signup,15-05-2026
85,App Install,18-06-2026
85,Signup,19-06-2026
85,KYC Verification,20-06-2026
86,App Install,12-06-2026
87,App Install,03-06-2026
87,Signup,04-06-2026
87,KYC Verification,06-06-2026
88,App Install,25-07-2026
88,Signup,26-07-2026
89,App Install,22-07-2026
89,Signup,23-07-2026
90,App Install,29-06-2026
90,Signup,29-06-2026
91,App Install,31-03-2026
92,App Install,06-03-2026
92,Signup,08-03-2026
92,KYC Verification,11-03-2026
92,First Transaction,13-03-2026
92,Loan Application,19-03-2026
92,Loan Approved,21-03-2026
93,App Install,26-07-2026
93,Signup,27-07-2026
93,KYC Verification,28-07-2026
94,App Install,28-05-2026
94,Signup,30-05-2026
94,KYC Verification,01-06-2026
94,First Transaction,04-06-2026
94,Loan Application,17-06-2026
94,Loan Approved,19-06-2026
95,App Install,05-06-2026
95,Signup,06-06-2026
95,KYC Verification,09-06-2026
95,First Transaction,11-06-2026
96,App Install,18-05-2026
96,Signup,19-05-2026
96,KYC Verification,22-05-2026
97,App Install,04-07-2026
97,Signup,05-07-2026
97,KYC Verification,08-07-2026
97,First Transaction,13-07-2026
98,App Install,04-06-2026
98,Signup,05-06-2026
99,App Install,19-04-2026
99,Signup,20-04-2026
99,KYC Verification,23-04-2026
99,First Transaction,27-04-2026
100,App Install,09-05-2026
101,App Install,15-04-2026
101,Signup,16-04-2026
102,App Install,08-03-2026
102,Signup,10-03-2026
102,KYC Verification,12-03-2026
103,App Install,07-03-2026
103,Signup,07-03-2026
104,App Install,26-06-2026
104,Signup,26-06-2026
105,App Install,21-05-2026
106,App Install,05-06-2026
107,App Install,19-07-2026
108,App Install,18-03-2026
109,App Install,17-06-2026
109,Signup,19-06-2026
109,KYC Verification,21-06-2026
109,First Transaction,25-06-2026
110,App Install,19-06-2026
110,Signup,19-06-2026
110,KYC Verification,22-06-2026
110,First Transaction,27-06-2026
110,Loan Application,03-07-2026
110,Loan Approved,10-07-2026
111,App Install,30-06-2026
111,Signup,02-07-2026
111,KYC Verification,02-07-2026
111,First Transaction,03-07-2026
111,Loan Application,09-07-2026
112,App Install,10-06-2026
113,App Install,24-04-2026
113,Signup,26-04-2026
114,App Install,01-05-2026
114,Signup,02-05-2026
114,KYC Verification,05-05-2026
114,First Transaction,10-05-2026
114,Loan Application,17-05-2026
114,Loan Approved,21-05-2026
115,App Install,23-07-2026
116,App Install,13-04-2026
116,Signup,15-04-2026
116,KYC Verification,15-04-2026
116,First Transaction,18-04-2026
117,App Install,12-04-2026
117,Signup,13-04-2026
117,KYC Verification,13-04-2026
117,First Transaction,18-04-2026
117,Loan Application,27-04-2026
117,Loan Approved,03-05-2026
118,App Install,24-03-2026
118,Signup,25-03-2026
119,App Install,12-03-2026
119,Signup,13-03-2026
119,KYC Verification,14-03-2026
119,First Transaction,15-03-2026
120,App Install,03-03-2026
120,Signup,03-03-2026
121,App Install,23-03-2026
121,Signup,23-03-2026
121,KYC Verification,25-03-2026
121,First Transaction,29-03-2026
121,Loan Application,01-04-2026
121,Loan Approved,07-04-2026
122,App Install,03-04-2026
123,App Install,19-03-2026
123,Signup,19-03-2026
123,KYC Verification,19-03-2026
124,App Install,15-03-2026
124,Signup,16-03-2026
124,KYC Verification,16-03-2026
124,First Transaction,18-03-2026
124,Loan Application,30-03-2026
124,Loan Approved,31-03-2026
125,App Install,27-03-2026
126,App Install,02-05-2026
126,Signup,03-05-2026
127,App Install,23-05-2026
128,App Install,02-05-2026
128,Signup,04-05-2026
129,App Install,11-05-2026
129,Signup,11-05-2026
130,App Install,29-04-2026
131,App Install,12-04-2026
131,Signup,13-04-2026
131,KYC Verification,15-04-2026
132,App Install,27-03-2026
132,Signup,27-03-2026
133,App Install,06-06-2026
133,Signup,07-06-2026
134,App Install,06-06-2026
134,Signup,07-06-2026
134,KYC Verification,10-06-2026
134,First Transaction,13-06-2026
134,Loan Application,19-06-2026
134,Loan Approved,20-06-2026
135,App Install,30-05-2026
135,Signup,31-05-2026
135,KYC Verification,02-06-2026
136,App Install,03-04-2026
136,Signup,04-04-2026
136,KYC Verification,05-04-2026
136,First Transaction,07-04-2026
137,App Install,02-04-2026
137,Signup,04-04-2026
138,App Install,29-05-2026
139,App Install,12-04-2026
139,Signup,13-04-2026
139,KYC Verification,15-04-2026
139,First Transaction,19-04-2026
140,App Install,26-03-2026
140,Signup,27-03-2026
140,KYC Verification,30-03-2026
140,First Transaction,04-04-2026
140,Loan Application,09-04-2026
140,Loan Approved,10-04-2026
141,App Install,17-04-2026
141,Signup,18-04-2026
141,KYC Verification,20-04-2026
141,First Transaction,25-04-2026
141,Loan Application,08-05-2026
142,App Install,14-04-2026
143,App Install,21-04-2026
143,Signup,23-04-2026
143,KYC Verification,23-04-2026
143,First Transaction,28-04-2026
144,App Install,10-03-2026
144,Signup,10-03-2026
144,KYC Verification,12-03-2026
144,First Transaction,15-03-2026
145,App Install,15-03-2026
146,App Install,14-04-2026
147,App Install,01-06-2026
147,Signup,02-06-2026
147,KYC Verification,03-06-2026
147,First Transaction,05-06-2026
147,Loan Application,15-06-2026
147,Loan Approved,22-06-2026
148,App Install,03-03-2026
149,App Install,18-05-2026
149,Signup,20-05-2026
150,App Install,06-05-2026
150,Signup,08-05-2026
150,KYC Verification,09-05-2026
150,First Transaction,11-05-2026
151,App Install,08-07-2026
151,Signup,10-07-2026
152,App Install,16-06-2026
152,Signup,18-06-2026
152,KYC Verification,18-06-2026
152,First Transaction,23-06-2026
153,App Install,20-05-2026
154,App Install,02-03-2026
154,Signup,03-03-2026
155,App Install,12-04-2026
156,App Install,20-06-2026
156,Signup,21-06-2026
156,KYC Verification,22-06-2026
156,First Transaction,26-06-2026
156,Loan Application,30-06-2026
157,App Install,13-03-2026
157,Signup,14-03-2026
157,KYC Verification,15-03-2026
157,First Transaction,17-03-2026
157,Loan Application,28-03-2026
158,App Install,30-04-2026
158,Signup,30-04-2026
159,App Install,03-03-2026
159,Signup,03-03-2026
159,KYC Verification,06-03-2026
160,App Install,08-03-2026
160,Signup,09-03-2026
160,KYC Verification,11-03-2026
160,First Transaction,12-03-2026
160,Loan Application,18-03-2026
160,Loan Approved,25-03-2026
161,App Install,20-03-2026
161,Signup,21-03-2026
162,App Install,27-05-2026
163,App Install,02-06-2026
163,Signup,04-06-2026
163,KYC Verification,06-06-2026
163,First Transaction,09-06-2026
164,App Install,29-07-2026
164,Signup,30-07-2026
164,KYC Verification,02-08-2026
164,First Transaction,06-08-2026
164,Loan Application,18-08-2026
164,Loan Approved,22-08-2026
165,App Install,01-08-2026
166,App Install,10-05-2026
167,App Install,10-07-2026
168,App Install,21-04-2026
168,Signup,22-04-2026
168,KYC Verification,22-04-2026
169,App Install,13-05-2026
169,Signup,13-05-2026
169,KYC Verification,15-05-2026
169,First Transaction,20-05-2026
169,Loan Application,03-06-2026
169,Loan Approved,08-06-2026
170,App Install,27-04-2026
170,Signup,29-04-2026
170,KYC Verification,02-05-2026
170,First Transaction,04-05-2026
171,App Install,04-07-2026
171,Signup,05-07-2026
172,App Install,14-07-2026
173,App Install,23-06-2026
174,App Install,06-06-2026
174,Signup,07-06-2026
174,KYC Verification,07-06-2026
175,App Install,27-03-2026
175,Signup,29-03-2026
176,App Install,19-03-2026
177,App Install,12-05-2026
177,Signup,14-05-2026
177,KYC Verification,15-05-2026
177,First Transaction,17-05-2026
178,App Install,24-04-2026
178,Signup,26-04-2026
178,KYC Verification,27-04-2026
178,First Transaction,30-04-2026
178,Loan Application,03-05-2026
178,Loan Approved,08-05-2026
179,App Install,20-05-2026
179,Signup,21-05-2026
179,KYC Verification,22-05-2026
179,First Transaction,26-05-2026
179,Loan Application,01-06-2026
179,Loan Approved,07-06-2026
180,App Install,30-07-2026
181,App Install,08-04-2026
181,Signup,10-04-2026
181,KYC Verification,11-04-2026
181,First Transaction,16-04-2026
182,App Install,08-06-2026
183,App Install,12-07-2026
184,App Install,05-06-2026
184,Signup,07-06-2026
185,App Install,10-04-2026
185,Signup,10-04-2026
186,App Install,22-03-2026
186,Signup,23-03-2026
187,App Install,15-07-2026
187,Signup,16-07-2026
187,KYC Verification,16-07-2026
188,App Install,06-06-2026
188,Signup,08-06-2026
189,App Install,20-05-2026
189,Signup,21-05-2026
189,KYC Verification,22-05-2026
189,First Transaction,27-05-2026
190,App Install,26-03-2026
190,Signup,27-03-2026
191,App Install,21-04-2026
192,App Install,13-04-2026
192,Signup,14-04-2026
192,KYC Verification,15-04-2026
192,First Transaction,18-04-2026
193,App Install,16-07-2026
193,Signup,18-07-2026
194,App Install,28-04-2026
194,Signup,29-04-2026
194,KYC Verification,29-04-2026
194,First Transaction,02-05-2026
194,Loan Application,04-05-2026
194,Loan Approved,10-05-2026
195,App Install,02-03-2026
196,App Install,04-07-2026
197,App Install,14-03-2026
198,App Install,14-04-2026
199,App Install,23-04-2026
199,Signup,24-04-2026
199,KYC Verification,25-04-2026
199,First Transaction,28-04-2026
199,Loan Application,06-05-2026
200,App Install,11-07-2026
200,Signup,13-07-2026
200,KYC Verification,16-07-2026
201,App Install,28-05-2026
201,Signup,28-05-2026
202,App Install,16-06-2026
202,Signup,18-06-2026
203,App Install,06-03-2026
204,App Install,23-04-2026
204,Signup,23-04-2026
204,KYC Verification,26-04-2026
204,First Transaction,27-04-2026
205,App Install,30-07-2026
205,Signup,01-08-2026
206,App Install,14-06-2026
206,Signup,14-06-2026
206,KYC Verification,15-06-2026
206,First Transaction,19-06-2026
207,App Install,26-04-2026
207,Signup,28-04-2026
207,KYC Verification,29-04-2026
207,First Transaction,04-05-2026
208,App Install,04-06-2026
208,Signup,04-06-2026
208,KYC Verification,05-06-2026
208,First Transaction,09-06-2026
208,Loan Application,17-06-2026
208,Loan Approved,24-06-2026
209,App Install,10-04-2026
209,Signup,12-04-2026
210,App Install,16-03-2026
210,Signup,16-03-2026
210,KYC Verification,17-03-2026
210,First Transaction,19-03-2026
210,Loan Application,28-03-2026
211,App Install,17-07-2026
211,Signup,19-07-2026
211,KYC Verification,20-07-2026
212,App Install,12-05-2026
212,Signup,13-05-2026
212,KYC Verification,16-05-2026
212,First Transaction,17-05-2026
213,App Install,01-06-2026
214,App Install,08-05-2026
214,Signup,09-05-2026
215,App Install,08-07-2026
215,Signup,09-07-2026
216,App Install,05-06-2026
217,App Install,01-03-2026
218,App Install,02-03-2026
219,App Install,20-07-2026
219,Signup,22-07-2026
219,KYC Verification,22-07-2026
219,First Transaction,24-07-2026
219,Loan Application,30-07-2026
220,App Install,26-07-2026
220,Signup,26-07-2026
220,KYC Verification,29-07-2026
220,First Transaction,30-07-2026
221,App Install,14-03-2026
221,Signup,15-03-2026
221,KYC Verification,16-03-2026
221,First Transaction,18-03-2026
221,Loan Application,29-03-2026
222,App Install,02-05-2026
222,Signup,03-05-2026
222,KYC Verification,03-05-2026
222,First Transaction,07-05-2026
223,App Install,04-03-2026
224,App Install,16-07-2026
224,Signup,17-07-2026
225,App Install,09-05-2026
225,Signup,09-05-2026
225,KYC Verification,10-05-2026
225,First Transaction,13-05-2026
226,App Install,30-05-2026
226,Signup,31-05-2026
227,App Install,15-06-2026
227,Signup,16-06-2026
228,App Install,23-07-2026
228,Signup,24-07-2026
229,App Install,08-04-2026
229,Signup,08-04-2026
229,KYC Verification,10-04-2026
230,App Install,21-06-2026
230,Signup,22-06-2026
231,App Install,11-03-2026
231,Signup,12-03-2026
232,App Install,24-06-2026
232,Signup,25-06-2026
233,App Install,05-06-2026
233,Signup,06-06-2026
234,App Install,06-07-2026
234,Signup,06-07-2026
234,KYC Verification,09-07-2026
234,First Transaction,14-07-2026
235,App Install,10-03-2026
235,Signup,12-03-2026
235,KYC Verification,13-03-2026
235,First Transaction,14-03-2026
235,Loan Application,21-03-2026
236,App Install,15-03-2026
236,Signup,16-03-2026
236,KYC Verification,17-03-2026
236,First Transaction,22-03-2026
237,App Install,12-03-2026
237,Signup,14-03-2026
237,KYC Verification,15-03-2026
238,App Install,15-03-2026
238,Signup,17-03-2026
239,App Install,24-06-2026
239,Signup,25-06-2026
239,KYC Verification,27-06-2026
239,First Transaction,29-06-2026
240,App Install,22-04-2026
240,Signup,23-04-2026
241,App Install,22-04-2026
241,Signup,23-04-2026
241,KYC Verification,25-04-2026
241,First Transaction,27-04-2026
241,Loan Application,07-05-2026
242,App Install,28-06-2026
242,Signup,29-06-2026
243,App Install,30-06-2026
243,Signup,01-07-2026
244,App Install,02-05-2026
244,Signup,04-05-2026
244,KYC Verification,05-05-2026
244,First Transaction,10-05-2026
245,App Install,24-03-2026
246,App Install,07-04-2026
246,Signup,08-04-2026
246,KYC Verification,10-04-2026
246,First Transaction,13-04-2026
247,App Install,06-06-2026
247,Signup,08-06-2026
247,KYC Verification,09-06-2026
247,First Transaction,11-06-2026
248,App Install,16-04-2026
248,Signup,18-04-2026
249,App Install,02-05-2026
249,Signup,04-05-2026
250,App Install,27-07-2026
250,Signup,29-07-2026
251,App Install,10-05-2026
251,Signup,10-05-2026
251,KYC Verification,11-05-2026
251,First Transaction,14-05-2026
252,App Install,14-03-2026
252,Signup,15-03-2026
252,KYC Verification,18-03-2026
252,First Transaction,22-03-2026
253,App Install,12-07-2026
253,Signup,13-07-2026
253,KYC Verification,13-07-2026
254,App Install,01-08-2026
254,Signup,02-08-2026
254,KYC Verification,03-08-2026
254,First Transaction,08-08-2026
255,App Install,22-05-2026
255,Signup,22-05-2026
255,KYC Verification,22-05-2026
255,First Transaction,25-05-2026
256,App Install,05-03-2026
256,Signup,07-03-2026
256,KYC Verification,07-03-2026
256,First Transaction,10-03-2026
256,Loan Application,16-03-2026
257,App Install,26-06-2026
257,Signup,26-06-2026
257,KYC Verification,29-06-2026
257,First Transaction,02-07-2026
258,App Install,06-07-2026
259,App Install,15-03-2026
260,App Install,16-07-2026
260,Signup,16-07-2026
261,App Install,25-03-2026
261,Signup,27-03-2026
261,KYC Verification,27-03-2026
261,First Transaction,01-04-2026
262,App Install,05-06-2026
262,Signup,06-06-2026
262,KYC Verification,06-06-2026
262,First Transaction,07-06-2026
263,App Install,29-05-2026
263,Signup,30-05-2026
263,KYC Verification,02-06-2026
264,App Install,20-06-2026
264,Signup,21-06-2026
264,KYC Verification,21-06-2026
265,App Install,21-04-2026
266,App Install,07-04-2026
267,App Install,31-05-2026
267,Signup,31-05-2026
267,KYC Verification,01-06-2026
267,First Transaction,02-06-2026
268,App Install,04-03-2026
269,App Install,25-07-2026
269,Signup,25-07-2026
269,KYC Verification,27-07-2026
269,First Transaction,01-08-2026
269,Loan Application,10-08-2026
269,Loan Approved,17-08-2026
270,App Install,01-05-2026
271,App Install,25-07-2026
271,Signup,27-07-2026
271,KYC Verification,27-07-2026
272,App Install,15-05-2026
273,App Install,21-03-2026
274,App Install,14-03-2026
274,Signup,15-03-2026
274,KYC Verification,17-03-2026
274,First Transaction,22-03-2026
275,App Install,24-06-2026
275,Signup,26-06-2026
276,App Install,12-07-2026
276,Signup,14-07-2026
277,App Install,27-07-2026
277,Signup,28-07-2026
277,KYC Verification,31-07-2026
278,App Install,07-04-2026
278,Signup,07-04-2026
279,App Install,07-04-2026
279,Signup,08-04-2026
279,KYC Verification,11-04-2026
280,App Install,11-05-2026
280,Signup,12-05-2026
281,App Install,15-06-2026
281,Signup,17-06-2026
282,App Install,15-06-2026
282,Signup,17-06-2026
282,KYC Verification,17-06-2026
282,First Transaction,21-06-2026
282,Loan Application,29-06-2026
282,Loan Approved,06-07-2026
283,App Install,08-03-2026
283,Signup,09-03-2026
284,App Install,10-07-2026
285,App Install,20-05-2026
285,Signup,22-05-2026
285,KYC Verification,22-05-2026
285,First Transaction,25-05-2026
286,App Install,20-03-2026
286,Signup,20-03-2026
286,KYC Verification,21-03-2026
286,First Transaction,23-03-2026
287,App Install,29-06-2026
288,App Install,01-04-2026
288,Signup,02-04-2026
288,KYC Verification,04-04-2026
288,First Transaction,06-04-2026
289,App Install,28-03-2026
290,App Install,29-03-2026
290,Signup,29-03-2026
290,KYC Verification,01-04-2026
291,App Install,31-03-2026
291,Signup,02-04-2026
292,App Install,28-03-2026
292,Signup,29-03-2026
292,KYC Verification,30-03-2026
292,First Transaction,31-03-2026
293,App Install,20-05-2026
293,Signup,20-05-2026
293,KYC Verification,23-05-2026
294,App Install,12-05-2026
294,Signup,14-05-2026
294,KYC Verification,16-05-2026
294,First Transaction,21-05-2026
294,Loan Application,01-06-2026
294,Loan Approved,02-06-2026
295,App Install,29-07-2026
296,App Install,26-03-2026
296,Signup,27-03-2026
297,App Install,20-03-2026
297,Signup,22-03-2026
298,App Install,02-06-2026
298,Signup,03-06-2026
299,App Install,27-06-2026
299,Signup,28-06-2026
299,KYC Verification,29-06-2026
299,First Transaction,02-07-2026
299,Loan Application,07-07-2026
300,App Install,10-06-2026
300,Signup,11-06-2026
301,App Install,25-04-2026
301,Signup,25-04-2026
302,App Install,04-05-2026
302,Signup,06-05-2026
303,App Install,10-05-2026
304,App Install,17-06-2026
305,App Install,25-06-2026
306,App Install,01-03-2026
306,Signup,02-03-2026
306,KYC Verification,02-03-2026
306,First Transaction,04-03-2026
307,App Install,23-03-2026
307,Signup,25-03-2026
308,App Install,18-04-2026
308,Signup,19-04-2026
308,KYC Verification,20-04-2026
308,First Transaction,24-04-2026
309,App Install,08-07-2026
309,Signup,10-07-2026
309,KYC Verification,10-07-2026
310,App Install,02-04-2026
310,Signup,03-04-2026
311,App Install,11-03-2026
311,Signup,13-03-2026
311,KYC Verification,16-03-2026
311,First Transaction,18-03-2026
311,Loan Application,20-03-2026
311,Loan Approved,23-03-2026
312,App Install,26-06-2026
312,Signup,27-06-2026
313,App Install,19-03-2026
314,App Install,23-03-2026
315,App Install,31-03-2026
315,Signup,01-04-2026
316,App Install,14-05-2026
316,Signup,16-05-2026
316,KYC Verification,16-05-2026
316,First Transaction,19-05-2026
317,App Install,15-06-2026
317,Signup,17-06-2026
317,KYC Verification,19-06-2026
317,First Transaction,22-06-2026
317,Loan Application,06-07-2026
318,App Install,17-05-2026
319,App Install,17-05-2026
319,Signup,17-05-2026
319,KYC Verification,17-05-2026
319,First Transaction,19-05-2026
320,App Install,14-03-2026
320,Signup,16-03-2026
321,App Install,23-06-2026
321,Signup,24-06-2026
322,App Install,29-06-2026
322,Signup,30-06-2026
322,KYC Verification,30-06-2026
322,First Transaction,02-07-2026
322,Loan Application,05-07-2026
322,Loan Approved,06-07-2026
323,App Install,26-05-2026
323,Signup,27-05-2026
323,KYC Verification,28-05-2026
323,First Transaction,31-05-2026
324,App Install,22-07-2026
324,Signup,22-07-2026
325,App Install,05-04-2026
326,App Install,30-06-2026
326,Signup,30-06-2026
326,KYC Verification,02-07-2026
327,App Install,08-03-2026
327,Signup,08-03-2026
328,App Install,14-07-2026
329,App Install,28-05-2026
329,Signup,29-05-2026
330,App Install,17-06-2026
330,Signup,17-06-2026
330,KYC Verification,19-06-2026
330,First Transaction,22-06-2026
330,Loan Application,05-07-2026
330,Loan Approved,06-07-2026
331,App Install,05-06-2026
331,Signup,06-06-2026
331,KYC Verification,07-06-2026
331,First Transaction,10-06-2026
332,App Install,15-06-2026
332,Signup,15-06-2026
332,KYC Verification,18-06-2026
332,First Transaction,23-06-2026
333,App Install,17-05-2026
333,Signup,17-05-2026
333,KYC Verification,20-05-2026
333,First Transaction,23-05-2026
334,App Install,23-03-2026
334,Signup,25-03-2026
334,KYC Verification,27-03-2026
334,First Transaction,28-03-2026
335,App Install,02-05-2026
335,Signup,04-05-2026
336,App Install,16-05-2026
336,Signup,17-05-2026
336,KYC Verification,18-05-2026
336,First Transaction,19-05-2026
336,Loan Application,23-05-2026
337,App Install,23-06-2026
337,Signup,24-06-2026
337,KYC Verification,25-06-2026
337,First Transaction,27-06-2026
338,App Install,29-05-2026
338,Signup,31-05-2026
338,KYC Verification,01-06-2026
339,App Install,27-05-2026
339,Signup,28-05-2026
339,KYC Verification,29-05-2026
340,App Install,01-08-2026
340,Signup,03-08-2026
341,App Install,24-03-2026
341,Signup,26-03-2026
341,KYC Verification,29-03-2026
342,App Install,19-04-2026
343,App Install,01-03-2026
343,Signup,03-03-2026
343,KYC Verification,05-03-2026
343,First Transaction,09-03-2026
343,Loan Application,20-03-2026
343,Loan Approved,24-03-2026
344,App Install,04-05-2026
344,Signup,05-05-2026
345,App Install,17-03-2026
345,Signup,18-03-2026
345,KYC Verification,20-03-2026
345,First Transaction,25-03-2026
346,App Install,17-04-2026
346,Signup,17-04-2026
346,KYC Verification,19-04-2026
346,First Transaction,24-04-2026
347,App Install,01-08-2026
348,App Install,11-04-2026
348,Signup,11-04-2026
348,KYC Verification,11-04-2026
348,First Transaction,13-04-2026
349,App Install,15-04-2026
349,Signup,16-04-2026
350,App Install,12-03-2026
350,Signup,14-03-2026
350,KYC Verification,15-03-2026
350,First Transaction,16-03-2026
351,App Install,23-04-2026
352,App Install,05-06-2026
352,Signup,06-06-2026
352,KYC Verification,07-06-2026
352,First Transaction,08-06-2026
352,Loan Application,17-06-2026
352,Loan Approved,22-06-2026
353,App Install,10-05-2026
353,Signup,10-05-2026
353,KYC Verification,13-05-2026
353,First Transaction,15-05-2026
354,App Install,10-06-2026
354,Signup,12-06-2026
354,KYC Verification,13-06-2026
354,First Transaction,18-06-2026
355,App Install,26-05-2026
355,Signup,28-05-2026
356,App Install,18-04-2026
356,Signup,20-04-2026
357,App Install,08-06-2026
357,Signup,08-06-2026
357,KYC Verification,11-06-2026
357,First Transaction,16-06-2026
358,App Install,25-06-2026
359,App Install,15-06-2026
359,Signup,17-06-2026
360,App Install,05-07-2026
361,App Install,08-07-2026
361,Signup,08-07-2026
361,KYC Verification,11-07-2026
361,First Transaction,12-07-2026
361,Loan Application,24-07-2026
362,App Install,19-07-2026
362,Signup,21-07-2026
362,KYC Verification,22-07-2026
363,App Install,15-04-2026
364,App Install,12-07-2026
364,Signup,14-07-2026
365,App Install,26-05-2026
365,Signup,26-05-2026
365,KYC Verification,27-05-2026
365,First Transaction,29-05-2026
366,App Install,03-06-2026
366,Signup,03-06-2026
366,KYC Verification,06-06-2026
367,App Install,18-03-2026
367,Signup,20-03-2026
367,KYC Verification,22-03-2026
367,First Transaction,24-03-2026
368,App Install,13-05-2026
368,Signup,14-05-2026
368,KYC Verification,16-05-2026
368,First Transaction,17-05-2026
369,App Install,08-07-2026
369,Signup,09-07-2026
369,KYC Verification,10-07-2026
369,First Transaction,12-07-2026
370,App Install,09-04-2026
370,Signup,10-04-2026
370,KYC Verification,11-04-2026
371,App Install,13-06-2026
372,App Install,05-05-2026
372,Signup,06-05-2026
373,App Install,07-06-2026
373,Signup,07-06-2026
373,KYC Verification,08-06-2026
373,First Transaction,10-06-2026
374,App Install,18-05-2026
375,App Install,13-07-2026
375,Signup,15-07-2026
375,KYC Verification,16-07-2026
375,First Transaction,18-07-2026
375,Loan Application,21-07-2026
375,Loan Approved,22-07-2026
376,App Install,12-04-2026
376,Signup,13-04-2026
376,KYC Verification,13-04-2026
376,First Transaction,18-04-2026
376,Loan Application,26-04-2026
376,Loan Approved,27-04-2026
377,App Install,24-05-2026
377,Signup,26-05-2026
377,KYC Verification,26-05-2026
377,First Transaction,27-05-2026
378,App Install,11-06-2026
379,App Install,26-03-2026
379,Signup,27-03-2026
380,App Install,07-06-2026
380,Signup,08-06-2026
381,App Install,29-04-2026
381,Signup,30-04-2026
381,KYC Verification,30-04-2026
381,First Transaction,05-05-2026
382,App Install,15-05-2026
382,Signup,16-05-2026
382,KYC Verification,18-05-2026
382,First Transaction,19-05-2026
383,App Install,03-07-2026
383,Signup,05-07-2026
384,App Install,25-03-2026
384,Signup,26-03-2026
385,App Install,15-04-2026
385,Signup,16-04-2026
385,KYC Verification,18-04-2026
386,App Install,29-07-2026
387,App Install,07-06-2026
388,App Install,17-03-2026
388,Signup,19-03-2026
388,KYC Verification,22-03-2026
389,App Install,08-07-2026
389,Signup,09-07-2026
389,KYC Verification,09-07-2026
389,First Transaction,10-07-2026
390,App Install,12-03-2026
390,Signup,12-03-2026
390,KYC Verification,13-03-2026
391,App Install,16-06-2026
391,Signup,17-06-2026
391,KYC Verification,18-06-2026
391,First Transaction,19-06-2026
392,App Install,14-04-2026
393,App Install,25-07-2026
394,App Install,16-04-2026
395,App Install,01-07-2026
395,Signup,01-07-2026
395,KYC Verification,02-07-2026
395,First Transaction,04-07-2026
395,Loan Application,16-07-2026
395,Loan Approved,22-07-2026
396,App Install,18-05-2026
397,App Install,21-03-2026
398,App Install,20-07-2026
399,App Install,01-07-2026
399,Signup,03-07-2026
400,App Install,23-06-2026
401,App Install,02-06-2026
401,Signup,02-06-2026
401,KYC Verification,04-06-2026
401,First Transaction,05-06-2026
402,App Install,15-03-2026
402,Signup,16-03-2026
402,KYC Verification,18-03-2026
402,First Transaction,21-03-2026
403,App Install,20-04-2026
403,Signup,20-04-2026
403,KYC Verification,22-04-2026
403,First Transaction,23-04-2026
403,Loan Application,27-04-2026
404,App Install,31-07-2026
404,Signup,31-07-2026
404,KYC Verification,01-08-2026
405,App Install,20-04-2026
406,App Install,18-04-2026
406,Signup,19-04-2026
406,KYC Verification,20-04-2026
406,First Transaction,23-04-2026
407,App Install,13-05-2026
407,Signup,15-05-2026
407,KYC Verification,16-05-2026
407,First Transaction,20-05-2026
407,Loan Application,25-05-2026
407,Loan Approved,31-05-2026
408,App Install,19-04-2026
409,App Install,21-04-2026
409,Signup,21-04-2026
409,KYC Verification,24-04-2026
409,First Transaction,27-04-2026
410,App Install,12-04-2026
411,App Install,22-04-2026
411,Signup,23-04-2026
411,KYC Verification,23-04-2026
412,App Install,03-06-2026
412,Signup,05-06-2026
413,App Install,05-05-2026
414,App Install,22-04-2026
414,Signup,23-04-2026
414,KYC Verification,25-04-2026
415,App Install,04-03-2026
415,Signup,05-03-2026
415,KYC Verification,06-03-2026
415,First Transaction,07-03-2026
415,Loan Application,20-03-2026
415,Loan Approved,22-03-2026
416,App Install,06-04-2026
417,App Install,27-04-2026
417,Signup,29-04-2026
417,KYC Verification,30-04-2026
417,First Transaction,01-05-2026
417,Loan Application,06-05-2026
417,Loan Approved,11-05-2026
418,App Install,08-04-2026
418,Signup,09-04-2026
418,KYC Verification,11-04-2026
419,App Install,13-07-2026
419,Signup,15-07-2026
419,KYC Verification,16-07-2026
419,First Transaction,17-07-2026
419,Loan Application,31-07-2026
419,Loan Approved,05-08-2026
420,App Install,02-05-2026
421,App Install,05-06-2026
421,Signup,06-06-2026
421,KYC Verification,06-06-2026
421,First Transaction,07-06-2026
422,App Install,13-05-2026
422,Signup,14-05-2026
422,KYC Verification,15-05-2026
422,First Transaction,16-05-2026
423,App Install,28-06-2026
423,Signup,30-06-2026
423,KYC Verification,02-07-2026
423,First Transaction,05-07-2026
424,App Install,01-05-2026
424,Signup,02-05-2026
424,KYC Verification,05-05-2026
424,First Transaction,08-05-2026
424,Loan Application,13-05-2026
424,Loan Approved,16-05-2026
425,App Install,29-04-2026
426,App Install,23-06-2026
426,Signup,24-06-2026
426,KYC Verification,26-06-2026
426,First Transaction,30-06-2026
426,Loan Application,10-07-2026
426,Loan Approved,12-07-2026
427,App Install,11-05-2026
427,Signup,12-05-2026
427,KYC Verification,14-05-2026
427,First Transaction,18-05-2026
428,App Install,15-03-2026
429,App Install,10-04-2026
429,Signup,11-04-2026
429,KYC Verification,13-04-2026
429,First Transaction,16-04-2026
430,App Install,16-03-2026
431,App Install,17-06-2026
431,Signup,17-06-2026
431,KYC Verification,18-06-2026
431,First Transaction,19-06-2026
431,Loan Application,01-07-2026
431,Loan Approved,05-07-2026
432,App Install,30-05-2026
432,Signup,30-05-2026
432,KYC Verification,31-05-2026
432,First Transaction,05-06-2026
433,App Install,24-06-2026
434,App Install,18-07-2026
434,Signup,18-07-2026
434,KYC Verification,19-07-2026
435,App Install,30-05-2026
436,App Install,26-06-2026
436,Signup,28-06-2026
437,App Install,27-03-2026
437,Signup,29-03-2026
438,App Install,18-05-2026
438,Signup,18-05-2026
439,App Install,14-04-2026
440,App Install,08-07-2026
440,Signup,09-07-2026
441,App Install,25-07-2026
441,Signup,27-07-2026
441,KYC Verification,29-07-2026
441,First Transaction,01-08-2026
441,Loan Application,12-08-2026
442,App Install,27-07-2026
442,Signup,28-07-2026
442,KYC Verification,29-07-2026
442,First Transaction,31-07-2026
442,Loan Application,08-08-2026
443,App Install,05-06-2026
443,Signup,06-06-2026
444,App Install,11-07-2026
445,App Install,23-05-2026
445,Signup,25-05-2026
446,App Install,12-04-2026
447,App Install,21-05-2026
447,Signup,22-05-2026
447,KYC Verification,24-05-2026
447,First Transaction,25-05-2026
448,App Install,21-05-2026
448,Signup,21-05-2026
448,KYC Verification,23-05-2026
449,App Install,16-06-2026
449,Signup,16-06-2026
449,KYC Verification,18-06-2026
449,First Transaction,19-06-2026
449,Loan Application,30-06-2026
450,App Install,28-05-2026
450,Signup,29-05-2026
450,KYC Verification,29-05-2026
450,First Transaction,02-06-2026
451,App Install,14-03-2026
452,App Install,24-05-2026
452,Signup,25-05-2026
452,KYC Verification,26-05-2026
453,App Install,30-05-2026
454,App Install,20-03-2026
454,Signup,20-03-2026
455,App Install,07-04-2026
455,Signup,09-04-2026
455,KYC Verification,09-04-2026
456,App Install,03-05-2026
456,Signup,03-05-2026
457,App Install,01-05-2026
457,Signup,01-05-2026
457,KYC Verification,03-05-2026
458,App Install,25-03-2026
458,Signup,27-03-2026
458,KYC Verification,29-03-2026
459,App Install,01-06-2026
460,App Install,18-07-2026
461,App Install,24-05-2026
461,Signup,25-05-2026
461,KYC Verification,25-05-2026
461,First Transaction,28-05-2026
462,App Install,12-05-2026
462,Signup,14-05-2026
462,KYC Verification,16-05-2026
462,First Transaction,17-05-2026
462,Loan Application,20-05-2026
462,Loan Approved,23-05-2026
463,App Install,31-07-2026
463,Signup,01-08-2026
464,App Install,18-07-2026
464,Signup,19-07-2026
464,KYC Verification,22-07-2026
464,First Transaction,25-07-2026
465,App Install,17-05-2026
465,Signup,18-05-2026
465,KYC Verification,21-05-2026
466,App Install,22-04-2026
466,Signup,24-04-2026
467,App Install,30-04-2026
467,Signup,02-05-2026
468,App Install,12-05-2026
468,Signup,13-05-2026
468,KYC Verification,15-05-2026
468,First Transaction,20-05-2026
469,App Install,11-05-2026
469,Signup,13-05-2026
469,KYC Verification,15-05-2026
469,First Transaction,19-05-2026
470,App Install,27-03-2026
470,Signup,28-03-2026
471,App Install,23-03-2026
471,Signup,25-03-2026
471,KYC Verification,25-03-2026
472,App Install,26-03-2026
472,Signup,26-03-2026
472,KYC Verification,28-03-2026
472,First Transaction,31-03-2026
473,App Install,16-03-2026
473,Signup,17-03-2026
474,App Install,05-03-2026
474,Signup,06-03-2026
475,App Install,21-06-2026
475,Signup,22-06-2026
475,KYC Verification,23-06-2026
476,App Install,02-05-2026
477,App Install,14-06-2026
477,Signup,15-06-2026
477,KYC Verification,15-06-2026
478,App Install,22-03-2026
478,Signup,23-03-2026
478,KYC Verification,23-03-2026
479,App Install,28-03-2026
479,Signup,30-03-2026
480,App Install,01-04-2026
480,Signup,02-04-2026
481,App Install,30-03-2026
481,Signup,01-04-2026
481,KYC Verification,04-04-2026
481,First Transaction,05-04-2026
482,App Install,25-05-2026
483,App Install,11-04-2026
483,Signup,11-04-2026
484,App Install,29-06-2026
484,Signup,30-06-2026
484,KYC Verification,02-07-2026
485,App Install,01-06-2026
485,Signup,02-06-2026
485,KYC Verification,04-06-2026
485,First Transaction,06-06-2026
486,App Install,31-03-2026
486,Signup,02-04-2026
487,App Install,13-06-2026
487,Signup,15-06-2026
487,KYC Verification,17-06-2026
487,First Transaction,19-06-2026
488,App Install,23-07-2026
489,App Install,07-06-2026
490,App Install,19-06-2026
490,Signup,21-06-2026
490,KYC Verification,23-06-2026
490,First Transaction,24-06-2026
490,Loan Application,02-07-2026
490,Loan Approved,04-07-2026
491,App Install,02-03-2026
492,App Install,22-06-2026
492,Signup,24-06-2026
492,KYC Verification,24-06-2026
492,First Transaction,25-06-2026
493,App Install,20-05-2026
493,Signup,21-05-2026
494,App Install,01-03-2026
494,Signup,03-03-2026
494,KYC Verification,04-03-2026
494,First Transaction,07-03-2026
495,App Install,30-03-2026
495,Signup,01-04-2026
495,KYC Verification,04-04-2026
496,App Install,29-03-2026
496,Signup,30-03-2026
497,App Install,13-07-2026
497,Signup,14-07-2026
497,KYC Verification,16-07-2026
497,First Transaction,18-07-2026
498,App Install,06-03-2026
499,App Install,19-04-2026
500,App Install,10-05-2026
500,Signup,11-05-2026
501,App Install,23-07-2026
501,Signup,24-07-2026
501,KYC Verification,24-07-2026
501,First Transaction,26-07-2026
501,Loan Application,03-08-2026
501,Loan Approved,04-08-2026
502,App Install,08-04-2026
502,Signup,09-04-2026
502,KYC Verification,09-04-2026
502,First Transaction,11-04-2026
503,App Install,05-04-2026
503,Signup,05-04-2026
503,KYC Verification,08-04-2026
504,App Install,08-04-2026
504,Signup,08-04-2026
504,KYC Verification,09-04-2026
504,First Transaction,10-04-2026
505,App Install,23-07-2026
505,Signup,24-07-2026
505,KYC Verification,26-07-2026
505,First Transaction,31-07-2026
506,App Install,06-04-2026
506,Signup,06-04-2026
506,KYC Verification,06-04-2026
506,First Transaction,10-04-2026
506,Loan Application,18-04-2026
506,Loan Approved,23-04-2026
507,App Install,28-06-2026
508,App Install,06-06-2026
508,Signup,08-06-2026
509,App Install,25-07-2026
510,App Install,14-04-2026
511,App Install,08-03-2026
512,App Install,22-03-2026
513,App Install,25-03-2026
513,Signup,26-03-2026
513,KYC Verification,26-03-2026
513,First Transaction,29-03-2026
514,App Install,27-05-2026
514,Signup,29-05-2026
514,KYC Verification,01-06-2026
514,First Transaction,02-06-2026
514,Loan Application,04-06-2026
514,Loan Approved,09-06-2026
515,App Install,05-04-2026
515,Signup,06-04-2026
516,App Install,24-03-2026
517,App Install,11-07-2026
517,Signup,13-07-2026
517,KYC Verification,15-07-2026
517,First Transaction,19-07-2026
518,App Install,28-06-2026
518,Signup,28-06-2026
518,KYC Verification,01-07-2026
518,First Transaction,05-07-2026
519,App Install,26-07-2026
519,Signup,27-07-2026
519,KYC Verification,28-07-2026
520,App Install,06-04-2026
520,Signup,06-04-2026
520,KYC Verification,07-04-2026
520,First Transaction,09-04-2026
521,App Install,17-06-2026
521,Signup,18-06-2026
521,KYC Verification,18-06-2026
521,First Transaction,23-06-2026
521,Loan Application,27-06-2026
521,Loan Approved,30-06-2026
522,App Install,09-03-2026
523,App Install,28-06-2026
523,Signup,30-06-2026
523,KYC Verification,02-07-2026
524,App Install,07-07-2026
524,Signup,09-07-2026
524,KYC Verification,12-07-2026
525,App Install,20-06-2026
525,Signup,20-06-2026
525,KYC Verification,22-06-2026
525,First Transaction,23-06-2026
526,App Install,03-05-2026
526,Signup,03-05-2026
526,KYC Verification,04-05-2026
526,First Transaction,08-05-2026
527,App Install,05-05-2026
527,Signup,06-05-2026
528,App Install,02-03-2026
528,Signup,03-03-2026
528,KYC Verification,05-03-2026
528,First Transaction,10-03-2026
529,App Install,09-03-2026
530,App Install,14-07-2026
530,Signup,15-07-2026
530,KYC Verification,17-07-2026
530,First Transaction,22-07-2026
531,App Install,01-04-2026
531,Signup,01-04-2026
532,App Install,10-04-2026
532,Signup,10-04-2026
532,KYC Verification,12-04-2026
533,App Install,20-07-2026
534,App Install,14-04-2026
535,App Install,22-04-2026
535,Signup,23-04-2026
536,App Install,21-06-2026
537,App Install,02-06-2026
538,App Install,27-03-2026
538,Signup,28-03-2026
539,App Install,03-06-2026
539,Signup,04-06-2026
539,KYC Verification,05-06-2026
539,First Transaction,08-06-2026
540,App Install,01-07-2026
541,App Install,12-07-2026
541,Signup,13-07-2026
542,App Install,20-04-2026
542,Signup,22-04-2026
543,App Install,28-04-2026
543,Signup,30-04-2026
543,KYC Verification,01-05-2026
543,First Transaction,03-05-2026
544,App Install,29-03-2026
544,Signup,30-03-2026
544,KYC Verification,01-04-2026
545,App Install,25-03-2026
545,Signup,27-03-2026
545,KYC Verification,28-03-2026
545,First Transaction,29-03-2026
546,App Install,03-06-2026
546,Signup,05-06-2026
546,KYC Verification,06-06-2026
546,First Transaction,10-06-2026
547,App Install,23-05-2026
547,Signup,24-05-2026
548,App Install,27-05-2026
548,Signup,28-05-2026
549,App Install,05-04-2026
550,App Install,23-06-2026
550,Signup,24-06-2026
550,KYC Verification,26-06-2026
550,First Transaction,29-06-2026
550,Loan Application,11-07-2026
551,App Install,16-07-2026
551,Signup,17-07-2026
552,App Install,19-03-2026
553,App Install,24-05-2026
553,Signup,25-05-2026
553,KYC Verification,28-05-2026
554,App Install,18-04-2026
554,Signup,18-04-2026
554,KYC Verification,21-04-2026
554,First Transaction,22-04-2026
555,App Install,06-06-2026
556,App Install,11-04-2026
556,Signup,12-04-2026
557,App Install,05-03-2026
558,App Install,23-07-2026
558,Signup,23-07-2026
558,KYC Verification,25-07-2026
559,App Install,16-04-2026
559,Signup,16-04-2026
560,App Install,15-06-2026
560,Signup,17-06-2026
561,App Install,27-04-2026
561,Signup,29-04-2026
561,KYC Verification,29-04-2026
561,First Transaction,02-05-2026
561,Loan Application,13-05-2026
561,Loan Approved,19-05-2026
562,App Install,03-03-2026
562,Signup,04-03-2026
562,KYC Verification,06-03-2026
562,First Transaction,08-03-2026
563,App Install,19-07-2026
563,Signup,20-07-2026
563,KYC Verification,22-07-2026
563,First Transaction,23-07-2026
564,App Install,23-07-2026
564,Signup,25-07-2026
564,KYC Verification,26-07-2026
564,First Transaction,31-07-2026
564,Loan Application,03-08-2026
564,Loan Approved,05-08-2026
565,App Install,11-06-2026
565,Signup,12-06-2026
566,App Install,09-06-2026
566,Signup,10-06-2026
567,App Install,01-08-2026
567,Signup,02-08-2026
567,KYC Verification,03-08-2026
567,First Transaction,08-08-2026
568,App Install,28-06-2026
568,Signup,30-06-2026
569,App Install,11-05-2026
570,App Install,31-05-2026
570,Signup,02-06-2026
570,KYC Verification,03-06-2026
570,First Transaction,05-06-2026
571,App Install,27-07-2026
571,Signup,28-07-2026
571,KYC Verification,29-07-2026
571,First Transaction,02-08-2026
572,App Install,07-03-2026
573,App Install,04-05-2026
574,App Install,13-03-2026
574,Signup,15-03-2026
574,KYC Verification,16-03-2026
574,First Transaction,21-03-2026
575,App Install,10-04-2026
575,Signup,10-04-2026
575,KYC Verification,12-04-2026
576,App Install,22-06-2026
576,Signup,22-06-2026
577,App Install,21-07-2026
578,App Install,26-07-2026
578,Signup,28-07-2026
578,KYC Verification,30-07-2026
578,First Transaction,02-08-2026
579,App Install,25-03-2026
580,App Install,29-05-2026
581,App Install,26-06-2026
581,Signup,28-06-2026
581,KYC Verification,29-06-2026
581,First Transaction,03-07-2026
582,App Install,10-06-2026
582,Signup,11-06-2026
583,App Install,14-07-2026
584,App Install,16-04-2026
584,Signup,17-04-2026
585,App Install,21-07-2026
585,Signup,21-07-2026
585,KYC Verification,24-07-2026
585,First Transaction,27-07-2026
586,App Install,25-03-2026
586,Signup,26-03-2026
586,KYC Verification,29-03-2026
586,First Transaction,31-03-2026
587,App Install,26-05-2026
587,Signup,27-05-2026
588,App Install,12-05-2026
588,Signup,13-05-2026
588,KYC Verification,15-05-2026
588,First Transaction,19-05-2026
588,Loan Application,20-05-2026
588,Loan Approved,23-05-2026
589,App Install,30-05-2026
589,Signup,01-06-2026
590,App Install,14-05-2026
591,App Install,08-06-2026
591,Signup,09-06-2026
591,KYC Verification,10-06-2026
591,First Transaction,15-06-2026
592,App Install,04-05-2026
592,Signup,06-05-2026
592,KYC Verification,09-05-2026
592,First Transaction,11-05-2026
592,Loan Application,13-05-2026
592,Loan Approved,20-05-2026
593,App Install,01-07-2026
593,Signup,01-07-2026
594,App Install,21-05-2026
594,Signup,21-05-2026
594,KYC Verification,22-05-2026
595,App Install,29-03-2026
595,Signup,30-03-2026
595,KYC Verification,31-03-2026
595,First Transaction,03-04-2026
595,Loan Application,06-04-2026
596,App Install,09-04-2026
596,Signup,10-04-2026
596,KYC Verification,12-04-2026
597,App Install,04-04-2026
597,Signup,05-04-2026
598,App Install,16-04-2026
598,Signup,17-04-2026
598,KYC Verification,18-04-2026
598,First Transaction,23-04-2026
599,App Install,24-04-2026
600,App Install,30-06-2026
601,App Install,11-04-2026
601,Signup,13-04-2026
601,KYC Verification,16-04-2026
601,First Transaction,20-04-2026
602,App Install,03-06-2026
602,Signup,04-06-2026
602,KYC Verification,06-06-2026
603,App Install,12-07-2026
603,Signup,12-07-2026
603,KYC Verification,13-07-2026
604,App Install,25-07-2026
604,Signup,25-07-2026
605,App Install,03-04-2026
606,App Install,22-03-2026
607,App Install,02-05-2026
607,Signup,02-05-2026
607,KYC Verification,03-05-2026
608,App Install,23-04-2026
609,App Install,05-07-2026
610,App Install,22-06-2026
610,Signup,22-06-2026
610,KYC Verification,23-06-2026
610,First Transaction,28-06-2026
611,App Install,28-05-2026
611,Signup,30-05-2026
612,App Install,24-07-2026
613,App Install,06-07-2026
614,App Install,11-03-2026
614,Signup,12-03-2026
614,KYC Verification,14-03-2026
614,First Transaction,18-03-2026
615,App Install,28-04-2026
615,Signup,30-04-2026
615,KYC Verification,02-05-2026
616,App Install,02-04-2026
616,Signup,03-04-2026
616,KYC Verification,06-04-2026
616,First Transaction,08-04-2026
616,Loan Application,14-04-2026
616,Loan Approved,21-04-2026
617,App Install,21-03-2026
617,Signup,23-03-2026
618,App Install,15-05-2026
619,App Install,17-06-2026
619,Signup,17-06-2026
619,KYC Verification,17-06-2026
619,First Transaction,21-06-2026
619,Loan Application,29-06-2026
620,App Install,23-05-2026
620,Signup,24-05-2026
620,KYC Verification,26-05-2026
620,First Transaction,30-05-2026
621,App Install,26-05-2026
621,Signup,26-05-2026
621,KYC Verification,29-05-2026
621,First Transaction,02-06-2026
622,App Install,05-04-2026
622,Signup,06-04-2026
623,App Install,10-04-2026
623,Signup,11-04-2026
623,KYC Verification,12-04-2026
624,App Install,25-04-2026
624,Signup,25-04-2026
624,KYC Verification,26-04-2026
625,App Install,25-03-2026
625,Signup,26-03-2026
625,KYC Verification,29-03-2026
626,App Install,09-05-2026
627,App Install,10-06-2026
627,Signup,11-06-2026
627,KYC Verification,14-06-2026
627,First Transaction,15-06-2026
628,App Install,22-07-2026
628,Signup,24-07-2026
629,App Install,22-05-2026
629,Signup,23-05-2026
629,KYC Verification,25-05-2026
629,First Transaction,28-05-2026
630,App Install,01-08-2026
630,Signup,03-08-2026
630,KYC Verification,04-08-2026
631,App Install,05-05-2026
632,App Install,04-07-2026
632,Signup,05-07-2026
632,KYC Verification,07-07-2026
632,First Transaction,11-07-2026
632,Loan Application,17-07-2026
633,App Install,18-05-2026
634,App Install,07-03-2026
634,Signup,07-03-2026
634,KYC Verification,07-03-2026
634,First Transaction,11-03-2026
635,App Install,04-07-2026
635,Signup,05-07-2026
636,App Install,25-04-2026
636,Signup,25-04-2026
636,KYC Verification,26-04-2026
637,App Install,05-06-2026
637,Signup,05-06-2026
637,KYC Verification,08-06-2026
637,First Transaction,12-06-2026
638,App Install,21-07-2026
638,Signup,21-07-2026
638,KYC Verification,23-07-2026
638,First Transaction,28-07-2026
639,App Install,01-07-2026
640,App Install,29-04-2026
640,Signup,29-04-2026
641,App Install,09-07-2026
642,App Install,03-05-2026
642,Signup,05-05-2026
642,KYC Verification,06-05-2026
643,App Install,19-06-2026
643,Signup,20-06-2026
643,KYC Verification,20-06-2026
644,App Install,29-06-2026
644,Signup,30-06-2026
645,App Install,19-04-2026
645,Signup,20-04-2026
645,KYC Verification,22-04-2026
645,First Transaction,24-04-2026
646,App Install,16-07-2026
646,Signup,18-07-2026
646,KYC Verification,18-07-2026
647,App Install,20-04-2026
647,Signup,21-04-2026
648,App Install,19-06-2026
648,Signup,21-06-2026
648,KYC Verification,22-06-2026
649,App Install,01-04-2026
649,Signup,02-04-2026
649,KYC Verification,04-04-2026
649,First Transaction,06-04-2026
650,App Install,22-06-2026
650,Signup,23-06-2026
650,KYC Verification,25-06-2026
650,First Transaction,29-06-2026
650,Loan Application,05-07-2026
650,Loan Approved,08-07-2026
651,App Install,06-03-2026
651,Signup,07-03-2026
652,App Install,06-04-2026
652,Signup,07-04-2026
652,KYC Verification,08-04-2026
652,First Transaction,09-04-2026
652,Loan Application,11-04-2026
653,App Install,23-05-2026
653,Signup,24-05-2026
654,App Install,01-03-2026
654,Signup,02-03-2026
654,KYC Verification,04-03-2026
654,First Transaction,08-03-2026
655,App Install,20-06-2026
655,Signup,22-06-2026
656,App Install,02-05-2026
657,App Install,07-06-2026
658,App Install,11-03-2026
658,Signup,12-03-2026
658,KYC Verification,15-03-2026
658,First Transaction,16-03-2026
658,Loan Application,28-03-2026
658,Loan Approved,29-03-2026
659,App Install,08-05-2026
659,Signup,08-05-2026
659,KYC Verification,10-05-2026
659,First Transaction,12-05-2026
659,Loan Application,17-05-2026
659,Loan Approved,19-05-2026
660,App Install,04-06-2026
661,App Install,23-05-2026
661,Signup,25-05-2026
662,App Install,03-05-2026
663,App Install,11-06-2026
663,Signup,12-06-2026
663,KYC Verification,13-06-2026
664,App Install,29-07-2026
664,Signup,29-07-2026
664,KYC Verification,30-07-2026
664,First Transaction,04-08-2026
665,App Install,14-03-2026
665,Signup,14-03-2026
665,KYC Verification,16-03-2026
665,First Transaction,19-03-2026
666,App Install,06-07-2026
666,Signup,07-07-2026
666,KYC Verification,09-07-2026
666,First Transaction,13-07-2026
667,App Install,09-04-2026
667,Signup,10-04-2026
668,App Install,08-06-2026
669,App Install,24-06-2026
670,App Install,02-03-2026
671,App Install,11-03-2026
671,Signup,12-03-2026
672,App Install,25-06-2026
672,Signup,27-06-2026
673,App Install,24-06-2026
673,Signup,26-06-2026
674,App Install,05-03-2026
674,Signup,07-03-2026
674,KYC Verification,09-03-2026
674,First Transaction,10-03-2026
675,App Install,01-06-2026
675,Signup,01-06-2026
675,KYC Verification,04-06-2026
675,First Transaction,05-06-2026
675,Loan Application,08-06-2026
676,App Install,31-05-2026
676,Signup,01-06-2026
677,App Install,27-03-2026
677,Signup,28-03-2026
677,KYC Verification,29-03-2026
677,First Transaction,02-04-2026
678,App Install,31-07-2026
679,App Install,31-03-2026
679,Signup,02-04-2026
679,KYC Verification,04-04-2026
679,First Transaction,08-04-2026
679,Loan Application,22-04-2026
679,Loan Approved,25-04-2026
680,App Install,21-05-2026
680,Signup,21-05-2026
680,KYC Verification,22-05-2026
680,First Transaction,25-05-2026
680,Loan Application,07-06-2026
680,Loan Approved,12-06-2026
681,App Install,28-03-2026
681,Signup,29-03-2026
681,KYC Verification,30-03-2026
681,First Transaction,04-04-2026
682,App Install,24-04-2026
682,Signup,25-04-2026
683,App Install,03-05-2026
684,App Install,26-07-2026
684,Signup,27-07-2026
684,KYC Verification,28-07-2026
684,First Transaction,31-07-2026
684,Loan Application,03-08-2026
684,Loan Approved,09-08-2026
685,App Install,08-06-2026
685,Signup,10-06-2026
686,App Install,18-06-2026
686,Signup,19-06-2026
686,KYC Verification,21-06-2026
686,First Transaction,23-06-2026
687,App Install,08-05-2026
687,Signup,10-05-2026
687,KYC Verification,13-05-2026
688,App Install,24-07-2026
688,Signup,25-07-2026
688,KYC Verification,26-07-2026
688,First Transaction,30-07-2026
688,Loan Application,12-08-2026
688,Loan Approved,14-08-2026
689,App Install,31-05-2026
690,App Install,20-03-2026
690,Signup,20-03-2026
690,KYC Verification,20-03-2026
690,First Transaction,24-03-2026
691,App Install,12-03-2026
692,App Install,04-07-2026
692,Signup,05-07-2026
692,KYC Verification,07-07-2026
692,First Transaction,12-07-2026
692,Loan Application,19-07-2026
693,App Install,20-04-2026
693,Signup,21-04-2026
693,KYC Verification,23-04-2026
693,First Transaction,25-04-2026
693,Loan Application,07-05-2026
694,App Install,24-06-2026
695,App Install,17-06-2026
695,Signup,18-06-2026
695,KYC Verification,19-06-2026
695,First Transaction,20-06-2026
695,Loan Application,25-06-2026
695,Loan Approved,30-06-2026
696,App Install,11-07-2026
696,Signup,11-07-2026
697,App Install,12-03-2026
697,Signup,13-03-2026
697,KYC Verification,14-03-2026
697,First Transaction,15-03-2026
698,App Install,21-06-2026
698,Signup,21-06-2026
699,App Install,13-05-2026
699,Signup,13-05-2026
699,KYC Verification,15-05-2026
699,First Transaction,16-05-2026
699,Loan Application,24-05-2026
699,Loan Approved,28-05-2026
700,App Install,13-04-2026
700,Signup,14-04-2026
700,KYC Verification,14-04-2026
700,First Transaction,15-04-2026
701,App Install,19-07-2026
701,Signup,20-07-2026
701,KYC Verification,22-07-2026
701,First Transaction,24-07-2026
702,App Install,13-06-2026
702,Signup,14-06-2026
703,App Install,14-05-2026
703,Signup,14-05-2026
703,KYC Verification,16-05-2026
703,First Transaction,18-05-2026
703,Loan Application,01-06-2026
704,App Install,16-03-2026
704,Signup,18-03-2026
705,App Install,20-04-2026
705,Signup,21-04-2026
706,App Install,25-05-2026
706,Signup,26-05-2026
707,App Install,20-03-2026
707,Signup,20-03-2026
708,App Install,03-04-2026
708,Signup,05-04-2026
708,KYC Verification,07-04-2026
708,First Transaction,10-04-2026
708,Loan Application,17-04-2026
708,Loan Approved,24-04-2026
709,App Install,27-05-2026
709,Signup,28-05-2026
709,KYC Verification,29-05-2026
709,First Transaction,30-05-2026
710,App Install,13-06-2026
710,Signup,14-06-2026
710,KYC Verification,15-06-2026
710,First Transaction,18-06-2026
711,App Install,25-07-2026
711,Signup,27-07-2026
711,KYC Verification,30-07-2026
711,First Transaction,04-08-2026
712,App Install,07-04-2026
712,Signup,08-04-2026
712,KYC Verification,11-04-2026
713,App Install,14-04-2026
713,Signup,16-04-2026
713,KYC Verification,17-04-2026
713,First Transaction,22-04-2026
714,App Install,24-03-2026
714,Signup,25-03-2026
714,KYC Verification,26-03-2026
715,App Install,01-07-2026
715,Signup,03-07-2026
716,App Install,13-03-2026
716,Signup,13-03-2026
717,App Install,12-06-2026
717,Signup,14-06-2026
717,KYC Verification,14-06-2026
717,First Transaction,15-06-2026
718,App Install,25-06-2026
718,Signup,25-06-2026
719,App Install,01-03-2026
719,Signup,02-03-2026
719,KYC Verification,05-03-2026
720,App Install,27-03-2026
720,Signup,27-03-2026
721,App Install,29-04-2026
721,Signup,30-04-2026
722,App Install,04-03-2026
722,Signup,05-03-2026
722,KYC Verification,06-03-2026
722,First Transaction,08-03-2026
722,Loan Application,19-03-2026
722,Loan Approved,25-03-2026
723,App Install,30-04-2026
723,Signup,02-05-2026
723,KYC Verification,05-05-2026
724,App Install,12-05-2026
724,Signup,13-05-2026
724,KYC Verification,14-05-2026
724,First Transaction,18-05-2026
724,Loan Application,21-05-2026
724,Loan Approved,26-05-2026
725,App Install,09-04-2026
725,Signup,10-04-2026
725,KYC Verification,10-04-2026
726,App Install,04-05-2026
727,App Install,15-05-2026
727,Signup,16-05-2026
728,App Install,27-05-2026
728,Signup,29-05-2026
728,KYC Verification,30-05-2026
729,App Install,13-05-2026
729,Signup,13-05-2026
729,KYC Verification,14-05-2026
730,App Install,28-03-2026
730,Signup,29-03-2026
730,KYC Verification,30-03-2026
730,First Transaction,03-04-2026
731,App Install,01-07-2026
731,Signup,01-07-2026
731,KYC Verification,04-07-2026
731,First Transaction,07-07-2026
731,Loan Application,10-07-2026
732,App Install,05-07-2026
732,Signup,07-07-2026
733,App Install,22-03-2026
734,App Install,11-03-2026
735,App Install,19-03-2026
735,Signup,19-03-2026
736,App Install,14-05-2026
736,Signup,16-05-2026
736,KYC Verification,18-05-2026
737,App Install,05-06-2026
738,App Install,20-07-2026
738,Signup,22-07-2026
738,KYC Verification,24-07-2026
738,First Transaction,25-07-2026
739,App Install,25-07-2026
739,Signup,26-07-2026
739,KYC Verification,29-07-2026
739,First Transaction,03-08-2026
739,Loan Application,05-08-2026
739,Loan Approved,10-08-2026
740,App Install,23-07-2026
740,Signup,24-07-2026
741,App Install,23-05-2026
742,App Install,30-04-2026
742,Signup,01-05-2026
743,App Install,16-04-2026
743,Signup,18-04-2026
743,KYC Verification,19-04-2026
743,First Transaction,23-04-2026
743,Loan Application,24-04-2026
743,Loan Approved,30-04-2026
744,App Install,20-07-2026
744,Signup,22-07-2026
744,KYC Verification,25-07-2026
744,First Transaction,30-07-2026
744,Loan Application,10-08-2026
744,Loan Approved,16-08-2026
745,App Install,21-04-2026
745,Signup,21-04-2026
745,KYC Verification,23-04-2026
746,App Install,15-03-2026
747,App Install,23-04-2026
747,Signup,25-04-2026
748,App Install,14-07-2026
749,App Install,15-05-2026
749,Signup,16-05-2026
749,KYC Verification,19-05-2026
749,First Transaction,21-05-2026
750,App Install,02-06-2026
750,Signup,02-06-2026
751,App Install,08-06-2026
752,App Install,09-04-2026
752,Signup,10-04-2026
753,App Install,26-04-2026
753,Signup,26-04-2026
753,KYC Verification,28-04-2026
754,App Install,10-07-2026
754,Signup,10-07-2026
755,App Install,23-06-2026
755,Signup,23-06-2026
756,App Install,04-07-2026
756,Signup,05-07-2026
756,KYC Verification,06-07-2026
756,First Transaction,11-07-2026
757,App Install,12-06-2026
758,App Install,09-06-2026
759,App Install,30-06-2026
759,Signup,30-06-2026
759,KYC Verification,03-07-2026
759,First Transaction,06-07-2026
760,App Install,23-07-2026
760,Signup,25-07-2026
760,KYC Verification,26-07-2026
760,First Transaction,27-07-2026
760,Loan Application,30-07-2026
760,Loan Approved,04-08-2026
761,App Install,27-04-2026
761,Signup,29-04-2026
762,App Install,23-06-2026
762,Signup,23-06-2026
762,KYC Verification,26-06-2026
763,App Install,25-03-2026
764,App Install,07-04-2026
764,Signup,08-04-2026
765,App Install,17-07-2026
765,Signup,17-07-2026
765,KYC Verification,17-07-2026
765,First Transaction,20-07-2026
766,App Install,30-07-2026
766,Signup,01-08-2026
766,KYC Verification,04-08-2026
767,App Install,29-07-2026
767,Signup,29-07-2026
767,KYC Verification,30-07-2026
768,App Install,25-05-2026
768,Signup,26-05-2026
768,KYC Verification,28-05-2026
768,First Transaction,29-05-2026
769,App Install,27-07-2026
769,Signup,28-07-2026
769,KYC Verification,31-07-2026
769,First Transaction,05-08-2026
770,App Install,10-06-2026
770,Signup,12-06-2026
770,KYC Verification,12-06-2026
770,First Transaction,17-06-2026
771,App Install,13-06-2026
771,Signup,13-06-2026
771,KYC Verification,15-06-2026
771,First Transaction,20-06-2026
771,Loan Application,26-06-2026
772,App Install,29-06-2026
773,App Install,31-07-2026
773,Signup,02-08-2026
773,KYC Verification,05-08-2026
773,First Transaction,06-08-2026
774,App Install,17-04-2026
774,Signup,18-04-2026
774,KYC Verification,21-04-2026
774,First Transaction,23-04-2026
775,App Install,29-05-2026
775,Signup,29-05-2026
775,KYC Verification,29-05-2026
775,First Transaction,03-06-2026
776,App Install,15-04-2026
776,Signup,16-04-2026
777,App Install,17-06-2026
777,Signup,18-06-2026
777,KYC Verification,20-06-2026
778,App Install,31-03-2026
778,Signup,31-03-2026
779,App Install,28-03-2026
779,Signup,29-03-2026
779,KYC Verification,01-04-2026
780,App Install,19-06-2026
780,Signup,21-06-2026
780,KYC Verification,24-06-2026
780,First Transaction,29-06-2026
780,Loan Application,13-07-2026
781,App Install,05-05-2026
781,Signup,06-05-2026
782,App Install,15-05-2026
782,Signup,17-05-2026
782,KYC Verification,18-05-2026
782,First Transaction,23-05-2026
783,App Install,08-05-2026
784,App Install,27-03-2026
784,Signup,28-03-2026
784,KYC Verification,31-03-2026
784,First Transaction,01-04-2026
785,App Install,16-07-2026
786,App Install,24-07-2026
786,Signup,26-07-2026
786,KYC Verification,27-07-2026
786,First Transaction,01-08-2026
786,Loan Application,07-08-2026
786,Loan Approved,13-08-2026
787,App Install,04-05-2026
787,Signup,04-05-2026
788,App Install,07-04-2026
788,Signup,07-04-2026
788,KYC Verification,08-04-2026
788,First Transaction,09-04-2026
788,Loan Application,21-04-2026
788,Loan Approved,25-04-2026
789,App Install,02-07-2026
789,Signup,03-07-2026
789,KYC Verification,04-07-2026
789,First Transaction,08-07-2026
790,App Install,29-07-2026
790,Signup,29-07-2026
790,KYC Verification,30-07-2026
790,First Transaction,03-08-2026
790,Loan Application,05-08-2026
790,Loan Approved,11-08-2026
791,App Install,23-06-2026
791,Signup,24-06-2026
792,App Install,10-04-2026
792,Signup,10-04-2026
792,KYC Verification,13-04-2026
792,First Transaction,18-04-2026
793,App Install,06-06-2026
793,Signup,06-06-2026
793,KYC Verification,06-06-2026
794,App Install,25-03-2026
794,Signup,27-03-2026
794,KYC Verification,29-03-2026
794,First Transaction,03-04-2026
795,App Install,02-04-2026
795,Signup,02-04-2026
796,App Install,11-04-2026
796,Signup,12-04-2026
796,KYC Verification,14-04-2026
796,First Transaction,19-04-2026
797,App Install,14-03-2026
797,Signup,14-03-2026
797,KYC Verification,15-03-2026
798,App Install,30-03-2026
799,App Install,30-06-2026
800,App Install,10-03-2026
800,Signup,10-03-2026
800,KYC Verification,13-03-2026
800,First Transaction,17-03-2026
800,Loan Application,20-03-2026
800,Loan Approved,23-03-2026
801,App Install,15-04-2026
802,App Install,12-06-2026
802,Signup,13-06-2026
802,KYC Verification,15-06-2026
803,App Install,05-07-2026
804,App Install,26-03-2026
805,App Install,06-04-2026
806,App Install,13-04-2026
806,Signup,15-04-2026
807,App Install,28-05-2026
807,Signup,30-05-2026
807,KYC Verification,01-06-2026
807,First Transaction,04-06-2026
807,Loan Application,18-06-2026
807,Loan Approved,25-06-2026
808,App Install,04-03-2026
808,Signup,05-03-2026
808,KYC Verification,07-03-2026
808,First Transaction,08-03-2026
809,App Install,24-07-2026
809,Signup,24-07-2026
809,KYC Verification,27-07-2026
810,App Install,02-04-2026
811,App Install,27-04-2026
811,Signup,28-04-2026
811,KYC Verification,29-04-2026
811,First Transaction,30-04-2026
811,Loan Application,11-05-2026
811,Loan Approved,12-05-2026
812,App Install,12-03-2026
812,Signup,14-03-2026
813,App Install,13-04-2026
814,App Install,01-05-2026
814,Signup,02-05-2026
815,App Install,18-03-2026
816,App Install,02-03-2026
816,Signup,03-03-2026
816,KYC Verification,04-03-2026
816,First Transaction,06-03-2026
817,App Install,14-04-2026
817,Signup,15-04-2026
818,App Install,16-06-2026
819,App Install,02-04-2026
819,Signup,02-04-2026
819,KYC Verification,03-04-2026
819,First Transaction,05-04-2026
819,Loan Application,13-04-2026
819,Loan Approved,20-04-2026
820,App Install,03-04-2026
821,App Install,29-06-2026
821,Signup,01-07-2026
821,KYC Verification,01-07-2026
821,First Transaction,06-07-2026
821,Loan Application,19-07-2026
821,Loan Approved,21-07-2026
822,App Install,12-06-2026
823,App Install,26-06-2026
823,Signup,27-06-2026
823,KYC Verification,28-06-2026
823,First Transaction,03-07-2026
824,App Install,28-05-2026
824,Signup,29-05-2026
824,KYC Verification,01-06-2026
824,First Transaction,03-06-2026
825,App Install,15-07-2026
826,App Install,07-04-2026
826,Signup,08-04-2026
827,App Install,14-07-2026
827,Signup,15-07-2026
828,App Install,25-05-2026
828,Signup,25-05-2026
828,KYC Verification,28-05-2026
829,App Install,09-07-2026
830,App Install,26-07-2026
830,Signup,27-07-2026
830,KYC Verification,29-07-2026
830,First Transaction,01-08-2026
830,Loan Application,07-08-2026
831,App Install,03-05-2026
831,Signup,03-05-2026
831,KYC Verification,05-05-2026
831,First Transaction,07-05-2026
832,App Install,23-04-2026
833,App Install,06-05-2026
833,Signup,08-05-2026
834,App Install,16-03-2026
835,App Install,21-06-2026
835,Signup,22-06-2026
835,KYC Verification,25-06-2026
836,App Install,25-04-2026
836,Signup,27-04-2026
837,App Install,07-04-2026
837,Signup,09-04-2026
838,App Install,31-03-2026
839,App Install,04-07-2026
839,Signup,04-07-2026
839,KYC Verification,07-07-2026
839,First Transaction,12-07-2026
840,App Install,22-06-2026
840,Signup,22-06-2026
841,App Install,17-04-2026
841,Signup,18-04-2026
841,KYC Verification,20-04-2026
841,First Transaction,25-04-2026
842,App Install,04-03-2026
842,Signup,05-03-2026
842,KYC Verification,05-03-2026
842,First Transaction,08-03-2026
843,App Install,26-07-2026
843,Signup,27-07-2026
844,App Install,19-03-2026
844,Signup,21-03-2026
844,KYC Verification,21-03-2026
844,First Transaction,22-03-2026
845,App Install,18-07-2026
845,Signup,20-07-2026
846,App Install,16-04-2026
846,Signup,16-04-2026
846,KYC Verification,16-04-2026
846,First Transaction,17-04-2026
847,App Install,18-06-2026
847,Signup,18-06-2026
847,KYC Verification,21-06-2026
847,First Transaction,24-06-2026
848,App Install,13-03-2026
848,Signup,15-03-2026
848,KYC Verification,17-03-2026
848,First Transaction,19-03-2026
849,App Install,18-05-2026
849,Signup,20-05-2026
850,App Install,02-04-2026
850,Signup,04-04-2026
851,App Install,26-05-2026
852,App Install,11-03-2026
852,Signup,12-03-2026
853,App Install,25-07-2026
853,Signup,26-07-2026
853,KYC Verification,28-07-2026
853,First Transaction,30-07-2026
853,Loan Application,05-08-2026
853,Loan Approved,07-08-2026
854,App Install,09-03-2026
854,Signup,10-03-2026
854,KYC Verification,12-03-2026
854,First Transaction,13-03-2026
854,Loan Application,17-03-2026
855,App Install,17-03-2026
855,Signup,17-03-2026
855,KYC Verification,19-03-2026
855,First Transaction,21-03-2026
856,App Install,28-04-2026
856,Signup,28-04-2026
856,KYC Verification,01-05-2026
856,First Transaction,02-05-2026
857,App Install,30-04-2026
857,Signup,01-05-2026
858,App Install,27-03-2026
859,App Install,01-08-2026
860,App Install,09-04-2026
860,Signup,10-04-2026
860,KYC Verification,11-04-2026
860,First Transaction,14-04-2026
861,App Install,13-03-2026
861,Signup,13-03-2026
862,App Install,08-04-2026
862,Signup,08-04-2026
862,KYC Verification,10-04-2026
862,First Transaction,13-04-2026
863,App Install,19-03-2026
863,Signup,20-03-2026
863,KYC Verification,23-03-2026
863,First Transaction,28-03-2026
864,App Install,08-04-2026
864,Signup,09-04-2026
864,KYC Verification,11-04-2026
864,First Transaction,13-04-2026
865,App Install,12-03-2026
865,Signup,13-03-2026
866,App Install,08-06-2026
867,App Install,08-06-2026
867,Signup,09-06-2026
868,App Install,16-04-2026
868,Signup,18-04-2026
869,App Install,26-07-2026
869,Signup,27-07-2026
869,KYC Verification,28-07-2026
869,First Transaction,02-08-2026
869,Loan Application,06-08-2026
870,App Install,18-07-2026
870,Signup,18-07-2026
870,KYC Verification,19-07-2026
870,First Transaction,21-07-2026
870,Loan Application,30-07-2026
871,App Install,24-06-2026
871,Signup,25-06-2026
871,KYC Verification,28-06-2026
871,First Transaction,30-06-2026
872,App Install,17-07-2026
872,Signup,18-07-2026
872,KYC Verification,21-07-2026
872,First Transaction,22-07-2026
872,Loan Application,24-07-2026
872,Loan Approved,30-07-2026
873,App Install,01-08-2026
873,Signup,01-08-2026
873,KYC Verification,02-08-2026
873,First Transaction,06-08-2026
874,App Install,08-05-2026
874,Signup,10-05-2026
874,KYC Verification,12-05-2026
875,App Install,30-05-2026
876,App Install,27-05-2026
876,Signup,28-05-2026
876,KYC Verification,28-05-2026
876,First Transaction,31-05-2026
877,App Install,05-05-2026
877,Signup,07-05-2026
878,App Install,20-05-2026
879,App Install,23-05-2026
879,Signup,23-05-2026
879,KYC Verification,24-05-2026
880,App Install,31-07-2026
880,Signup,02-08-2026
881,App Install,24-04-2026
881,Signup,26-04-2026
881,KYC Verification,28-04-2026
881,First Transaction,03-05-2026
882,App Install,29-03-2026
883,App Install,09-05-2026
883,Signup,10-05-2026
883,KYC Verification,10-05-2026
883,First Transaction,13-05-2026
884,App Install,30-04-2026
885,App Install,06-07-2026
885,Signup,07-07-2026
885,KYC Verification,09-07-2026
885,First Transaction,12-07-2026
885,Loan Application,16-07-2026
885,Loan Approved,19-07-2026
886,App Install,01-03-2026
886,Signup,03-03-2026
886,KYC Verification,03-03-2026
887,App Install,30-03-2026
887,Signup,31-03-2026
888,App Install,21-04-2026
888,Signup,23-04-2026
888,KYC Verification,24-04-2026
888,First Transaction,29-04-2026
889,App Install,17-04-2026
889,Signup,18-04-2026
889,KYC Verification,20-04-2026
890,App Install,23-04-2026
890,Signup,25-04-2026
891,App Install,13-05-2026
891,Signup,14-05-2026
891,KYC Verification,17-05-2026
892,App Install,19-03-2026
893,App Install,05-04-2026
893,Signup,05-04-2026
894,App Install,16-07-2026
894,Signup,17-07-2026
894,KYC Verification,20-07-2026
894,First Transaction,21-07-2026
894,Loan Application,27-07-2026
894,Loan Approved,03-08-2026
895,App Install,20-05-2026
895,Signup,21-05-2026
896,App Install,28-07-2026
896,Signup,29-07-2026
896,KYC Verification,01-08-2026
896,First Transaction,04-08-2026
896,Loan Application,08-08-2026
897,App Install,16-03-2026
897,Signup,18-03-2026
897,KYC Verification,20-03-2026
897,First Transaction,23-03-2026
898,App Install,23-03-2026
898,Signup,25-03-2026
899,App Install,05-06-2026
899,Signup,07-06-2026
900,App Install,04-04-2026
901,App Install,04-04-2026
901,Signup,05-04-2026
901,KYC Verification,06-04-2026
901,First Transaction,11-04-2026
902,App Install,29-03-2026
903,App Install,04-07-2026
903,Signup,04-07-2026
903,KYC Verification,07-07-2026
904,App Install,08-07-2026
904,Signup,10-07-2026
904,KYC Verification,11-07-2026
905,App Install,19-04-2026
905,Signup,20-04-2026
906,App Install,10-04-2026
906,Signup,11-04-2026
907,App Install,04-03-2026
908,App Install,28-03-2026
909,App Install,26-03-2026
909,Signup,27-03-2026
909,KYC Verification,30-03-2026
909,First Transaction,01-04-2026
909,Loan Application,04-04-2026
910,App Install,09-03-2026
910,Signup,10-03-2026
910,KYC Verification,11-03-2026
910,First Transaction,15-03-2026
911,App Install,27-04-2026
911,Signup,27-04-2026
911,KYC Verification,28-04-2026
911,First Transaction,02-05-2026
911,Loan Application,08-05-2026
911,Loan Approved,13-05-2026
912,App Install,21-07-2026
913,App Install,28-07-2026
913,Signup,29-07-2026
913,KYC Verification,30-07-2026
913,First Transaction,31-07-2026
913,Loan Application,09-08-2026
913,Loan Approved,16-08-2026
914,App Install,05-05-2026
914,Signup,07-05-2026
914,KYC Verification,07-05-2026
914,First Transaction,11-05-2026
915,App Install,09-06-2026
916,App Install,11-05-2026
916,Signup,12-05-2026
916,KYC Verification,13-05-2026
916,First Transaction,14-05-2026
916,Loan Application,23-05-2026
916,Loan Approved,26-05-2026
917,App Install,25-06-2026
917,Signup,27-06-2026
917,KYC Verification,29-06-2026
917,First Transaction,04-07-2026
918,App Install,12-03-2026
918,Signup,14-03-2026
918,KYC Verification,17-03-2026
919,App Install,06-05-2026
919,Signup,08-05-2026
920,App Install,25-03-2026
920,Signup,25-03-2026
921,App Install,14-06-2026
921,Signup,15-06-2026
921,KYC Verification,17-06-2026
921,First Transaction,20-06-2026
921,Loan Application,30-06-2026
921,Loan Approved,07-07-2026
922,App Install,27-06-2026
922,Signup,28-06-2026
922,KYC Verification,30-06-2026
922,First Transaction,01-07-2026
922,Loan Application,05-07-2026
922,Loan Approved,09-07-2026
923,App Install,03-03-2026
923,Signup,04-03-2026
923,KYC Verification,06-03-2026
924,App Install,04-07-2026
924,Signup,05-07-2026
925,App Install,16-06-2026
926,App Install,10-05-2026
927,App Install,09-07-2026
927,Signup,10-07-2026
927,KYC Verification,10-07-2026
927,First Transaction,15-07-2026
927,Loan Application,19-07-2026
927,Loan Approved,20-07-2026
928,App Install,18-05-2026
929,App Install,23-03-2026
930,App Install,11-04-2026
930,Signup,12-04-2026
930,KYC Verification,14-04-2026
930,First Transaction,17-04-2026
931,App Install,12-06-2026
931,Signup,12-06-2026
931,KYC Verification,13-06-2026
932,App Install,01-05-2026
932,Signup,03-05-2026
933,App Install,29-07-2026
933,Signup,31-07-2026
933,KYC Verification,31-07-2026
934,App Install,26-03-2026
935,App Install,02-06-2026
935,Signup,02-06-2026
935,KYC Verification,04-06-2026
935,First Transaction,07-06-2026
936,App Install,29-06-2026
936,Signup,29-06-2026
937,App Install,16-04-2026
937,Signup,18-04-2026
938,App Install,06-03-2026
939,App Install,02-05-2026
940,App Install,23-03-2026
940,Signup,23-03-2026
941,App Install,17-05-2026
942,App Install,28-04-2026
942,Signup,29-04-2026
943,App Install,04-07-2026
944,App Install,29-06-2026
944,Signup,30-06-2026
944,KYC Verification,30-06-2026
944,First Transaction,01-07-2026
945,App Install,11-04-2026
946,App Install,11-05-2026
946,Signup,12-05-2026
946,KYC Verification,14-05-2026
946,First Transaction,15-05-2026
946,Loan Application,19-05-2026
946,Loan Approved,24-05-2026
947,App Install,26-06-2026
947,Signup,26-06-2026
948,App Install,22-04-2026
948,Signup,22-04-2026
949,App Install,25-05-2026
950,App Install,30-06-2026
950,Signup,02-07-2026
950,KYC Verification,04-07-2026
950,First Transaction,08-07-2026
950,Loan Application,13-07-2026
951,App Install,01-05-2026
951,Signup,02-05-2026
951,KYC Verification,04-05-2026
952,App Install,20-07-2026
952,Signup,21-07-2026
952,KYC Verification,22-07-2026
953,App Install,25-03-2026
953,Signup,26-03-2026
953,KYC Verification,26-03-2026
953,First Transaction,31-03-2026
953,Loan Application,02-04-2026
953,Loan Approved,09-04-2026
954,App Install,21-07-2026
954,Signup,22-07-2026
954,KYC Verification,24-07-2026
954,First Transaction,27-07-2026
954,Loan Application,30-07-2026
955,App Install,16-04-2026
955,Signup,17-04-2026
956,App Install,17-05-2026
956,Signup,18-05-2026
957,App Install,28-07-2026
957,Signup,28-07-2026
957,KYC Verification,29-07-2026
957,First Transaction,31-07-2026
957,Loan Application,03-08-2026
957,Loan Approved,04-08-2026
958,App Install,26-05-2026
958,Signup,28-05-2026
959,App Install,28-05-2026
959,Signup,30-05-2026
960,App Install,20-04-2026
960,Signup,20-04-2026
960,KYC Verification,22-04-2026
960,First Transaction,23-04-2026
960,Loan Application,03-05-2026
961,App Install,07-03-2026
961,Signup,09-03-2026
962,App Install,03-07-2026
962,Signup,04-07-2026
962,KYC Verification,04-07-2026
962,First Transaction,07-07-2026
963,App Install,17-07-2026
963,Signup,18-07-2026
963,KYC Verification,20-07-2026
964,App Install,28-06-2026
965,App Install,07-07-2026
966,App Install,20-06-2026
966,Signup,21-06-2026
966,KYC Verification,23-06-2026
966,First Transaction,27-06-2026
966,Loan Application,07-07-2026
967,App Install,13-04-2026
967,Signup,14-04-2026
967,KYC Verification,16-04-2026
968,App Install,17-04-2026
968,Signup,17-04-2026
969,App Install,29-03-2026
970,App Install,12-05-2026
971,App Install,28-04-2026
971,Signup,29-04-2026
971,KYC Verification,01-05-2026
972,App Install,27-06-2026
972,Signup,28-06-2026
973,App Install,27-05-2026
973,Signup,28-05-2026
973,KYC Verification,28-05-2026
973,First Transaction,01-06-2026
974,App Install,24-07-2026
974,Signup,24-07-2026
975,App Install,17-03-2026
975,Signup,18-03-2026
975,KYC Verification,19-03-2026
975,First Transaction,22-03-2026
976,App Install,26-06-2026
976,Signup,27-06-2026
976,KYC Verification,29-06-2026
977,App Install,23-03-2026
977,Signup,25-03-2026
978,App Install,24-04-2026
978,Signup,25-04-2026
978,KYC Verification,26-04-2026
978,First Transaction,30-04-2026
979,App Install,22-04-2026
979,Signup,22-04-2026
979,KYC Verification,25-04-2026
980,App Install,18-03-2026
981,App Install,30-06-2026
982,App Install,24-07-2026
982,Signup,26-07-2026
982,KYC Verification,26-07-2026
982,First Transaction,29-07-2026
983,App Install,13-04-2026
983,Signup,14-04-2026
983,KYC Verification,16-04-2026
984,App Install,29-04-2026
985,App Install,07-04-2026
985,Signup,08-04-2026
985,KYC Verification,11-04-2026
985,First Transaction,12-04-2026
986,App Install,14-06-2026
986,Signup,16-06-2026
987,App Install,08-03-2026
987,Signup,09-03-2026
987,KYC Verification,11-03-2026
988,App Install,19-04-2026
988,Signup,19-04-2026
988,KYC Verification,22-04-2026
988,First Transaction,24-04-2026
989,App Install,16-03-2026
989,Signup,18-03-2026
990,App Install,31-03-2026
991,App Install,10-05-2026
991,Signup,11-05-2026
992,App Install,14-06-2026
992,Signup,14-06-2026
992,KYC Verification,17-06-2026
992,First Transaction,21-06-2026
993,App Install,11-06-2026
993,Signup,13-06-2026
993,KYC Verification,14-06-2026
993,First Transaction,18-06-2026
993,Loan Application,20-06-2026
993,Loan Approved,25-06-2026
994,App Install,14-05-2026
994,Signup,16-05-2026
995,App Install,03-04-2026
995,Signup,04-04-2026
995,KYC Verification,06-04-2026
996,App Install,03-06-2026
996,Signup,03-06-2026
996,KYC Verification,05-06-2026
996,First Transaction,06-06-2026
997,App Install,21-05-2026
998,App Install,25-03-2026
998,Signup,26-03-2026
998,KYC Verification,27-03-2026
998,First Transaction,30-03-2026
998,Loan Application,06-04-2026
998,Loan Approved,11-04-2026
999,App Install,02-04-2026
999,Signup,02-04-2026
1000,App Install,09-07-2026
1000,Signup,10-07-2026
1001,App Install,04-07-2026
1001,Signup,05-07-2026
1001,KYC Verification,06-07-2026
1002,App Install,23-04-2026
1002,Signup,24-04-2026
1003,App Install,27-05-2026
1003,Signup,27-05-2026
1004,App Install,17-07-2026
1005,App Install,08-06-2026
1005,Signup,09-06-2026
1005,KYC Verification,12-06-2026
1005,First Transaction,13-06-2026
1005,Loan Application,26-06-2026
1005,Loan Approved,28-06-2026
1006,App Install,15-05-2026
1007,App Install,20-04-2026
1007,Signup,20-04-2026
1007,KYC Verification,20-04-2026
1008,App Install,02-03-2026
1009,App Install,09-06-2026
1009,Signup,10-06-2026
1009,KYC Verification,10-06-2026
1009,First Transaction,12-06-2026
1010,App Install,06-03-2026
1010,Signup,07-03-2026
1011,App Install,12-03-2026
1011,Signup,13-03-2026
1012,App Install,13-06-2026
1012,Signup,14-06-2026
1012,KYC Verification,16-06-2026
1013,App Install,02-03-2026
1013,Signup,03-03-2026
1013,KYC Verification,04-03-2026
1013,First Transaction,05-03-2026
1013,Loan Application,06-03-2026
1013,Loan Approved,10-03-2026
1014,App Install,20-06-2026
1014,Signup,21-06-2026
1014,KYC Verification,23-06-2026
1014,First Transaction,24-06-2026
1015,App Install,23-03-2026
1015,Signup,23-03-2026
1016,App Install,05-06-2026
1016,Signup,07-06-2026
1016,KYC Verification,08-06-2026
1016,First Transaction,10-06-2026
1017,App Install,24-04-2026
1017,Signup,24-04-2026
1018,App Install,24-04-2026
1018,Signup,25-04-2026
1019,App Install,04-04-2026
1019,Signup,06-04-2026
1020,App Install,12-06-2026
1021,App Install,31-07-2026
1021,Signup,01-08-2026
1021,KYC Verification,02-08-2026
1022,App Install,01-08-2026
1022,Signup,03-08-2026
1023,App Install,15-05-2026
1023,Signup,17-05-2026
1023,KYC Verification,18-05-2026
1023,First Transaction,19-05-2026
1023,Loan Application,22-05-2026
1024,App Install,06-07-2026
1024,Signup,08-07-2026
1024,KYC Verification,10-07-2026
1024,First Transaction,15-07-2026
1025,App Install,18-03-2026
1025,Signup,19-03-2026
1026,App Install,09-04-2026
1026,Signup,09-04-2026
1026,KYC Verification,12-04-2026
1026,First Transaction,14-04-2026
1026,Loan Application,21-04-2026
1026,Loan Approved,22-04-2026
1027,App Install,14-07-2026
1027,Signup,14-07-2026
1027,KYC Verification,16-07-2026
1027,First Transaction,19-07-2026
1027,Loan Application,22-07-2026
1027,Loan Approved,25-07-2026
1028,App Install,05-03-2026
1029,App Install,24-06-2026
1030,App Install,09-04-2026
1030,Signup,10-04-2026
1030,KYC Verification,10-04-2026
1031,App Install,29-03-2026
1031,Signup,30-03-2026
1031,KYC Verification,31-03-2026
1031,First Transaction,01-04-2026
1032,App Install,29-04-2026
1032,Signup,30-04-2026
1032,KYC Verification,01-05-2026
1032,First Transaction,04-05-2026
1033,App Install,21-05-2026
1033,Signup,23-05-2026
1034,App Install,19-04-2026
1034,Signup,19-04-2026
1035,App Install,26-04-2026
1035,Signup,28-04-2026
1036,App Install,16-06-2026
1036,Signup,17-06-2026
1036,KYC Verification,17-06-2026
1037,App Install,12-04-2026
1037,Signup,13-04-2026
1037,KYC Verification,16-04-2026
1037,First Transaction,20-04-2026
1037,Loan Application,21-04-2026
1038,App Install,07-03-2026
1038,Signup,08-03-2026
1039,App Install,23-05-2026
1039,Signup,24-05-2026
1040,App Install,09-03-2026
1040,Signup,09-03-2026
1040,KYC Verification,11-03-2026
1040,First Transaction,14-03-2026
1040,Loan Application,19-03-2026
1040,Loan Approved,24-03-2026
1041,App Install,24-06-2026
1041,Signup,25-06-2026
1042,App Install,18-06-2026
1043,App Install,01-07-2026
1043,Signup,02-07-2026
1043,KYC Verification,03-07-2026
1043,First Transaction,07-07-2026
1043,Loan Application,19-07-2026
1044,App Install,17-05-2026
1044,Signup,18-05-2026
1044,KYC Verification,20-05-2026
1044,First Transaction,23-05-2026
1044,Loan Application,29-05-2026
1045,App Install,17-06-2026
1045,Signup,18-06-2026
1045,KYC Verification,18-06-2026
1046,App Install,22-07-2026
1047,App Install,30-07-2026
1047,Signup,30-07-2026
1048,App Install,26-07-2026
1048,Signup,28-07-2026
1049,App Install,05-04-2026
1050,App Install,04-04-2026
1050,Signup,06-04-2026
1051,App Install,26-06-2026
1051,Signup,27-06-2026
1051,KYC Verification,29-06-2026
1051,First Transaction,03-07-2026
1052,App Install,16-04-2026
1052,Signup,17-04-2026
1053,App Install,25-07-2026
1053,Signup,25-07-2026
1054,App Install,24-03-2026
1054,Signup,25-03-2026
1054,KYC Verification,28-03-2026
1054,First Transaction,31-03-2026
1054,Loan Application,03-04-2026
1055,App Install,04-03-2026
1056,App Install,13-07-2026
1056,Signup,13-07-2026
1056,KYC Verification,16-07-2026
1057,App Install,15-04-2026
1057,Signup,15-04-2026
1057,KYC Verification,16-04-2026
1057,First Transaction,21-04-2026
1058,App Install,02-04-2026
1059,App Install,17-04-2026
1059,Signup,18-04-2026
1059,KYC Verification,18-04-2026
1059,First Transaction,23-04-2026
1060,App Install,22-06-2026
1060,Signup,23-06-2026
1060,KYC Verification,25-06-2026
1060,First Transaction,27-06-2026
1060,Loan Application,09-07-2026
1060,Loan Approved,16-07-2026
1061,App Install,31-05-2026
1061,Signup,31-05-2026
1061,KYC Verification,01-06-2026
1062,App Install,03-05-2026
1063,App Install,09-06-2026
1063,Signup,11-06-2026
1063,KYC Verification,12-06-2026
1063,First Transaction,16-06-2026
1063,Loan Application,27-06-2026
1064,App Install,20-04-2026
1064,Signup,21-04-2026
1064,KYC Verification,22-04-2026
1065,App Install,27-06-2026
1065,Signup,27-06-2026
1065,KYC Verification,28-06-2026
1065,First Transaction,02-07-2026
1065,Loan Application,14-07-2026
1065,Loan Approved,21-07-2026
1066,App Install,13-05-2026
1066,Signup,15-05-2026
1067,App Install,03-03-2026
1067,Signup,04-03-2026
1067,KYC Verification,05-03-2026
1068,App Install,28-07-2026
1069,App Install,25-04-2026
1070,App Install,15-07-2026
1070,Signup,16-07-2026
1070,KYC Verification,18-07-2026
1070,First Transaction,19-07-2026
1071,App Install,07-03-2026
1071,Signup,08-03-2026
1072,App Install,23-04-2026
1072,Signup,24-04-2026
1072,KYC Verification,27-04-2026
1072,First Transaction,28-04-2026
1073,App Install,14-05-2026
1073,Signup,15-05-2026
1074,App Install,06-06-2026
1074,Signup,06-06-2026
1074,KYC Verification,07-06-2026
1074,First Transaction,10-06-2026
1075,App Install,20-03-2026
1075,Signup,21-03-2026
1075,KYC Verification,21-03-2026
1076,App Install,17-04-2026
1076,Signup,17-04-2026
1076,KYC Verification,20-04-2026
1076,First Transaction,23-04-2026
1076,Loan Application,24-04-2026
1076,Loan Approved,01-05-2026
1077,App Install,09-05-2026
1077,Signup,10-05-2026
1077,KYC Verification,13-05-2026
1077,First Transaction,15-05-2026
1078,App Install,24-06-2026
1078,Signup,25-06-2026
1078,KYC Verification,26-06-2026
1078,First Transaction,28-06-2026
1078,Loan Application,29-06-2026
1079,App Install,04-07-2026
1080,App Install,17-07-2026
1081,App Install,02-05-2026
1081,Signup,03-05-2026
1082,App Install,28-04-2026
1083,App Install,04-05-2026
1084,App Install,20-07-2026
1085,App Install,06-03-2026
1086,App Install,19-06-2026
1086,Signup,21-06-2026
1086,KYC Verification,22-06-2026
1086,First Transaction,27-06-2026
1087,App Install,16-05-2026
1088,App Install,19-04-2026
1088,Signup,21-04-2026
1088,KYC Verification,23-04-2026
1088,First Transaction,26-04-2026
1089,App Install,12-05-2026
1089,Signup,13-05-2026
1089,KYC Verification,16-05-2026
1089,First Transaction,20-05-2026
1089,Loan Application,25-05-2026
1089,Loan Approved,29-05-2026
1090,App Install,01-08-2026
1090,Signup,01-08-2026
1090,KYC Verification,02-08-2026
1090,First Transaction,04-08-2026
1090,Loan Application,06-08-2026
1090,Loan Approved,11-08-2026
1091,App Install,10-06-2026
1092,App Install,29-04-2026
1092,Signup,30-04-2026
1092,KYC Verification,01-05-2026
1092,First Transaction,03-05-2026
1092,Loan Application,05-05-2026
1093,App Install,30-05-2026
1093,Signup,01-06-2026
1093,KYC Verification,02-06-2026
1093,First Transaction,05-06-2026
1094,App Install,30-05-2026
1094,Signup,01-06-2026
1095,App Install,13-06-2026
1096,App Install,09-06-2026
1096,Signup,11-06-2026
1097,App Install,15-06-2026
1098,App Install,19-04-2026
1098,Signup,21-04-2026
1098,KYC Verification,22-04-2026
1098,First Transaction,24-04-2026
1099,App Install,23-04-2026
1099,Signup,24-04-2026
1099,KYC Verification,25-04-2026
1100,App Install,29-06-2026
1100,Signup,30-06-2026
1100,KYC Verification,03-07-2026
1100,First Transaction,06-07-2026
1101,App Install,29-03-2026
1101,Signup,29-03-2026
1101,KYC Verification,30-03-2026
1101,First Transaction,03-04-2026
1102,App Install,13-05-2026
1103,App Install,30-03-2026
1103,Signup,01-04-2026
1103,KYC Verification,01-04-2026
1103,First Transaction,06-04-2026
1104,App Install,21-04-2026
1104,Signup,21-04-2026
1105,App Install,06-07-2026
1105,Signup,07-07-2026
1105,KYC Verification,09-07-2026
1105,First Transaction,12-07-2026
1106,App Install,03-06-2026
1107,App Install,20-03-2026
1108,App Install,17-07-2026
1108,Signup,18-07-2026
1109,App Install,20-03-2026
1109,Signup,20-03-2026
1109,KYC Verification,21-03-2026
1109,First Transaction,23-03-2026
1110,App Install,02-07-2026
1110,Signup,02-07-2026
1110,KYC Verification,04-07-2026
1110,First Transaction,09-07-2026
1111,App Install,08-03-2026
1112,App Install,29-07-2026
1112,Signup,30-07-2026
1112,KYC Verification,02-08-2026
1112,First Transaction,05-08-2026
1113,App Install,02-07-2026
1113,Signup,02-07-2026
1113,KYC Verification,05-07-2026
1113,First Transaction,09-07-2026
1113,Loan Application,17-07-2026
1113,Loan Approved,19-07-2026
1114,App Install,05-05-2026
1114,Signup,06-05-2026
1115,App Install,02-07-2026
1115,Signup,04-07-2026
1116,App Install,07-04-2026
1116,Signup,07-04-2026
1117,App Install,12-06-2026
1117,Signup,12-06-2026
1118,App Install,21-04-2026
1118,Signup,21-04-2026
1118,KYC Verification,22-04-2026
1118,First Transaction,27-04-2026
1119,App Install,06-05-2026
1120,App Install,26-04-2026
1120,Signup,27-04-2026
1121,App Install,17-06-2026
1121,Signup,18-06-2026
1121,KYC Verification,21-06-2026
1121,First Transaction,24-06-2026
1122,App Install,05-03-2026
1122,Signup,05-03-2026
1122,KYC Verification,07-03-2026
1122,First Transaction,09-03-2026
1123,App Install,01-03-2026
1123,Signup,02-03-2026
1124,App Install,05-04-2026
1124,Signup,06-04-2026
1124,KYC Verification,08-04-2026
1125,App Install,05-04-2026
1125,Signup,05-04-2026
1126,App Install,07-03-2026
1127,App Install,11-06-2026
1127,Signup,11-06-2026
1127,KYC Verification,14-06-2026
1127,First Transaction,19-06-2026
1127,Loan Application,01-07-2026
1128,App Install,04-04-2026
1128,Signup,05-04-2026
1128,KYC Verification,06-04-2026
1128,First Transaction,11-04-2026
1129,App Install,29-05-2026
1129,Signup,30-05-2026
1129,KYC Verification,30-05-2026
1130,App Install,06-04-2026
1130,Signup,07-04-2026
1130,KYC Verification,08-04-2026
1130,First Transaction,09-04-2026
1130,Loan Application,18-04-2026
1130,Loan Approved,24-04-2026
1131,App Install,17-06-2026
1131,Signup,18-06-2026
1131,KYC Verification,20-06-2026
1131,First Transaction,23-06-2026
1132,App Install,17-07-2026
1133,App Install,05-05-2026
1133,Signup,06-05-2026
1133,KYC Verification,08-05-2026
1134,App Install,11-07-2026
1134,Signup,11-07-2026
1135,App Install,04-05-2026
1135,Signup,06-05-2026
1135,KYC Verification,08-05-2026
1136,App Install,04-07-2026
1136,Signup,05-07-2026
1136,KYC Verification,07-07-2026
1136,First Transaction,08-07-2026
1136,Loan Application,09-07-2026
1136,Loan Approved,11-07-2026
1137,App Install,28-04-2026
1137,Signup,29-04-2026
1137,KYC Verification,30-04-2026
1138,App Install,29-03-2026
1138,Signup,30-03-2026
1138,KYC Verification,31-03-2026
1138,First Transaction,03-04-2026
1138,Loan Application,09-04-2026
1139,App Install,04-05-2026
1139,Signup,04-05-2026
1140,App Install,22-03-2026
1141,App Install,19-03-2026
1141,Signup,19-03-2026
1141,KYC Verification,20-03-2026
1141,First Transaction,25-03-2026
1142,App Install,11-06-2026
1142,Signup,13-06-2026
1142,KYC Verification,14-06-2026
1142,First Transaction,16-06-2026
1142,Loan Application,21-06-2026
1142,Loan Approved,24-06-2026
1143,App Install,27-04-2026
1144,App Install,02-07-2026
1145,App Install,28-06-2026
1145,Signup,29-06-2026
1146,App Install,10-06-2026
1146,Signup,11-06-2026
1146,KYC Verification,14-06-2026
1146,First Transaction,18-06-2026
1146,Loan Application,19-06-2026
1146,Loan Approved,24-06-2026
1147,App Install,12-07-2026
1147,Signup,13-07-2026
1147,KYC Verification,15-07-2026
1148,App Install,09-05-2026
1148,Signup,10-05-2026
1149,App Install,30-04-2026
1149,Signup,01-05-2026
1149,KYC Verification,02-05-2026
1149,First Transaction,07-05-2026
1150,App Install,02-07-2026
1150,Signup,02-07-2026
1150,KYC Verification,02-07-2026
1150,First Transaction,03-07-2026
1151,App Install,02-03-2026
1151,Signup,03-03-2026
1152,App Install,28-07-2026
1152,Signup,28-07-2026
1153,App Install,18-07-2026
1153,Signup,19-07-2026
1154,App Install,15-04-2026
1154,Signup,17-04-2026
1154,KYC Verification,19-04-2026
1155,App Install,25-04-2026
1155,Signup,26-04-2026
1155,KYC Verification,27-04-2026
1155,First Transaction,01-05-2026
1156,App Install,27-07-2026
1156,Signup,28-07-2026
1156,KYC Verification,31-07-2026
1156,First Transaction,04-08-2026
1156,Loan Application,08-08-2026
1156,Loan Approved,13-08-2026
1157,App Install,26-07-2026
1158,App Install,11-04-2026
1158,Signup,11-04-2026
1158,KYC Verification,14-04-2026
1158,First Transaction,17-04-2026
1159,App Install,27-03-2026
1159,Signup,29-03-2026
1159,KYC Verification,31-03-2026
1160,App Install,16-06-2026
1160,Signup,16-06-2026
1160,KYC Verification,19-06-2026
1160,First Transaction,24-06-2026
1160,Loan Application,08-07-2026
1160,Loan Approved,14-07-2026
1161,App Install,09-04-2026
1162,App Install,22-05-2026
1162,Signup,23-05-2026
1162,KYC Verification,24-05-2026
1162,First Transaction,25-05-2026
1163,App Install,21-07-2026
1163,Signup,21-07-2026
1163,KYC Verification,22-07-2026
1163,First Transaction,27-07-2026
1163,Loan Application,09-08-2026
1164,App Install,04-04-2026
1164,Signup,06-04-2026
1164,KYC Verification,07-04-2026
1165,App Install,09-05-2026
1166,App Install,14-06-2026
1166,Signup,15-06-2026
1166,KYC Verification,16-06-2026
1167,App Install,01-08-2026
1167,Signup,02-08-2026
1168,App Install,27-03-2026
1168,Signup,28-03-2026
1169,App Install,10-03-2026
1170,App Install,01-08-2026
1170,Signup,02-08-2026
1170,KYC Verification,04-08-2026
1170,First Transaction,05-08-2026
1171,App Install,02-04-2026
1171,Signup,02-04-2026
1171,KYC Verification,04-04-2026
1171,First Transaction,06-04-2026
1172,App Install,20-07-2026
1172,Signup,21-07-2026
1172,KYC Verification,23-07-2026
1173,App Install,01-07-2026
1174,App Install,12-05-2026
1174,Signup,14-05-2026
1174,KYC Verification,16-05-2026
1174,First Transaction,17-05-2026
1174,Loan Application,19-05-2026
1175,App Install,13-06-2026
1175,Signup,14-06-2026
1175,KYC Verification,17-06-2026
1175,First Transaction,18-06-2026
1176,App Install,20-03-2026
1177,App Install,14-05-2026
1177,Signup,16-05-2026
1178,App Install,12-03-2026
1179,App Install,19-03-2026
1180,App Install,01-04-2026
1181,App Install,16-07-2026
1182,App Install,17-05-2026
1183,App Install,25-07-2026
1183,Signup,26-07-2026
1184,App Install,21-06-2026
1184,Signup,23-06-2026
1184,KYC Verification,24-06-2026
1184,First Transaction,27-06-2026
1185,App Install,17-05-2026
1185,Signup,19-05-2026
1185,KYC Verification,21-05-2026
1185,First Transaction,25-05-2026
1186,App Install,04-04-2026
1186,Signup,05-04-2026
1186,KYC Verification,07-04-2026
1187,App Install,30-06-2026
1187,Signup,02-07-2026
1188,App Install,23-04-2026
1188,Signup,23-04-2026
1189,App Install,04-03-2026
1189,Signup,04-03-2026
1190,App Install,20-03-2026
1191,App Install,09-07-2026
1191,Signup,10-07-2026
1192,App Install,01-08-2026
1192,Signup,03-08-2026
1193,App Install,05-03-2026
1193,Signup,06-03-2026
1193,KYC Verification,09-03-2026
1193,First Transaction,11-03-2026
1193,Loan Application,12-03-2026
1193,Loan Approved,14-03-2026
1194,App Install,08-07-2026
1195,App Install,14-06-2026
1196,App Install,22-04-2026
1196,Signup,24-04-2026
1196,KYC Verification,25-04-2026
1196,First Transaction,28-04-2026
1196,Loan Application,05-05-2026
1197,App Install,11-07-2026
1197,Signup,12-07-2026
1198,App Install,15-07-2026
1199,App Install,19-05-2026
1199,Signup,20-05-2026
1200,App Install,01-06-2026
1200,Signup,01-06-2026
1200,KYC Verification,01-06-2026
1200,First Transaction,04-06-2026
1200,Loan Application,12-06-2026
1200,Loan Approved,13-06-2026
1201,App Install,21-07-2026
1201,Signup,21-07-2026
1201,KYC Verification,23-07-2026
1201,First Transaction,24-07-2026
1202,App Install,24-03-2026
1202,Signup,25-03-2026
1203,App Install,01-03-2026
1203,Signup,01-03-2026
1203,KYC Verification,03-03-2026
1203,First Transaction,05-03-2026
1204,App Install,07-04-2026
1205,App Install,14-04-2026
1205,Signup,15-04-2026
1206,App Install,14-07-2026
1207,App Install,19-03-2026
1207,Signup,19-03-2026
1207,KYC Verification,20-03-2026
1208,App Install,02-05-2026
1208,Signup,04-05-2026
1208,KYC Verification,06-05-2026
1208,First Transaction,07-05-2026
1208,Loan Application,20-05-2026
1209,App Install,24-05-2026
1209,Signup,24-05-2026
1209,KYC Verification,25-05-2026
1209,First Transaction,30-05-2026
1210,App Install,07-07-2026
1210,Signup,08-07-2026
1210,KYC Verification,11-07-2026
1210,First Transaction,14-07-2026
1211,App Install,07-07-2026
1211,Signup,09-07-2026
1212,App Install,05-07-2026
1212,Signup,06-07-2026
1212,KYC Verification,08-07-2026
1212,First Transaction,11-07-2026
1212,Loan Application,17-07-2026
1213,App Install,16-03-2026
1213,Signup,16-03-2026
1214,App Install,10-05-2026
1215,App Install,26-04-2026
1215,Signup,27-04-2026
1215,KYC Verification,30-04-2026
1215,First Transaction,04-05-2026
1215,Loan Application,10-05-2026
1215,Loan Approved,13-05-2026
1216,App Install,13-06-2026
1216,Signup,15-06-2026
1216,KYC Verification,18-06-2026
1216,First Transaction,19-06-2026
1216,Loan Application,21-06-2026
1217,App Install,25-04-2026
1217,Signup,27-04-2026
1217,KYC Verification,28-04-2026
1217,First Transaction,02-05-2026
1217,Loan Application,11-05-2026
1217,Loan Approved,18-05-2026
1218,App Install,11-07-2026
1218,Signup,13-07-2026
1218,KYC Verification,15-07-2026
1218,First Transaction,18-07-2026
1219,App Install,16-07-2026
1219,Signup,17-07-2026
1219,KYC Verification,19-07-2026
1219,First Transaction,21-07-2026
1220,App Install,01-06-2026
1220,Signup,02-06-2026
1221,App Install,07-07-2026
1221,Signup,07-07-2026
1221,KYC Verification,09-07-2026
1221,First Transaction,13-07-2026
1221,Loan Application,20-07-2026
1221,Loan Approved,26-07-2026
1222,App Install,03-07-2026
1222,Signup,05-07-2026
1222,KYC Verification,07-07-2026
1222,First Transaction,11-07-2026
1223,App Install,01-03-2026
1223,Signup,01-03-2026
1223,KYC Verification,04-03-2026
1223,First Transaction,05-03-2026
1223,Loan Application,13-03-2026
1224,App Install,27-03-2026
1225,App Install,26-07-2026
1225,Signup,27-07-2026
1226,App Install,19-07-2026
1226,Signup,20-07-2026
1227,App Install,02-04-2026
1227,Signup,02-04-2026
1227,KYC Verification,03-04-2026
1228,App Install,20-04-2026
1228,Signup,21-04-2026
1229,App Install,23-03-2026
1229,Signup,23-03-2026
1230,App Install,21-05-2026
1230,Signup,21-05-2026
1230,KYC Verification,22-05-2026
1231,App Install,26-03-2026
1232,App Install,04-04-2026
1232,Signup,04-04-2026
1232,KYC Verification,07-04-2026
1232,First Transaction,09-04-2026
1232,Loan Application,10-04-2026
1233,App Install,17-03-2026
1233,Signup,18-03-2026
1233,KYC Verification,18-03-2026
1233,First Transaction,23-03-2026
1234,App Install,24-07-2026
1235,App Install,16-05-2026
1235,Signup,17-05-2026
1236,App Install,05-04-2026
1237,App Install,25-07-2026
1237,Signup,26-07-2026
1237,KYC Verification,27-07-2026
1237,First Transaction,29-07-2026
1238,App Install,02-03-2026
1238,Signup,03-03-2026
1239,App Install,26-05-2026
1239,Signup,28-05-2026
1240,App Install,23-04-2026
1240,Signup,24-04-2026
1240,KYC Verification,27-04-2026
1240,First Transaction,01-05-2026
1241,App Install,25-05-2026
1241,Signup,26-05-2026
1242,App Install,25-06-2026
1243,App Install,01-07-2026
1244,App Install,09-06-2026
1244,Signup,10-06-2026
1244,KYC Verification,12-06-2026
1244,First Transaction,16-06-2026
1244,Loan Application,26-06-2026
1245,App Install,06-06-2026
1245,Signup,07-06-2026
1246,App Install,06-04-2026
1246,Signup,07-04-2026
1246,KYC Verification,10-04-2026
1246,First Transaction,11-04-2026
1246,Loan Application,19-04-2026
1247,App Install,23-07-2026
1248,App Install,18-04-2026
1248,Signup,19-04-2026
1248,KYC Verification,20-04-2026
1248,First Transaction,21-04-2026
1248,Loan Application,27-04-2026
1248,Loan Approved,03-05-2026
1249,App Install,14-06-2026
1250,App Install,19-07-2026
1251,App Install,28-04-2026
1252,App Install,09-03-2026
1252,Signup,11-03-2026
1253,App Install,19-05-2026
1253,Signup,19-05-2026
1253,KYC Verification,20-05-2026
1253,First Transaction,25-05-2026
1253,Loan Application,26-05-2026
1253,Loan Approved,27-05-2026
1254,App Install,15-03-2026
1254,Signup,15-03-2026
1255,App Install,10-06-2026
1255,Signup,10-06-2026
1255,KYC Verification,11-06-2026
1256,App Install,03-04-2026
1256,Signup,04-04-2026
1256,KYC Verification,04-04-2026
1256,First Transaction,09-04-2026
1256,Loan Application,21-04-2026
1257,App Install,05-03-2026
1257,Signup,06-03-2026
1257,KYC Verification,07-03-2026
1258,App Install,16-05-2026
1258,Signup,16-05-2026
1259,App Install,09-05-2026
1259,Signup,11-05-2026
1259,KYC Verification,13-05-2026
1259,First Transaction,17-05-2026
1260,App Install,31-07-2026
1260,Signup,31-07-2026
1261,App Install,16-04-2026
1261,Signup,16-04-2026
1261,KYC Verification,18-04-2026
1261,First Transaction,19-04-2026
1262,App Install,03-05-2026
1262,Signup,04-05-2026
1262,KYC Verification,05-05-2026
1263,App Install,12-05-2026
1263,Signup,12-05-2026
1263,KYC Verification,15-05-2026
1263,First Transaction,16-05-2026
1264,App Install,25-05-2026
1264,Signup,27-05-2026
1264,KYC Verification,28-05-2026
1264,First Transaction,01-06-2026
1264,Loan Application,07-06-2026
1264,Loan Approved,14-06-2026
1265,App Install,11-06-2026
1265,Signup,11-06-2026
1265,KYC Verification,11-06-2026
1265,First Transaction,12-06-2026
1265,Loan Application,18-06-2026
1265,Loan Approved,25-06-2026
1266,App Install,23-03-2026
1266,Signup,24-03-2026
1267,App Install,09-06-2026
1268,App Install,13-06-2026
1268,Signup,14-06-2026
1268,KYC Verification,16-06-2026
1268,First Transaction,17-06-2026
1269,App Install,16-06-2026
1269,Signup,17-06-2026
1269,KYC Verification,18-06-2026
1270,App Install,16-07-2026
1270,Signup,17-07-2026
1271,App Install,16-06-2026
1271,Signup,17-06-2026
1271,KYC Verification,19-06-2026
1271,First Transaction,23-06-2026
1272,App Install,19-04-2026
1272,Signup,20-04-2026
1272,KYC Verification,23-04-2026
1272,First Transaction,24-04-2026
1273,App Install,04-07-2026
1273,Signup,04-07-2026
1273,KYC Verification,05-07-2026
1273,First Transaction,10-07-2026
1274,App Install,18-06-2026
1274,Signup,19-06-2026
1274,KYC Verification,21-06-2026
1274,First Transaction,25-06-2026
1275,App Install,05-04-2026
1276,App Install,15-05-2026
1277,App Install,24-07-2026
1277,Signup,26-07-2026
1277,KYC Verification,28-07-2026
1277,First Transaction,31-07-2026
1277,Loan Application,07-08-2026
1277,Loan Approved,09-08-2026
1278,App Install,27-04-2026
1278,Signup,28-04-2026
1278,KYC Verification,01-05-2026
1279,App Install,04-06-2026
1279,Signup,05-06-2026
1280,App Install,16-04-2026
1280,Signup,17-04-2026
1280,KYC Verification,19-04-2026
1281,App Install,30-04-2026
1281,Signup,01-05-2026
1281,KYC Verification,02-05-2026
1282,App Install,20-05-2026
1283,App Install,13-06-2026
1283,Signup,14-06-2026
1283,KYC Verification,14-06-2026
1283,First Transaction,15-06-2026
1283,Loan Application,19-06-2026
1284,App Install,24-06-2026
1284,Signup,25-06-2026
1284,KYC Verification,26-06-2026
1285,App Install,02-04-2026
1285,Signup,04-04-2026
1286,App Install,02-03-2026
1286,Signup,03-03-2026
1286,KYC Verification,05-03-2026
1286,First Transaction,06-03-2026
1287,App Install,09-07-2026
1287,Signup,10-07-2026
1287,KYC Verification,11-07-2026
1287,First Transaction,12-07-2026
1287,Loan Application,13-07-2026
1288,App Install,10-03-2026
1288,Signup,11-03-2026
1289,App Install,11-04-2026
1289,Signup,11-04-2026
1289,KYC Verification,11-04-2026
1290,App Install,09-05-2026
1290,Signup,11-05-2026
1290,KYC Verification,12-05-2026
1290,First Transaction,17-05-2026
1291,App Install,19-06-2026
1291,Signup,20-06-2026
1292,App Install,17-05-2026
1292,Signup,19-05-2026
1292,KYC Verification,21-05-2026
1292,First Transaction,24-05-2026
1293,App Install,07-03-2026
1294,App Install,29-03-2026
1294,Signup,29-03-2026
1294,KYC Verification,01-04-2026
1294,First Transaction,06-04-2026
1295,App Install,01-07-2026
1295,Signup,01-07-2026
1295,KYC Verification,03-07-2026
1296,App Install,02-04-2026
1297,App Install,24-04-2026
1297,Signup,25-04-2026
1297,KYC Verification,25-04-2026
1297,First Transaction,26-04-2026
1298,App Install,27-05-2026
1298,Signup,28-05-2026
1298,KYC Verification,30-05-2026
1299,App Install,18-06-2026
1299,Signup,19-06-2026
1300,App Install,08-06-2026
1301,App Install,26-07-2026
1301,Signup,26-07-2026
1302,App Install,18-04-2026
1302,Signup,18-04-2026
1303,App Install,09-06-2026
1303,Signup,11-06-2026
1303,KYC Verification,12-06-2026
1304,App Install,26-07-2026
1304,Signup,27-07-2026
1305,App Install,13-04-2026
1305,Signup,15-04-2026
1305,KYC Verification,17-04-2026
1306,App Install,05-03-2026
1307,App Install,02-04-2026
1307,Signup,02-04-2026
1307,KYC Verification,02-04-2026
1307,First Transaction,06-04-2026
1307,Loan Application,14-04-2026
1307,Loan Approved,16-04-2026
1308,App Install,07-06-2026
1308,Signup,09-06-2026
1308,KYC Verification,11-06-2026
1308,First Transaction,12-06-2026
1308,Loan Application,17-06-2026
1309,App Install,13-04-2026
1309,Signup,14-04-2026
1309,KYC Verification,14-04-2026
1309,First Transaction,17-04-2026
1310,App Install,09-05-2026
1311,App Install,27-05-2026
1311,Signup,27-05-2026
1312,App Install,31-05-2026
1312,Signup,02-06-2026
1312,KYC Verification,04-06-2026
1312,First Transaction,09-06-2026
1312,Loan Application,22-06-2026
1313,App Install,01-08-2026
1314,App Install,05-03-2026
1314,Signup,06-03-2026
1314,KYC Verification,07-03-2026
1314,First Transaction,10-03-2026
1314,Loan Application,24-03-2026
1315,App Install,03-04-2026
1315,Signup,05-04-2026
1315,KYC Verification,06-04-2026
1315,First Transaction,10-04-2026
1315,Loan Application,12-04-2026
1316,App Install,10-07-2026
1316,Signup,11-07-2026
1317,App Install,10-05-2026
1317,Signup,12-05-2026
1317,KYC Verification,13-05-2026
1317,First Transaction,14-05-2026
1318,App Install,24-07-2026
1318,Signup,25-07-2026
1319,App Install,05-06-2026
1319,Signup,06-06-2026
1320,App Install,04-07-2026
1320,Signup,05-07-2026
1320,KYC Verification,06-07-2026
1320,First Transaction,11-07-2026
1320,Loan Application,12-07-2026
1320,Loan Approved,14-07-2026
1321,App Install,20-05-2026
1321,Signup,20-05-2026
1321,KYC Verification,22-05-2026
1322,App Install,10-03-2026
1322,Signup,11-03-2026
1322,KYC Verification,12-03-2026
1322,First Transaction,15-03-2026
1322,Loan Application,28-03-2026
1322,Loan Approved,31-03-2026
1323,App Install,07-06-2026
1323,Signup,08-06-2026
1323,KYC Verification,10-06-2026
1323,First Transaction,13-06-2026
1323,Loan Application,19-06-2026
1324,App Install,07-05-2026
1324,Signup,09-05-2026
1324,KYC Verification,10-05-2026
1324,First Transaction,14-05-2026
1325,App Install,28-03-2026
1325,Signup,28-03-2026
1326,App Install,07-03-2026
1326,Signup,08-03-2026
1327,App Install,21-03-2026
1327,Signup,22-03-2026
1327,KYC Verification,24-03-2026
1327,First Transaction,28-03-2026
1327,Loan Application,07-04-2026
1327,Loan Approved,13-04-2026
1328,App Install,15-06-2026
1328,Signup,16-06-2026
1328,KYC Verification,17-06-2026
1329,App Install,05-06-2026
1329,Signup,05-06-2026
1329,KYC Verification,06-06-2026
1330,App Install,06-04-2026
1330,Signup,07-04-2026
1331,App Install,27-03-2026
1331,Signup,28-03-2026
1331,KYC Verification,29-03-2026
1332,App Install,08-03-2026
1332,Signup,08-03-2026
1332,KYC Verification,09-03-2026
1332,First Transaction,11-03-2026
1333,App Install,12-04-2026
1333,Signup,14-04-2026
1334,App Install,06-06-2026
1334,Signup,08-06-2026
1335,App Install,24-04-2026
1335,Signup,24-04-2026
1335,KYC Verification,25-04-2026
1335,First Transaction,29-04-2026
1335,Loan Application,05-05-2026
1335,Loan Approved,10-05-2026
1336,App Install,31-07-2026
1336,Signup,31-07-2026
1336,KYC Verification,02-08-2026
1336,First Transaction,04-08-2026
1336,Loan Application,15-08-2026
1336,Loan Approved,21-08-2026
1337,App Install,07-05-2026
1337,Signup,08-05-2026
1337,KYC Verification,09-05-2026
1337,First Transaction,12-05-2026
1337,Loan Application,26-05-2026
1337,Loan Approved,31-05-2026
1338,App Install,30-06-2026
1338,Signup,01-07-2026
1338,KYC Verification,02-07-2026
1338,First Transaction,07-07-2026
1338,Loan Application,12-07-2026
1338,Loan Approved,14-07-2026
1339,App Install,15-05-2026
1339,Signup,16-05-2026
1340,App Install,04-05-2026
1341,App Install,14-07-2026
1341,Signup,15-07-2026
1341,KYC Verification,18-07-2026
1341,First Transaction,21-07-2026
1341,Loan Application,23-07-2026
1342,App Install,04-05-2026
1342,Signup,05-05-2026
1343,App Install,17-03-2026
1343,Signup,17-03-2026
1343,KYC Verification,17-03-2026
1343,First Transaction,19-03-2026
1344,App Install,19-06-2026
1344,Signup,20-06-2026
1345,App Install,26-04-2026
1346,App Install,23-04-2026
1347,App Install,15-05-2026
1347,Signup,17-05-2026
1347,KYC Verification,19-05-2026
1347,First Transaction,24-05-2026
1348,App Install,03-06-2026
1348,Signup,04-06-2026
1348,KYC Verification,05-06-2026
1348,First Transaction,09-06-2026
1349,App Install,19-05-2026
1350,App Install,26-05-2026
1351,App Install,27-07-2026
1352,App Install,15-06-2026
1353,App Install,13-05-2026
1354,App Install,06-06-2026
1354,Signup,07-06-2026
1354,KYC Verification,09-06-2026
1355,App Install,20-05-2026
1355,Signup,22-05-2026
1355,KYC Verification,23-05-2026
1355,First Transaction,24-05-2026
1356,App Install,22-05-2026
1356,Signup,23-05-2026
1356,KYC Verification,23-05-2026
1357,App Install,30-05-2026
1357,Signup,31-05-2026
1357,KYC Verification,02-06-2026
1358,App Install,03-04-2026
1358,Signup,03-04-2026
1359,App Install,27-06-2026
1359,Signup,29-06-2026
1360,App Install,28-07-2026
1361,App Install,26-07-2026
1361,Signup,28-07-2026
1361,KYC Verification,31-07-2026
1362,App Install,23-03-2026
1363,App Install,03-03-2026
1363,Signup,04-03-2026
1363,KYC Verification,05-03-2026
1363,First Transaction,08-03-2026
1364,App Install,11-03-2026
1364,Signup,11-03-2026
1365,App Install,29-04-2026
1366,App Install,02-07-2026
1366,Signup,03-07-2026
1366,KYC Verification,06-07-2026
1367,App Install,09-05-2026
1367,Signup,10-05-2026
1367,KYC Verification,13-05-2026
1367,First Transaction,18-05-2026
1368,App Install,20-05-2026
1369,App Install,22-04-2026
1369,Signup,23-04-2026
1369,KYC Verification,25-04-2026
1370,App Install,16-04-2026
1370,Signup,16-04-2026
1371,App Install,20-05-2026
1371,Signup,20-05-2026
1372,App Install,30-04-2026
1372,Signup,01-05-2026
1372,KYC Verification,03-05-2026
1372,First Transaction,06-05-2026
1373,App Install,15-04-2026
1373,Signup,16-04-2026
1373,KYC Verification,18-04-2026
1374,App Install,06-07-2026
1374,Signup,07-07-2026
1375,App Install,23-03-2026
1375,Signup,24-03-2026
1376,App Install,28-07-2026
1376,Signup,30-07-2026
1377,App Install,01-05-2026
1378,App Install,27-06-2026
1378,Signup,28-06-2026
1378,KYC Verification,30-06-2026
1379,App Install,30-05-2026
1379,Signup,31-05-2026
1379,KYC Verification,31-05-2026
1380,App Install,20-07-2026
1381,App Install,24-03-2026
1381,Signup,25-03-2026
1381,KYC Verification,28-03-2026
1382,App Install,17-07-2026
1382,Signup,18-07-2026
1382,KYC Verification,21-07-2026
1383,App Install,29-06-2026
1384,App Install,13-07-2026
1385,App Install,01-03-2026
1385,Signup,02-03-2026
1385,KYC Verification,04-03-2026
1385,First Transaction,07-03-2026
1386,App Install,14-05-2026
1386,Signup,16-05-2026
1386,KYC Verification,16-05-2026
1386,First Transaction,21-05-2026
1387,App Install,01-06-2026
1387,Signup,01-06-2026
1388,App Install,23-06-2026
1389,App Install,20-06-2026
1389,Signup,21-06-2026
1389,KYC Verification,21-06-2026
1389,First Transaction,26-06-2026
1389,Loan Application,05-07-2026
1389,Loan Approved,07-07-2026
1390,App Install,22-06-2026
1390,Signup,23-06-2026
1390,KYC Verification,24-06-2026
1390,First Transaction,29-06-2026
1391,App Install,10-06-2026
1392,App Install,05-05-2026
1392,Signup,06-05-2026
1393,App Install,02-07-2026
1393,Signup,03-07-2026
1393,KYC Verification,04-07-2026
1394,App Install,10-04-2026
1394,Signup,11-04-2026
1395,App Install,01-04-2026
1395,Signup,03-04-2026
1395,KYC Verification,04-04-2026
1395,First Transaction,05-04-2026
1395,Loan Application,16-04-2026
1395,Loan Approved,21-04-2026
1396,App Install,17-07-2026
1396,Signup,19-07-2026
1396,KYC Verification,20-07-2026
1396,First Transaction,22-07-2026
1397,App Install,25-07-2026
1397,Signup,26-07-2026
1398,App Install,27-07-2026
1399,App Install,02-04-2026
1399,Signup,03-04-2026
1399,KYC Verification,06-04-2026
1399,First Transaction,07-04-2026
1400,App Install,15-05-2026
1400,Signup,16-05-2026
1400,KYC Verification,17-05-2026
1401,App Install,22-04-2026
1401,Signup,23-04-2026
1401,KYC Verification,24-04-2026
1401,First Transaction,28-04-2026
1402,App Install,14-06-2026
1402,Signup,15-06-2026
1403,App Install,14-05-2026
1403,Signup,16-05-2026
1404,App Install,07-07-2026
1404,Signup,08-07-2026
1404,KYC Verification,10-07-2026
1405,App Install,07-05-2026
1405,Signup,08-05-2026
1405,KYC Verification,09-05-2026
1405,First Transaction,13-05-2026
1405,Loan Application,19-05-2026
1405,Loan Approved,21-05-2026
1406,App Install,08-07-2026
1406,Signup,10-07-2026
1406,KYC Verification,11-07-2026
1406,First Transaction,14-07-2026
1406,Loan Application,19-07-2026
1406,Loan Approved,20-07-2026
1407,App Install,17-04-2026
1407,Signup,18-04-2026
1407,KYC Verification,19-04-2026
1407,First Transaction,23-04-2026
1408,App Install,12-04-2026
1408,Signup,14-04-2026
1408,KYC Verification,16-04-2026
1408,First Transaction,17-04-2026
1408,Loan Application,01-05-2026
1408,Loan Approved,04-05-2026
1409,App Install,15-07-2026
1409,Signup,16-07-2026
1410,App Install,05-03-2026
1411,App Install,23-04-2026
1411,Signup,23-04-2026
1411,KYC Verification,25-04-2026
1411,First Transaction,27-04-2026
1411,Loan Application,11-05-2026
1412,App Install,09-03-2026
1412,Signup,10-03-2026
1413,App Install,27-07-2026
1413,Signup,27-07-2026
1413,KYC Verification,29-07-2026
1413,First Transaction,01-08-2026
1414,App Install,25-07-2026
1415,App Install,23-03-2026
1415,Signup,23-03-2026
1416,App Install,08-03-2026
1416,Signup,10-03-2026
1417,App Install,22-06-2026
1417,Signup,23-06-2026
1417,KYC Verification,26-06-2026
1417,First Transaction,30-06-2026
1418,App Install,11-07-2026
1418,Signup,11-07-2026
1418,KYC Verification,13-07-2026
1418,First Transaction,17-07-2026
1419,App Install,02-07-2026
1419,Signup,04-07-2026
1419,KYC Verification,04-07-2026
1419,First Transaction,08-07-2026
1420,App Install,08-06-2026
1420,Signup,08-06-2026
1421,App Install,10-07-2026
1421,Signup,11-07-2026
1421,KYC Verification,12-07-2026
1421,First Transaction,14-07-2026
1421,Loan Application,17-07-2026
1422,App Install,11-05-2026
1423,App Install,20-04-2026
1423,Signup,22-04-2026
1423,KYC Verification,25-04-2026
1423,First Transaction,28-04-2026
1423,Loan Application,01-05-2026
1423,Loan Approved,02-05-2026
1424,App Install,01-06-2026
1424,Signup,02-06-2026
1425,App Install,18-03-2026
1426,App Install,12-03-2026
1426,Signup,13-03-2026
1426,KYC Verification,16-03-2026
1426,First Transaction,20-03-2026
1426,Loan Application,25-03-2026
1426,Loan Approved,29-03-2026
1427,App Install,02-04-2026
1427,Signup,02-04-2026
1427,KYC Verification,03-04-2026
1427,First Transaction,04-04-2026
1427,Loan Application,09-04-2026
1427,Loan Approved,15-04-2026
1428,App Install,12-04-2026
1428,Signup,14-04-2026
1428,KYC Verification,15-04-2026
1428,First Transaction,16-04-2026
1429,App Install,25-04-2026
1429,Signup,26-04-2026
1429,KYC Verification,28-04-2026
1430,App Install,05-05-2026
1430,Signup,05-05-2026
1430,KYC Verification,07-05-2026
1431,App Install,02-07-2026
1432,App Install,01-08-2026
1432,Signup,01-08-2026
1433,App Install,09-03-2026
1433,Signup,10-03-2026
1433,KYC Verification,11-03-2026
1433,First Transaction,14-03-2026
1433,Loan Application,20-03-2026
1433,Loan Approved,26-03-2026
1434,App Install,22-03-2026
1434,Signup,24-03-2026
1434,KYC Verification,26-03-2026
1434,First Transaction,31-03-2026
1435,App Install,23-03-2026
1435,Signup,25-03-2026
1435,KYC Verification,27-03-2026
1435,First Transaction,01-04-2026
1435,Loan Application,10-04-2026
1435,Loan Approved,17-04-2026
1436,App Install,28-07-2026
1436,Signup,28-07-2026
1437,App Install,19-05-2026
1438,App Install,27-04-2026
1438,Signup,27-04-2026
1438,KYC Verification,29-04-2026
1438,First Transaction,01-05-2026
1438,Loan Application,04-05-2026
1439,App Install,20-04-2026
1440,App Install,18-05-2026
1440,Signup,20-05-2026
1440,KYC Verification,21-05-2026
1440,First Transaction,23-05-2026
1441,App Install,30-07-2026
1442,App Install,10-05-2026
1443,App Install,05-07-2026
1443,Signup,06-07-2026
1443,KYC Verification,08-07-2026
1443,First Transaction,13-07-2026
1444,App Install,21-05-2026
1444,Signup,23-05-2026
1444,KYC Verification,23-05-2026
1445,App Install,13-07-2026
1445,Signup,14-07-2026
1445,KYC Verification,17-07-2026
1445,First Transaction,21-07-2026
1446,App Install,26-06-2026
1446,Signup,27-06-2026
1446,KYC Verification,27-06-2026
1447,App Install,21-04-2026
1448,App Install,19-06-2026
1448,Signup,19-06-2026
1449,App Install,12-03-2026
1450,App Install,16-05-2026
1450,Signup,18-05-2026
1450,KYC Verification,20-05-2026
1450,First Transaction,22-05-2026
1451,App Install,08-03-2026
1452,App Install,22-03-2026
1453,App Install,01-08-2026
1453,Signup,03-08-2026
1453,KYC Verification,03-08-2026
1454,App Install,23-04-2026
1454,Signup,24-04-2026
1454,KYC Verification,26-04-2026
1455,App Install,11-07-2026
1455,Signup,12-07-2026
1456,App Install,08-06-2026
1456,Signup,08-06-2026
1456,KYC Verification,11-06-2026
1456,First Transaction,16-06-2026
1457,App Install,09-04-2026
1458,App Install,10-03-2026
1458,Signup,11-03-2026
1459,App Install,25-04-2026
1459,Signup,26-04-2026
1459,KYC Verification,27-04-2026
1459,First Transaction,28-04-2026
1460,App Install,22-04-2026
1461,App Install,23-05-2026
1461,Signup,23-05-2026
1461,KYC Verification,24-05-2026
1461,First Transaction,28-05-2026
1461,Loan Application,08-06-2026
1461,Loan Approved,13-06-2026
1462,App Install,26-07-2026
1463,App Install,07-07-2026
1463,Signup,09-07-2026
1464,App Install,13-06-2026
1464,Signup,14-06-2026
1464,KYC Verification,16-06-2026
1464,First Transaction,19-06-2026
1464,Loan Application,25-06-2026
1464,Loan Approved,02-07-2026
1465,App Install,04-06-2026
1466,App Install,10-07-2026
1466,Signup,11-07-2026
1467,App Install,24-07-2026
1467,Signup,25-07-2026
1468,App Install,29-07-2026
1468,Signup,29-07-2026
1469,App Install,04-07-2026
1470,App Install,03-06-2026
1470,Signup,03-06-2026
1470,KYC Verification,06-06-2026
1471,App Install,22-04-2026
1472,App Install,15-06-2026
1472,Signup,17-06-2026
1472,KYC Verification,17-06-2026
1472,First Transaction,22-06-2026
1472,Loan Application,01-07-2026
1472,Loan Approved,07-07-2026
1473,App Install,18-03-2026
1473,Signup,20-03-2026
1474,App Install,17-04-2026
1474,Signup,17-04-2026
1474,KYC Verification,20-04-2026
1474,First Transaction,21-04-2026
1475,App Install,18-05-2026
1475,Signup,19-05-2026
1475,KYC Verification,22-05-2026
1475,First Transaction,24-05-2026
1476,App Install,24-07-2026
1477,App Install,12-06-2026
1477,Signup,13-06-2026
1477,KYC Verification,13-06-2026
1478,App Install,05-04-2026
1479,App Install,08-05-2026
1479,Signup,08-05-2026
1479,KYC Verification,09-05-2026
1479,First Transaction,11-05-2026
1479,Loan Application,23-05-2026
1479,Loan Approved,26-05-2026
1480,App Install,26-06-2026
1480,Signup,28-06-2026
1480,KYC Verification,30-06-2026
1480,First Transaction,02-07-2026
1481,App Install,04-05-2026
1481,Signup,04-05-2026
1481,KYC Verification,05-05-2026
1482,App Install,07-05-2026
1483,App Install,17-06-2026
1484,App Install,11-05-2026
1484,Signup,12-05-2026
1484,KYC Verification,14-05-2026
1484,First Transaction,19-05-2026
1485,App Install,25-03-2026
1485,Signup,25-03-2026
1485,KYC Verification,28-03-2026
1485,First Transaction,29-03-2026
1485,Loan Application,12-04-2026
1485,Loan Approved,16-04-2026
1486,App Install,03-05-2026
1486,Signup,04-05-2026
1486,KYC Verification,06-05-2026
1487,App Install,20-06-2026
1487,Signup,22-06-2026
1487,KYC Verification,23-06-2026
1487,First Transaction,24-06-2026
1488,App Install,03-06-2026
1488,Signup,05-06-2026
1489,App Install,24-05-2026
1489,Signup,24-05-2026
1490,App Install,17-05-2026
1490,Signup,17-05-2026
1490,KYC Verification,20-05-2026
1491,App Install,23-07-2026
1491,Signup,25-07-2026
1492,App Install,08-03-2026
1493,App Install,05-06-2026
1494,App Install,05-06-2026
1494,Signup,05-06-2026
1494,KYC Verification,06-06-2026
1494,First Transaction,07-06-2026
1495,App Install,16-04-2026
1495,Signup,17-04-2026
1495,KYC Verification,18-04-2026
1495,First Transaction,20-04-2026
1496,App Install,28-06-2026
1496,Signup,28-06-2026
1497,App Install,04-04-2026
1497,Signup,04-04-2026
1497,KYC Verification,06-04-2026
1497,First Transaction,11-04-2026
1498,App Install,30-05-2026
1498,Signup,31-05-2026
1498,KYC Verification,02-06-2026
1499,App Install,19-07-2026
1499,Signup,20-07-2026
1499,KYC Verification,22-07-2026
1500,App Install,29-03-2026
1500,Signup,31-03-2026
1501,App Install,04-05-2026
1501,Signup,05-05-2026
1501,KYC Verification,05-05-2026
1501,First Transaction,10-05-2026
1501,Loan Application,22-05-2026
1501,Loan Approved,26-05-2026
1502,App Install,02-07-2026
1502,Signup,03-07-2026
1502,KYC Verification,04-07-2026
1502,First Transaction,06-07-2026
1502,Loan Application,12-07-2026
1502,Loan Approved,14-07-2026
1503,App Install,06-06-2026
1503,Signup,07-06-2026
1503,KYC Verification,09-06-2026
1504,App Install,08-05-2026
1504,Signup,10-05-2026
1504,KYC Verification,11-05-2026
1504,First Transaction,15-05-2026
1505,App Install,23-06-2026
1505,Signup,24-06-2026
1506,App Install,07-06-2026
1506,Signup,08-06-2026
1507,App Install,15-05-2026
1507,Signup,16-05-2026
1508,App Install,22-03-2026
1508,Signup,22-03-2026
1508,KYC Verification,23-03-2026
1508,First Transaction,27-03-2026
1508,Loan Application,05-04-2026
1508,Loan Approved,10-04-2026
1509,App Install,30-06-2026
1509,Signup,30-06-2026
1509,KYC Verification,01-07-2026
1509,First Transaction,04-07-2026
1510,App Install,25-04-2026
1511,App Install,27-07-2026
1511,Signup,27-07-2026
1511,KYC Verification,28-07-2026
1511,First Transaction,29-07-2026
1512,App Install,20-06-2026
1513,App Install,18-07-2026
1513,Signup,18-07-2026
1513,KYC Verification,19-07-2026
1513,First Transaction,23-07-2026
1514,App Install,30-03-2026
1514,Signup,31-03-2026
1514,KYC Verification,31-03-2026
1514,First Transaction,02-04-2026
1514,Loan Application,08-04-2026
1514,Loan Approved,13-04-2026
1515,App Install,16-07-2026
1515,Signup,16-07-2026
1516,App Install,10-06-2026
1516,Signup,12-06-2026
1516,KYC Verification,14-06-2026
1516,First Transaction,16-06-2026
1516,Loan Application,24-06-2026
1517,App Install,27-06-2026
1517,Signup,27-06-2026
1517,KYC Verification,29-06-2026
1518,App Install,26-04-2026
1518,Signup,28-04-2026
1518,KYC Verification,01-05-2026
1518,First Transaction,05-05-2026
1519,App Install,21-03-2026
1519,Signup,22-03-2026
1519,KYC Verification,25-03-2026
1520,App Install,27-07-2026
1520,Signup,28-07-2026
1520,KYC Verification,30-07-2026
1520,First Transaction,01-08-2026
1520,Loan Application,07-08-2026
1520,Loan Approved,10-08-2026
1521,App Install,23-04-2026
1521,Signup,25-04-2026
1521,KYC Verification,26-04-2026
1521,First Transaction,30-04-2026
1522,App Install,20-04-2026
1522,Signup,21-04-2026
1522,KYC Verification,24-04-2026
1522,First Transaction,25-04-2026
1523,App Install,01-05-2026
1524,App Install,14-03-2026
1525,App Install,07-03-2026
1526,App Install,16-05-2026
1527,App Install,18-03-2026
1527,Signup,18-03-2026
1528,App Install,18-05-2026
1528,Signup,18-05-2026
1528,KYC Verification,18-05-2026
1529,App Install,17-06-2026
1529,Signup,17-06-2026
1529,KYC Verification,18-06-2026
1529,First Transaction,23-06-2026
1530,App Install,16-07-2026
1530,Signup,17-07-2026
1530,KYC Verification,20-07-2026
1531,App Install,25-06-2026
1531,Signup,26-06-2026
1532,App Install,24-07-2026
1533,App Install,09-03-2026
1533,Signup,10-03-2026
1533,KYC Verification,11-03-2026
1533,First Transaction,15-03-2026
1533,Loan Application,25-03-2026
1533,Loan Approved,26-03-2026
1534,App Install,11-07-2026
1535,App Install,04-04-2026
1536,App Install,10-05-2026
1536,Signup,11-05-2026
1536,KYC Verification,12-05-2026
1537,App Install,06-07-2026
1537,Signup,07-07-2026
1537,KYC Verification,10-07-2026
1537,First Transaction,11-07-2026
1538,App Install,18-05-2026
1538,Signup,19-05-2026
1538,KYC Verification,22-05-2026
1538,First Transaction,25-05-2026
1539,App Install,27-03-2026
1539,Signup,28-03-2026
1539,KYC Verification,30-03-2026
1539,First Transaction,01-04-2026
1539,Loan Application,06-04-2026
1540,App Install,20-05-2026
1541,App Install,06-05-2026
1541,Signup,06-05-2026
1541,KYC Verification,06-05-2026
1541,First Transaction,07-05-2026
1541,Loan Application,15-05-2026
1541,Loan Approved,21-05-2026
1542,App Install,13-06-2026
1543,App Install,09-05-2026
1543,Signup,11-05-2026
1543,KYC Verification,12-05-2026
1544,App Install,29-05-2026
1544,Signup,30-05-2026
1545,App Install,03-04-2026
1545,Signup,05-04-2026
1546,App Install,22-07-2026
1547,App Install,05-04-2026
1547,Signup,05-04-2026
1547,KYC Verification,06-04-2026
1548,App Install,15-03-2026
1548,Signup,15-03-2026
1548,KYC Verification,16-03-2026
1549,App Install,25-06-2026
1550,App Install,13-05-2026
1551,App Install,11-05-2026
1551,Signup,12-05-2026
1552,App Install,29-05-2026
1553,App Install,10-03-2026
1554,App Install,13-07-2026
1554,Signup,14-07-2026
1554,KYC Verification,15-07-2026
1554,First Transaction,20-07-2026
1554,Loan Application,01-08-2026
1554,Loan Approved,08-08-2026
1555,App Install,21-03-2026
1555,Signup,21-03-2026
1555,KYC Verification,21-03-2026
1555,First Transaction,23-03-2026
1555,Loan Application,27-03-2026
1556,App Install,14-03-2026
1556,Signup,15-03-2026
1556,KYC Verification,16-03-2026
1556,First Transaction,18-03-2026
1557,App Install,10-04-2026
1557,Signup,10-04-2026
1557,KYC Verification,12-04-2026
1557,First Transaction,15-04-2026
1558,App Install,04-03-2026
1559,App Install,13-03-2026
1559,Signup,15-03-2026
1559,KYC Verification,17-03-2026
1559,First Transaction,21-03-2026
1559,Loan Application,01-04-2026
1559,Loan Approved,02-04-2026
1560,App Install,12-03-2026
1561,App Install,15-05-2026
1562,App Install,23-06-2026
1563,App Install,23-07-2026
1564,App Install,15-07-2026
1564,Signup,17-07-2026
1564,KYC Verification,17-07-2026
1564,First Transaction,21-07-2026
1565,App Install,19-03-2026
1565,Signup,19-03-2026
1566,App Install,13-03-2026
1566,Signup,15-03-2026
1566,KYC Verification,16-03-2026
1567,App Install,25-05-2026
1568,App Install,08-03-2026
1569,App Install,26-05-2026
1569,Signup,28-05-2026
1569,KYC Verification,30-05-2026
1570,App Install,09-03-2026
1571,App Install,19-05-2026
1571,Signup,20-05-2026
1571,KYC Verification,22-05-2026
1571,First Transaction,26-05-2026
1572,App Install,17-03-2026
1572,Signup,19-03-2026
1572,KYC Verification,22-03-2026
1572,First Transaction,26-03-2026
1572,Loan Application,31-03-2026
1572,Loan Approved,02-04-2026
1573,App Install,19-03-2026
1574,App Install,08-06-2026
1574,Signup,09-06-2026
1574,KYC Verification,10-06-2026
1574,First Transaction,11-06-2026
1574,Loan Application,25-06-2026
1575,App Install,03-03-2026
1575,Signup,04-03-2026
1576,App Install,31-07-2026
1576,Signup,02-08-2026
1576,KYC Verification,05-08-2026
1576,First Transaction,08-08-2026
1576,Loan Application,15-08-2026
1577,App Install,19-04-2026
1577,Signup,19-04-2026
1578,App Install,12-07-2026
1578,Signup,13-07-2026
1579,App Install,22-04-2026
1580,App Install,04-05-2026
1580,Signup,05-05-2026
1581,App Install,05-04-2026
1581,Signup,06-04-2026
1582,App Install,10-04-2026
1583,App Install,25-07-2026
1583,Signup,26-07-2026
1584,App Install,30-04-2026
1584,Signup,02-05-2026
1584,KYC Verification,05-05-2026
1584,First Transaction,07-05-2026
1585,App Install,01-08-2026
1586,App Install,07-03-2026
1586,Signup,07-03-2026
1586,KYC Verification,08-03-2026
1586,First Transaction,13-03-2026
1586,Loan Application,21-03-2026
1586,Loan Approved,26-03-2026
1587,App Install,28-03-2026
1588,App Install,08-05-2026
1588,Signup,08-05-2026
1589,App Install,03-04-2026
1590,App Install,07-04-2026
1590,Signup,08-04-2026
1590,KYC Verification,10-04-2026
1590,First Transaction,11-04-2026
1591,App Install,29-07-2026
1591,Signup,29-07-2026
1592,App Install,21-05-2026
1592,Signup,21-05-2026
1593,App Install,30-06-2026
1593,Signup,01-07-2026
1593,KYC Verification,04-07-2026
1593,First Transaction,08-07-2026
1593,Loan Application,19-07-2026
1593,Loan Approved,23-07-2026
1594,App Install,17-03-2026
1594,Signup,18-03-2026
1595,App Install,23-06-2026
1595,Signup,25-06-2026
1596,App Install,25-06-2026
1596,Signup,27-06-2026
1596,KYC Verification,27-06-2026
1596,First Transaction,30-06-2026
1596,Loan Application,07-07-2026
1596,Loan Approved,08-07-2026
1597,App Install,09-04-2026
1597,Signup,10-04-2026
1597,KYC Verification,11-04-2026
1597,First Transaction,13-04-2026
1598,App Install,19-06-2026
1598,Signup,20-06-2026
1599,App Install,23-04-2026
1599,Signup,25-04-2026
1600,App Install,01-08-2026
1600,Signup,01-08-2026
1601,App Install,09-05-2026
1601,Signup,10-05-2026
1602,App Install,10-06-2026
1603,App Install,22-04-2026
1604,App Install,24-03-2026
1604,Signup,24-03-2026
1604,KYC Verification,25-03-2026
1604,First Transaction,28-03-2026
1604,Loan Application,29-03-2026
1605,App Install,26-03-2026
1605,Signup,27-03-2026
1605,KYC Verification,27-03-2026
1605,First Transaction,28-03-2026
1606,App Install,28-06-2026
1606,Signup,30-06-2026
1607,App Install,12-05-2026
1607,Signup,14-05-2026
1607,KYC Verification,15-05-2026
1607,First Transaction,19-05-2026
1608,App Install,14-05-2026
1608,Signup,16-05-2026
1608,KYC Verification,18-05-2026
1608,First Transaction,19-05-2026
1608,Loan Application,01-06-2026
1608,Loan Approved,05-06-2026
1609,App Install,22-03-2026
1609,Signup,23-03-2026
1609,KYC Verification,23-03-2026
1609,First Transaction,24-03-2026
1609,Loan Application,28-03-2026
1609,Loan Approved,02-04-2026
1610,App Install,11-03-2026
1611,App Install,06-07-2026
1611,Signup,07-07-2026
1611,KYC Verification,09-07-2026
1611,First Transaction,11-07-2026
1612,App Install,07-06-2026
1612,Signup,09-06-2026
1613,App Install,24-07-2026
1614,App Install,11-04-2026
1615,App Install,18-07-2026
1616,App Install,01-04-2026
1617,App Install,06-07-2026
1617,Signup,07-07-2026
1618,App Install,28-06-2026
1618,Signup,28-06-2026
1618,KYC Verification,01-07-2026
1618,First Transaction,04-07-2026
1619,App Install,30-04-2026
1619,Signup,01-05-2026
1619,KYC Verification,04-05-2026
1620,App Install,03-05-2026
1620,Signup,04-05-2026
1621,App Install,02-05-2026
1622,App Install,10-06-2026
1622,Signup,12-06-2026
1623,App Install,22-04-2026
1624,App Install,07-05-2026
1624,Signup,09-05-2026
1624,KYC Verification,10-05-2026
1624,First Transaction,11-05-2026
1625,App Install,04-05-2026
1626,App Install,04-06-2026
1626,Signup,05-06-2026
1626,KYC Verification,05-06-2026
1626,First Transaction,08-06-2026
1627,App Install,07-03-2026
1627,Signup,08-03-2026
1627,KYC Verification,10-03-2026
1628,App Install,17-03-2026
1629,App Install,03-03-2026
1629,Signup,04-03-2026
1629,KYC Verification,06-03-2026
1629,First Transaction,07-03-2026
1629,Loan Application,10-03-2026
1629,Loan Approved,12-03-2026
1630,App Install,10-03-2026
1630,Signup,11-03-2026
1630,KYC Verification,14-03-2026
1630,First Transaction,17-03-2026
1630,Loan Application,18-03-2026
1631,App Install,04-07-2026
1631,Signup,06-07-2026
1631,KYC Verification,08-07-2026
1631,First Transaction,12-07-2026
1632,App Install,21-05-2026
1633,App Install,27-05-2026
1633,Signup,28-05-2026
1633,KYC Verification,30-05-2026
1633,First Transaction,04-06-2026
1634,App Install,13-05-2026
1634,Signup,13-05-2026
1635,App Install,22-05-2026
1636,App Install,09-04-2026
1636,Signup,09-04-2026
1637,App Install,06-04-2026
1638,App Install,16-03-2026
1638,Signup,17-03-2026
1638,KYC Verification,17-03-2026
1639,App Install,22-04-2026
1639,Signup,22-04-2026
1639,KYC Verification,25-04-2026
1639,First Transaction,27-04-2026
1640,App Install,14-07-2026
1640,Signup,16-07-2026
1641,App Install,09-03-2026
1641,Signup,11-03-2026
1642,App Install,05-04-2026
1642,Signup,07-04-2026
1642,KYC Verification,08-04-2026
1642,First Transaction,09-04-2026
1643,App Install,16-05-2026
1643,Signup,17-05-2026
1643,KYC Verification,18-05-2026
1644,App Install,01-06-2026
1644,Signup,03-06-2026
1644,KYC Verification,03-06-2026
1644,First Transaction,08-06-2026
1644,Loan Application,13-06-2026
1644,Loan Approved,20-06-2026
1645,App Install,15-05-2026
1645,Signup,16-05-2026
1645,KYC Verification,16-05-2026
1645,First Transaction,17-05-2026
1646,App Install,28-04-2026
1646,Signup,30-04-2026
1647,App Install,07-06-2026
1647,Signup,08-06-2026
1648,App Install,12-07-2026
1648,Signup,13-07-2026
1649,App Install,08-06-2026
1649,Signup,08-06-2026
1649,KYC Verification,10-06-2026
1649,First Transaction,14-06-2026
1649,Loan Application,16-06-2026
1649,Loan Approved,21-06-2026
1650,App Install,21-07-2026
1650,Signup,23-07-2026
1650,KYC Verification,25-07-2026
1651,App Install,06-05-2026
1651,Signup,06-05-2026
1651,KYC Verification,08-05-2026
1651,First Transaction,09-05-2026
1651,Loan Application,12-05-2026
1651,Loan Approved,13-05-2026
1652,App Install,14-04-2026
1652,Signup,14-04-2026
1652,KYC Verification,17-04-2026
1652,First Transaction,20-04-2026
1653,App Install,28-04-2026
1654,App Install,04-03-2026
1655,App Install,08-07-2026
1656,App Install,27-03-2026
1656,Signup,27-03-2026
1656,KYC Verification,28-03-2026
1656,First Transaction,02-04-2026
1656,Loan Application,06-04-2026
1657,App Install,28-05-2026
1658,App Install,27-05-2026
1658,Signup,28-05-2026
1659,App Install,17-07-2026
1659,Signup,18-07-2026
1659,KYC Verification,21-07-2026
1659,First Transaction,26-07-2026
1660,App Install,30-05-2026
1660,Signup,31-05-2026
1660,KYC Verification,01-06-2026
1661,App Install,21-05-2026
1661,Signup,22-05-2026
1662,App Install,23-07-2026
1663,App Install,07-06-2026
1664,App Install,08-03-2026
1664,Signup,10-03-2026
1664,KYC Verification,11-03-2026
1664,First Transaction,16-03-2026
1665,App Install,07-07-2026
1666,App Install,27-07-2026
1666,Signup,28-07-2026
1666,KYC Verification,30-07-2026
1666,First Transaction,02-08-2026
1667,App Install,04-05-2026
1667,Signup,06-05-2026
1668,App Install,05-07-2026
1669,App Install,04-03-2026
1670,App Install,04-03-2026
1670,Signup,05-03-2026
1671,App Install,13-07-2026
1671,Signup,13-07-2026
1672,App Install,20-04-2026
1672,Signup,22-04-2026
1672,KYC Verification,24-04-2026
1672,First Transaction,29-04-2026
1672,Loan Application,13-05-2026
1672,Loan Approved,18-05-2026
1673,App Install,05-03-2026
1673,Signup,07-03-2026
1674,App Install,20-07-2026
1674,Signup,21-07-2026
1675,App Install,09-03-2026
1675,Signup,09-03-2026
1676,App Install,12-05-2026
1677,App Install,20-05-2026
1677,Signup,20-05-2026
1677,KYC Verification,22-05-2026
1678,App Install,03-05-2026
1678,Signup,04-05-2026
1678,KYC Verification,06-05-2026
1678,First Transaction,10-05-2026
1679,App Install,05-06-2026
1680,App Install,16-05-2026
1681,App Install,26-05-2026
1681,Signup,27-05-2026
1682,App Install,09-07-2026
1682,Signup,11-07-2026
1683,App Install,17-04-2026
1683,Signup,19-04-2026
1684,App Install,11-05-2026
1685,App Install,22-03-2026
1685,Signup,22-03-2026
1686,App Install,16-03-2026
1686,Signup,18-03-2026
1686,KYC Verification,21-03-2026
1686,First Transaction,24-03-2026
1687,App Install,29-06-2026
1687,Signup,29-06-2026
1687,KYC Verification,29-06-2026
1687,First Transaction,01-07-2026
1688,App Install,09-03-2026
1689,App Install,30-04-2026
1689,Signup,30-04-2026
1689,KYC Verification,02-05-2026
1690,App Install,16-04-2026
1691,App Install,07-05-2026
1691,Signup,08-05-2026
1691,KYC Verification,09-05-2026
1692,App Install,28-05-2026
1693,App Install,04-03-2026
1693,Signup,06-03-2026
1693,KYC Verification,06-03-2026
1693,First Transaction,07-03-2026
1694,App Install,16-04-2026
1695,App Install,13-03-2026
1695,Signup,15-03-2026
1695,KYC Verification,16-03-2026
1696,App Install,03-07-2026
1696,Signup,03-07-2026
1697,App Install,09-04-2026
1697,Signup,11-04-2026
1697,KYC Verification,12-04-2026
1697,First Transaction,13-04-2026
1698,App Install,02-07-2026
1698,Signup,03-07-2026
1698,KYC Verification,04-07-2026
1698,First Transaction,05-07-2026
1699,App Install,23-04-2026
1699,Signup,24-04-2026
1700,App Install,18-05-2026
1700,Signup,19-05-2026
1700,KYC Verification,19-05-2026
1700,First Transaction,24-05-2026
1701,App Install,03-07-2026
1702,App Install,26-04-2026
1702,Signup,27-04-2026
1703,App Install,21-04-2026
1703,Signup,23-04-2026
1703,KYC Verification,23-04-2026
1704,App Install,15-05-2026
1705,App Install,24-04-2026
1705,Signup,25-04-2026
1706,App Install,29-03-2026
1706,Signup,30-03-2026
1707,App Install,03-06-2026
1707,Signup,03-06-2026
1707,KYC Verification,05-06-2026
1707,First Transaction,09-06-2026
1707,Loan Application,18-06-2026
1707,Loan Approved,23-06-2026
1708,App Install,08-04-2026
1708,Signup,08-04-2026
1708,KYC Verification,10-04-2026
1708,First Transaction,11-04-2026
1709,App Install,14-06-2026
1710,App Install,09-07-2026
1711,App Install,02-07-2026
1712,App Install,30-05-2026
1712,Signup,31-05-2026
1713,App Install,13-06-2026
1714,App Install,21-06-2026
1715,App Install,27-03-2026
1715,Signup,29-03-2026
1716,App Install,26-07-2026
1716,Signup,26-07-2026
1717,App Install,22-04-2026
1718,App Install,09-03-2026
1718,Signup,09-03-2026
1718,KYC Verification,09-03-2026
1719,App Install,07-07-2026
1719,Signup,08-07-2026
1719,KYC Verification,08-07-2026
1719,First Transaction,09-07-2026
1719,Loan Application,18-07-2026
1719,Loan Approved,21-07-2026
1720,App Install,13-06-2026
1720,Signup,13-06-2026
1720,KYC Verification,15-06-2026
1720,First Transaction,19-06-2026
1720,Loan Application,22-06-2026
1720,Loan Approved,25-06-2026
1721,App Install,31-07-2026
1722,App Install,25-05-2026
1722,Signup,25-05-2026
1722,KYC Verification,28-05-2026
1722,First Transaction,31-05-2026
1722,Loan Application,10-06-2026
1722,Loan Approved,15-06-2026
1723,App Install,10-06-2026
1723,Signup,10-06-2026
1723,KYC Verification,12-06-2026
1723,First Transaction,14-06-2026
1723,Loan Application,17-06-2026
1723,Loan Approved,23-06-2026
1724,App Install,03-05-2026
1724,Signup,04-05-2026
1724,KYC Verification,05-05-2026
1725,App Install,20-07-2026
1726,App Install,27-05-2026
1726,Signup,29-05-2026
1726,KYC Verification,29-05-2026
1726,First Transaction,30-05-2026
1727,App Install,23-07-2026
1727,Signup,24-07-2026
1727,KYC Verification,25-07-2026
1727,First Transaction,28-07-2026
1728,App Install,01-03-2026
1728,Signup,03-03-2026
1729,App Install,14-07-2026
1729,Signup,16-07-2026
1730,App Install,07-06-2026
1730,Signup,07-06-2026
1730,KYC Verification,09-06-2026
1730,First Transaction,14-06-2026
1730,Loan Application,28-06-2026
1731,App Install,10-07-2026
1731,Signup,12-07-2026
1732,App Install,05-04-2026
1732,Signup,06-04-2026
1732,KYC Verification,06-04-2026
1732,First Transaction,08-04-2026
1733,App Install,05-03-2026
1734,App Install,02-06-2026
1734,Signup,04-06-2026
1734,KYC Verification,05-06-2026
1734,First Transaction,06-06-2026
1735,App Install,25-03-2026
1735,Signup,25-03-2026
1735,KYC Verification,28-03-2026
1735,First Transaction,31-03-2026
1735,Loan Application,08-04-2026
1736,App Install,23-06-2026
1736,Signup,23-06-2026
1736,KYC Verification,26-06-2026
1736,First Transaction,29-06-2026
1736,Loan Application,01-07-2026
1737,App Install,13-05-2026
1737,Signup,15-05-2026
1738,App Install,13-06-2026
1739,App Install,14-06-2026
1739,Signup,16-06-2026
1740,App Install,30-03-2026
1740,Signup,01-04-2026
1740,KYC Verification,02-04-2026
1741,App Install,06-03-2026
1741,Signup,06-03-2026
1741,KYC Verification,08-03-2026
1742,App Install,14-04-2026
1743,App Install,17-06-2026
1743,Signup,17-06-2026
1743,KYC Verification,20-06-2026
1743,First Transaction,21-06-2026
1744,App Install,06-07-2026
1744,Signup,08-07-2026
1745,App Install,01-03-2026
1746,App Install,14-06-2026
1747,App Install,09-06-2026
1748,App Install,30-06-2026
1749,App Install,14-05-2026
1749,Signup,15-05-2026
1749,KYC Verification,16-05-2026
1750,App Install,15-04-2026
1750,Signup,17-04-2026
1750,KYC Verification,20-04-2026
1750,First Transaction,23-04-2026
1751,App Install,09-06-2026
1751,Signup,09-06-2026
1751,KYC Verification,11-06-2026
1751,First Transaction,13-06-2026
1752,App Install,20-04-2026
1753,App Install,10-04-2026
1754,App Install,21-06-2026
1754,Signup,21-06-2026
1754,KYC Verification,23-06-2026
1754,First Transaction,28-06-2026
1755,App Install,25-04-2026
1755,Signup,25-04-2026
1755,KYC Verification,26-04-2026
1755,First Transaction,29-04-2026
1756,App Install,09-04-2026
1757,App Install,07-03-2026
1757,Signup,09-03-2026
1757,KYC Verification,10-03-2026
1757,First Transaction,12-03-2026
1758,App Install,27-03-2026
1759,App Install,13-07-2026
1759,Signup,15-07-2026
1759,KYC Verification,17-07-2026
1759,First Transaction,20-07-2026
1760,App Install,31-07-2026
1761,App Install,23-06-2026
1762,App Install,15-05-2026
1763,App Install,22-06-2026
1763,Signup,23-06-2026
1764,App Install,22-04-2026
1764,Signup,24-04-2026
1764,KYC Verification,25-04-2026
1764,First Transaction,27-04-2026
1764,Loan Application,02-05-2026
1764,Loan Approved,08-05-2026
1765,App Install,08-06-2026
1765,Signup,10-06-2026
1765,KYC Verification,13-06-2026
1765,First Transaction,18-06-2026
1765,Loan Application,23-06-2026
1765,Loan Approved,28-06-2026
1766,App Install,16-04-2026
1766,Signup,17-04-2026
1766,KYC Verification,19-04-2026
1766,First Transaction,21-04-2026
1766,Loan Application,25-04-2026
1766,Loan Approved,30-04-2026
1767,App Install,21-06-2026
1767,Signup,22-06-2026
1767,KYC Verification,23-06-2026
1767,First Transaction,28-06-2026
1767,Loan Application,02-07-2026
1767,Loan Approved,04-07-2026
1768,App Install,03-06-2026
1769,App Install,25-07-2026
1770,App Install,01-03-2026
1770,Signup,03-03-2026
1770,KYC Verification,04-03-2026
1770,First Transaction,09-03-2026
1771,App Install,14-05-2026
1772,App Install,10-04-2026
1772,Signup,12-04-2026
1773,App Install,12-04-2026
1774,App Install,09-03-2026
1774,Signup,10-03-2026
1774,KYC Verification,12-03-2026
1775,App Install,19-07-2026
1775,Signup,19-07-2026
1776,App Install,19-05-2026
1776,Signup,19-05-2026
1776,KYC Verification,19-05-2026
1777,App Install,12-03-2026
1777,Signup,13-03-2026
1778,App Install,23-05-2026
1778,Signup,24-05-2026
1778,KYC Verification,27-05-2026
1778,First Transaction,30-05-2026
1779,App Install,27-05-2026
1779,Signup,29-05-2026
1780,App Install,07-06-2026
1780,Signup,08-06-2026
1781,App Install,03-07-2026
1781,Signup,03-07-2026
1781,KYC Verification,04-07-2026
1782,App Install,09-03-2026
1782,Signup,10-03-2026
1783,App Install,13-06-2026
1784,App Install,06-06-2026
1784,Signup,07-06-2026
1784,KYC Verification,09-06-2026
1784,First Transaction,13-06-2026
1784,Loan Application,18-06-2026
1785,App Install,04-07-2026
1785,Signup,05-07-2026
1785,KYC Verification,08-07-2026
1786,App Install,04-05-2026
1786,Signup,05-05-2026
1786,KYC Verification,07-05-2026
1786,First Transaction,08-05-2026
1787,App Install,18-06-2026
1787,Signup,18-06-2026
1788,App Install,01-03-2026
1788,Signup,01-03-2026
1788,KYC Verification,02-03-2026
1788,First Transaction,05-03-2026
1788,Loan Application,12-03-2026
1788,Loan Approved,14-03-2026
1789,App Install,04-03-2026
1789,Signup,04-03-2026
1789,KYC Verification,05-03-2026
1789,First Transaction,06-03-2026
1790,App Install,26-06-2026
1790,Signup,26-06-2026
1791,App Install,24-05-2026
1791,Signup,25-05-2026
1792,App Install,10-07-2026
1792,Signup,11-07-2026
1792,KYC Verification,11-07-2026
1792,First Transaction,15-07-2026
1792,Loan Application,16-07-2026
1793,App Install,23-07-2026
1793,Signup,24-07-2026
1793,KYC Verification,25-07-2026
1793,First Transaction,26-07-2026
1794,App Install,10-06-2026
1795,App Install,19-05-2026
1796,App Install,27-03-2026
1796,Signup,29-03-2026
1796,KYC Verification,01-04-2026
1797,App Install,16-06-2026
1797,Signup,18-06-2026
1797,KYC Verification,20-06-2026
1797,First Transaction,24-06-2026
1798,App Install,07-03-2026
1798,Signup,09-03-2026
1798,KYC Verification,10-03-2026
1798,First Transaction,11-03-2026
1799,App Install,05-05-2026
1799,Signup,06-05-2026
1799,KYC Verification,07-05-2026
1799,First Transaction,10-05-2026
1800,App Install,01-06-2026
1800,Signup,03-06-2026
1800,KYC Verification,05-06-2026
1800,First Transaction,10-06-2026
1801,App Install,23-04-2026
1801,Signup,24-04-2026
1802,App Install,29-04-2026
1802,Signup,29-04-2026
1802,KYC Verification,02-05-2026
1803,App Install,29-04-2026
1803,Signup,01-05-2026
1804,App Install,23-06-2026
1804,Signup,23-06-2026
1804,KYC Verification,24-06-2026
1804,First Transaction,25-06-2026
1805,App Install,11-06-2026
1806,App Install,24-03-2026
1806,Signup,26-03-2026
1806,KYC Verification,26-03-2026
1806,First Transaction,31-03-2026
1806,Loan Application,06-04-2026
1807,App Install,05-07-2026
1807,Signup,05-07-2026
1807,KYC Verification,07-07-2026
1807,First Transaction,08-07-2026
1807,Loan Application,19-07-2026
1807,Loan Approved,21-07-2026
1808,App Install,06-05-2026
1808,Signup,07-05-2026
1808,KYC Verification,09-05-2026
1808,First Transaction,11-05-2026
1809,App Install,06-04-2026
1810,App Install,17-06-2026
1810,Signup,17-06-2026
1811,App Install,05-07-2026
1811,Signup,06-07-2026
1811,KYC Verification,07-07-2026
1811,First Transaction,11-07-2026
1812,App Install,14-05-2026
1812,Signup,15-05-2026
1813,App Install,12-05-2026
1813,Signup,14-05-2026
1813,KYC Verification,15-05-2026
1813,First Transaction,18-05-2026
1814,App Install,30-06-2026
1814,Signup,02-07-2026
1814,KYC Verification,03-07-2026
1814,First Transaction,08-07-2026
1815,App Install,14-07-2026
1815,Signup,14-07-2026
1815,KYC Verification,17-07-2026
1815,First Transaction,19-07-2026
1816,App Install,15-04-2026
1816,Signup,17-04-2026
1816,KYC Verification,20-04-2026
1817,App Install,18-06-2026
1817,Signup,20-06-2026
1817,KYC Verification,20-06-2026
1818,App Install,04-03-2026
1818,Signup,05-03-2026
1818,KYC Verification,06-03-2026
1819,App Install,10-06-2026
1819,Signup,10-06-2026
1819,KYC Verification,13-06-2026
1819,First Transaction,17-06-2026
1819,Loan Application,26-06-2026
1820,App Install,15-04-2026
1820,Signup,16-04-2026
1820,KYC Verification,19-04-2026
1820,First Transaction,22-04-2026
1821,App Install,11-07-2026
1821,Signup,11-07-2026
1821,KYC Verification,12-07-2026
1821,First Transaction,17-07-2026
1821,Loan Application,24-07-2026
1822,App Install,17-07-2026
1822,Signup,18-07-2026
1822,KYC Verification,21-07-2026
1823,App Install,08-03-2026
1824,App Install,31-05-2026
1824,Signup,01-06-2026
1824,KYC Verification,02-06-2026
1825,App Install,10-07-2026
1826,App Install,26-03-2026
1826,Signup,27-03-2026
1826,KYC Verification,27-03-2026
1826,First Transaction,28-03-2026
1826,Loan Application,04-04-2026
1826,Loan Approved,08-04-2026
1827,App Install,03-03-2026
1827,Signup,05-03-2026
1827,KYC Verification,05-03-2026
1827,First Transaction,10-03-2026
1828,App Install,25-05-2026
1828,Signup,26-05-2026
1829,App Install,17-07-2026
1829,Signup,18-07-2026
1829,KYC Verification,20-07-2026
1830,App Install,22-03-2026
1831,App Install,03-03-2026
1831,Signup,04-03-2026
1831,KYC Verification,06-03-2026
1831,First Transaction,09-03-2026
1832,App Install,06-03-2026
1833,App Install,14-07-2026
1833,Signup,15-07-2026
1833,KYC Verification,17-07-2026
1833,First Transaction,21-07-2026
1833,Loan Application,30-07-2026
1833,Loan Approved,01-08-2026
1834,App Install,08-07-2026
1834,Signup,08-07-2026
1835,App Install,06-07-2026
1835,Signup,07-07-2026
1836,App Install,10-04-2026
1836,Signup,11-04-2026
1836,KYC Verification,11-04-2026
1836,First Transaction,14-04-2026
1837,App Install,05-07-2026
1838,App Install,26-07-2026
1838,Signup,26-07-2026
1839,App Install,12-06-2026
1839,Signup,13-06-2026
1839,KYC Verification,15-06-2026
1839,First Transaction,20-06-2026
1840,App Install,23-07-2026
1841,App Install,18-05-2026
1841,Signup,19-05-2026
1841,KYC Verification,22-05-2026
1842,App Install,21-05-2026
1842,Signup,23-05-2026
1842,KYC Verification,25-05-2026
1842,First Transaction,27-05-2026
1843,App Install,22-03-2026
1843,Signup,23-03-2026
1843,KYC Verification,24-03-2026
1843,First Transaction,29-03-2026
1844,App Install,07-03-2026
1845,App Install,29-06-2026
1845,Signup,01-07-2026
1846,App Install,12-06-2026
1846,Signup,13-06-2026
1847,App Install,27-03-2026
1847,Signup,28-03-2026
1847,KYC Verification,31-03-2026
1847,First Transaction,03-04-2026
1847,Loan Application,11-04-2026
1847,Loan Approved,14-04-2026
1848,App Install,25-04-2026
1849,App Install,16-05-2026
1849,Signup,17-05-2026
1849,KYC Verification,18-05-2026
1849,First Transaction,21-05-2026
1850,App Install,31-05-2026
1850,Signup,01-06-2026
1851,App Install,31-05-2026
1851,Signup,01-06-2026
1851,KYC Verification,03-06-2026
1851,First Transaction,07-06-2026
1851,Loan Application,18-06-2026
1851,Loan Approved,25-06-2026
1852,App Install,07-04-2026
1853,App Install,28-06-2026
1853,Signup,29-06-2026
1853,KYC Verification,02-07-2026
1853,First Transaction,04-07-2026
1854,App Install,14-03-2026
1854,Signup,15-03-2026
1855,App Install,25-06-2026
1856,App Install,14-05-2026
1856,Signup,15-05-2026
1856,KYC Verification,16-05-2026
1856,First Transaction,19-05-2026
1856,Loan Application,21-05-2026
1856,Loan Approved,22-05-2026
1857,App Install,06-07-2026
1857,Signup,06-07-2026
1858,App Install,14-05-2026
1858,Signup,15-05-2026
1858,KYC Verification,18-05-2026
1858,First Transaction,20-05-2026
1859,App Install,29-06-2026
1859,Signup,30-06-2026
1859,KYC Verification,30-06-2026
1860,App Install,15-03-2026
1860,Signup,16-03-2026
1861,App Install,29-03-2026
1861,Signup,30-03-2026
1862,App Install,14-05-2026
1863,App Install,07-04-2026
1863,Signup,09-04-2026
1863,KYC Verification,12-04-2026
1863,First Transaction,15-04-2026
1864,App Install,12-03-2026
1864,Signup,13-03-2026
1864,KYC Verification,15-03-2026
1864,First Transaction,17-03-2026
1865,App Install,15-04-2026
1865,Signup,16-04-2026
1865,KYC Verification,19-04-2026
1865,First Transaction,23-04-2026
1866,App Install,11-05-2026
1866,Signup,12-05-2026
1866,KYC Verification,13-05-2026
1866,First Transaction,14-05-2026
1866,Loan Application,24-05-2026
1867,App Install,04-07-2026
1867,Signup,05-07-2026
1868,App Install,09-06-2026
1869,App Install,28-05-2026
1870,App Install,03-04-2026
1870,Signup,04-04-2026
1871,App Install,31-03-2026
1872,App Install,10-07-2026
1873,App Install,07-03-2026
1873,Signup,07-03-2026
1873,KYC Verification,08-03-2026
1874,App Install,10-04-2026
1874,Signup,11-04-2026
1874,KYC Verification,12-04-2026
1874,First Transaction,13-04-2026
1874,Loan Application,24-04-2026
1875,App Install,19-03-2026
1876,App Install,28-06-2026
1876,Signup,29-06-2026
1876,KYC Verification,01-07-2026
1876,First Transaction,04-07-2026
1876,Loan Application,10-07-2026
1876,Loan Approved,17-07-2026
1877,App Install,10-05-2026
1877,Signup,11-05-2026
1878,App Install,02-06-2026
1878,Signup,02-06-2026
1878,KYC Verification,03-06-2026
1878,First Transaction,04-06-2026
1878,Loan Application,08-06-2026
1878,Loan Approved,11-06-2026
1879,App Install,31-07-2026
1879,Signup,01-08-2026
1879,KYC Verification,02-08-2026
1879,First Transaction,07-08-2026
1880,App Install,14-06-2026
1880,Signup,16-06-2026
1881,App Install,05-07-2026
1881,Signup,05-07-2026
1882,App Install,18-06-2026
1882,Signup,18-06-2026
1882,KYC Verification,21-06-2026
1882,First Transaction,22-06-2026
1883,App Install,13-07-2026
1883,Signup,13-07-2026
1884,App Install,17-06-2026
1885,App Install,08-07-2026
1885,Signup,09-07-2026
1885,KYC Verification,09-07-2026
1885,First Transaction,11-07-2026
1886,App Install,22-06-2026
1886,Signup,22-06-2026
1886,KYC Verification,24-06-2026
1886,First Transaction,29-06-2026
1887,App Install,15-06-2026
1887,Signup,17-06-2026
1887,KYC Verification,18-06-2026
1887,First Transaction,20-06-2026
1887,Loan Application,22-06-2026
1888,App Install,24-04-2026
1888,Signup,26-04-2026
1889,App Install,08-06-2026
1889,Signup,09-06-2026
1889,KYC Verification,11-06-2026
1889,First Transaction,12-06-2026
1890,App Install,30-03-2026
1890,Signup,31-03-2026
1890,KYC Verification,02-04-2026
1890,First Transaction,07-04-2026
1891,App Install,27-03-2026
1891,Signup,28-03-2026
1892,App Install,22-07-2026
1892,Signup,24-07-2026
1893,App Install,08-04-2026
1893,Signup,09-04-2026
1894,App Install,16-05-2026
1895,App Install,03-04-2026
1895,Signup,05-04-2026
1895,KYC Verification,07-04-2026
1895,First Transaction,09-04-2026
1895,Loan Application,22-04-2026
1896,App Install,16-06-2026
1896,Signup,17-06-2026
1896,KYC Verification,20-06-2026
1896,First Transaction,24-06-2026
1897,App Install,27-05-2026
1898,App Install,16-03-2026
1899,App Install,28-04-2026
1900,App Install,06-03-2026
1900,Signup,07-03-2026
1901,App Install,02-07-2026
1901,Signup,04-07-2026
1902,App Install,09-07-2026
1902,Signup,09-07-2026
1902,KYC Verification,11-07-2026
1902,First Transaction,13-07-2026
1903,App Install,29-06-2026
1903,Signup,30-06-2026
1903,KYC Verification,02-07-2026
1903,First Transaction,04-07-2026
1903,Loan Application,10-07-2026
1904,App Install,19-03-2026
1904,Signup,21-03-2026
1905,App Install,27-06-2026
1906,App Install,07-03-2026
1906,Signup,09-03-2026
1906,KYC Verification,11-03-2026
1907,App Install,24-05-2026
1907,Signup,25-05-2026
1907,KYC Verification,28-05-2026
1908,App Install,26-03-2026
1909,App Install,12-04-2026
1910,App Install,26-03-2026
1911,App Install,25-07-2026
1911,Signup,27-07-2026
1911,KYC Verification,28-07-2026
1912,App Install,06-03-2026
1912,Signup,07-03-2026
1912,KYC Verification,09-03-2026
1913,App Install,06-07-2026
1913,Signup,07-07-2026
1914,App Install,07-03-2026
1914,Signup,09-03-2026
1914,KYC Verification,09-03-2026
1914,First Transaction,12-03-2026
1914,Loan Application,22-03-2026
1914,Loan Approved,29-03-2026
1915,App Install,14-07-2026
1915,Signup,15-07-2026
1915,KYC Verification,16-07-2026
1916,App Install,10-05-2026
1917,App Install,12-06-2026
1917,Signup,12-06-2026
1918,App Install,01-06-2026
1919,App Install,22-03-2026
1919,Signup,23-03-2026
1919,KYC Verification,23-03-2026
1920,App Install,18-07-2026
1920,Signup,20-07-2026
1921,App Install,19-06-2026
1921,Signup,21-06-2026
1921,KYC Verification,23-06-2026
1922,App Install,24-07-2026
1922,Signup,25-07-2026
1922,KYC Verification,26-07-2026
1922,First Transaction,27-07-2026
1923,App Install,05-05-2026
1923,Signup,06-05-2026
1923,KYC Verification,09-05-2026
1923,First Transaction,14-05-2026
1924,App Install,08-04-2026
1924,Signup,09-04-2026
1924,KYC Verification,12-04-2026
1925,App Install,29-06-2026
1925,Signup,30-06-2026
1925,KYC Verification,30-06-2026
1925,First Transaction,05-07-2026
1926,App Install,24-05-2026
1926,Signup,24-05-2026
1926,KYC Verification,25-05-2026
1926,First Transaction,30-05-2026
1927,App Install,18-06-2026
1927,Signup,20-06-2026
1927,KYC Verification,21-06-2026
1927,First Transaction,25-06-2026
1928,App Install,03-07-2026
1929,App Install,09-03-2026
1929,Signup,09-03-2026
1929,KYC Verification,12-03-2026
1930,App Install,24-04-2026
1931,App Install,30-06-2026
1931,Signup,01-07-2026
1931,KYC Verification,02-07-2026
1931,First Transaction,04-07-2026
1931,Loan Application,15-07-2026
1932,App Install,26-03-2026
1932,Signup,26-03-2026
1932,KYC Verification,29-03-2026
1932,First Transaction,01-04-2026
1933,App Install,20-06-2026
1933,Signup,21-06-2026
1933,KYC Verification,22-06-2026
1933,First Transaction,23-06-2026
1934,App Install,12-07-2026
1934,Signup,14-07-2026
1934,KYC Verification,16-07-2026
1934,First Transaction,20-07-2026
1935,App Install,21-04-2026
1936,App Install,03-06-2026
1937,App Install,16-05-2026
1937,Signup,16-05-2026
1938,App Install,15-04-2026
1938,Signup,15-04-2026
1939,App Install,29-07-2026
1940,App Install,22-07-2026
1940,Signup,24-07-2026
1940,KYC Verification,25-07-2026
1940,First Transaction,28-07-2026
1940,Loan Application,29-07-2026
1941,App Install,18-05-2026
1941,Signup,19-05-2026
1942,App Install,19-07-2026
1942,Signup,21-07-2026
1943,App Install,14-06-2026
1943,Signup,16-06-2026
1943,KYC Verification,19-06-2026
1944,App Install,19-03-2026
1944,Signup,21-03-2026
1944,KYC Verification,22-03-2026
1944,First Transaction,25-03-2026
1945,App Install,19-05-2026
1945,Signup,19-05-2026
1945,KYC Verification,20-05-2026
1945,First Transaction,21-05-2026
1946,App Install,12-04-2026
1946,Signup,14-04-2026
1946,KYC Verification,16-04-2026
1946,First Transaction,17-04-2026
1946,Loan Application,01-05-2026
1946,Loan Approved,06-05-2026
1947,App Install,12-06-2026
1948,App Install,02-06-2026
1949,App Install,29-05-2026
1949,Signup,29-05-2026
1949,KYC Verification,30-05-2026
1950,App Install,22-06-2026
1950,Signup,23-06-2026
1951,App Install,11-07-2026
1951,Signup,12-07-2026
1951,KYC Verification,12-07-2026
1951,First Transaction,17-07-2026
1951,Loan Application,18-07-2026
1951,Loan Approved,23-07-2026
1952,App Install,27-04-2026
1952,Signup,29-04-2026
1953,App Install,31-07-2026
1954,App Install,27-07-2026
1954,Signup,28-07-2026
1954,KYC Verification,30-07-2026
1955,App Install,19-06-2026
1955,Signup,21-06-2026
1956,App Install,12-05-2026
1956,Signup,13-05-2026
1956,KYC Verification,15-05-2026
1957,App Install,18-05-2026
1957,Signup,19-05-2026
1957,KYC Verification,20-05-2026
1957,First Transaction,24-05-2026
1958,App Install,16-03-2026
1958,Signup,17-03-2026
1958,KYC Verification,18-03-2026
1958,First Transaction,20-03-2026
1959,App Install,27-03-2026
1959,Signup,28-03-2026
1959,KYC Verification,30-03-2026
1959,First Transaction,02-04-2026
1960,App Install,31-05-2026
1961,App Install,31-03-2026
1961,Signup,31-03-2026
1961,KYC Verification,01-04-2026
1961,First Transaction,06-04-2026
1962,App Install,04-03-2026
1962,Signup,04-03-2026
1963,App Install,29-05-2026
1963,Signup,30-05-2026
1963,KYC Verification,31-05-2026
1964,App Install,28-04-2026
1964,Signup,28-04-2026
1964,KYC Verification,30-04-2026
1965,App Install,07-06-2026
1965,Signup,09-06-2026
1966,App Install,13-07-2026
1966,Signup,13-07-2026
1966,KYC Verification,16-07-2026
1967,App Install,27-06-2026
1967,Signup,28-06-2026
1968,App Install,12-06-2026
1968,Signup,14-06-2026
1969,App Install,07-05-2026
1969,Signup,08-05-2026
1969,KYC Verification,09-05-2026
1969,First Transaction,13-05-2026
1970,App Install,12-07-2026
1970,Signup,12-07-2026
1971,App Install,22-07-2026
1971,Signup,22-07-2026
1971,KYC Verification,24-07-2026
1972,App Install,27-07-2026
1972,Signup,28-07-2026
1972,KYC Verification,28-07-2026
1973,App Install,12-06-2026
1973,Signup,13-06-2026
1973,KYC Verification,13-06-2026
1973,First Transaction,17-06-2026
1974,App Install,15-03-2026
1975,App Install,10-05-2026
1975,Signup,11-05-2026
1976,App Install,06-07-2026
1976,Signup,08-07-2026
1976,KYC Verification,10-07-2026
1976,First Transaction,11-07-2026
1976,Loan Application,13-07-2026
1977,App Install,18-05-2026
1977,Signup,19-05-2026
1977,KYC Verification,21-05-2026
1977,First Transaction,26-05-2026
1977,Loan Application,28-05-2026
1977,Loan Approved,30-05-2026
1978,App Install,30-07-2026
1978,Signup,31-07-2026
1979,App Install,30-05-2026
1979,Signup,31-05-2026
1979,KYC Verification,03-06-2026
1980,App Install,10-03-2026
1980,Signup,11-03-2026
1980,KYC Verification,12-03-2026
1980,First Transaction,16-03-2026
1981,App Install,24-03-2026
1981,Signup,26-03-2026
1982,App Install,16-04-2026
1983,App Install,02-06-2026
1983,Signup,03-06-2026
1983,KYC Verification,04-06-2026
1983,First Transaction,05-06-2026
1984,App Install,06-06-2026
1984,Signup,08-06-2026
1984,KYC Verification,09-06-2026
1984,First Transaction,10-06-2026
1984,Loan Application,17-06-2026
1984,Loan Approved,23-06-2026
1985,App Install,09-06-2026
1985,Signup,09-06-2026
1985,KYC Verification,10-06-2026
1985,First Transaction,13-06-2026
1985,Loan Application,27-06-2026
1985,Loan Approved,29-06-2026
1986,App Install,14-05-2026
1986,Signup,16-05-2026
1987,App Install,11-04-2026
1988,App Install,31-07-2026
1989,App Install,03-04-2026
1989,Signup,05-04-2026
1989,KYC Verification,07-04-2026
1989,First Transaction,12-04-2026
1990,App Install,24-06-2026
1991,App Install,07-05-2026
1992,App Install,22-04-2026
1993,App Install,25-07-2026
1994,App Install,08-07-2026
1995,App Install,11-07-2026
1995,Signup,11-07-2026
1996,App Install,26-06-2026
1996,Signup,27-06-2026
1996,KYC Verification,28-06-2026
1996,First Transaction,02-07-2026
1997,App Install,01-05-2026
1997,Signup,03-05-2026
1998,App Install,01-07-2026
1998,Signup,02-07-2026
1998,KYC Verification,03-07-2026
1998,First Transaction,07-07-2026
1999,App Install,01-05-2026
2000,App Install,17-05-2026
2000,Signup,18-05-2026
2000,KYC Verification,19-05-2026
2000,First Transaction,23-05-2026
2000,Loan Application,29-05-2026
2000,Loan Approved,01-06-2026
2001,App Install,07-03-2026
2001,Signup,07-03-2026
2001,KYC Verification,10-03-2026
2001,First Transaction,13-03-2026
2002,App Install,01-07-2026
2003,App Install,01-05-2026
2003,Signup,02-05-2026
2003,KYC Verification,03-05-2026
2004,App Install,02-05-2026
2004,Signup,03-05-2026
2005,App Install,09-07-2026
2005,Signup,10-07-2026
2006,App Install,01-03-2026
2007,App Install,25-06-2026
2008,App Install,09-05-2026
2008,Signup,11-05-2026
2008,KYC Verification,13-05-2026
2008,First Transaction,18-05-2026
2009,App Install,29-04-2026
2009,Signup,29-04-2026
2009,KYC Verification,01-05-2026
2010,App Install,10-03-2026
2010,Signup,12-03-2026
2011,App Install,27-07-2026
2011,Signup,27-07-2026
2012,App Install,23-07-2026
2012,Signup,25-07-2026
2013,App Install,12-06-2026
2013,Signup,13-06-2026
2014,App Install,14-03-2026
2014,Signup,15-03-2026
2014,KYC Verification,15-03-2026
2014,First Transaction,17-03-2026
2014,Loan Application,24-03-2026
2015,App Install,31-03-2026
2015,Signup,31-03-2026
2016,App Install,18-07-2026
2016,Signup,20-07-2026
2017,App Install,16-03-2026
2017,Signup,18-03-2026
2017,KYC Verification,20-03-2026
2017,First Transaction,23-03-2026
2017,Loan Application,24-03-2026
2017,Loan Approved,25-03-2026
2018,App Install,11-03-2026
2018,Signup,12-03-2026
2018,KYC Verification,14-03-2026
2018,First Transaction,19-03-2026
2019,App Install,06-03-2026
2020,App Install,14-07-2026
2020,Signup,15-07-2026
2020,KYC Verification,16-07-2026
2021,App Install,01-03-2026
2021,Signup,02-03-2026
2021,KYC Verification,03-03-2026
2021,First Transaction,05-03-2026
2022,App Install,06-05-2026
2023,App Install,21-03-2026
2023,Signup,22-03-2026
2023,KYC Verification,23-03-2026
2023,First Transaction,25-03-2026
2023,Loan Application,31-03-2026
2024,App Install,24-06-2026
2025,App Install,18-05-2026
2025,Signup,18-05-2026
2025,KYC Verification,20-05-2026
2025,First Transaction,25-05-2026
2025,Loan Application,05-06-2026
2025,Loan Approved,07-06-2026
2026,App Install,08-03-2026
2026,Signup,10-03-2026
2026,KYC Verification,12-03-2026
2027,App Install,28-04-2026
2028,App Install,20-06-2026
2028,Signup,21-06-2026
2028,KYC Verification,23-06-2026
2028,First Transaction,25-06-2026
2028,Loan Application,05-07-2026
2028,Loan Approved,08-07-2026
2029,App Install,12-05-2026
2029,Signup,14-05-2026
2029,KYC Verification,16-05-2026
2029,First Transaction,18-05-2026
2029,Loan Application,27-05-2026
2029,Loan Approved,30-05-2026
2030,App Install,07-05-2026
2030,Signup,08-05-2026
2030,KYC Verification,11-05-2026
2031,App Install,17-05-2026
2032,App Install,14-06-2026
2032,Signup,16-06-2026
2032,KYC Verification,18-06-2026
2032,First Transaction,21-06-2026
2033,App Install,15-07-2026
2033,Signup,16-07-2026
2033,KYC Verification,17-07-2026
2033,First Transaction,21-07-2026
2033,Loan Application,29-07-2026
2033,Loan Approved,31-07-2026
2034,App Install,08-06-2026
2034,Signup,09-06-2026
2035,App Install,13-04-2026
2035,Signup,15-04-2026
2035,KYC Verification,17-04-2026
2035,First Transaction,20-04-2026
2036,App Install,16-07-2026
2036,Signup,17-07-2026
2036,KYC Verification,17-07-2026
2037,App Install,15-06-2026
2037,Signup,17-06-2026
2038,App Install,02-03-2026
2038,Signup,03-03-2026
2039,App Install,12-04-2026
2039,Signup,12-04-2026
2039,KYC Verification,12-04-2026
2040,App Install,08-05-2026
2040,Signup,10-05-2026
2040,KYC Verification,11-05-2026
2041,App Install,05-03-2026
2041,Signup,07-03-2026
2041,KYC Verification,07-03-2026
2042,App Install,26-05-2026
2042,Signup,28-05-2026
2042,KYC Verification,30-05-2026
2042,First Transaction,31-05-2026
2043,App Install,13-05-2026
2044,App Install,02-04-2026
2044,Signup,04-04-2026
2045,App Install,09-06-2026
2045,Signup,10-06-2026
2045,KYC Verification,11-06-2026
2046,App Install,16-07-2026
2046,Signup,18-07-2026
2046,KYC Verification,18-07-2026
2046,First Transaction,22-07-2026
2046,Loan Application,02-08-2026
2046,Loan Approved,08-08-2026
2047,App Install,28-05-2026
2047,Signup,29-05-2026
2048,App Install,13-07-2026
2048,Signup,14-07-2026
2049,App Install,04-04-2026
2049,Signup,06-04-2026
2050,App Install,11-04-2026
2050,Signup,11-04-2026
2051,App Install,21-06-2026
2052,App Install,04-05-2026
2052,Signup,06-05-2026
2052,KYC Verification,09-05-2026
2052,First Transaction,14-05-2026
2053,App Install,08-03-2026
2053,Signup,08-03-2026
2053,KYC Verification,10-03-2026
2053,First Transaction,13-03-2026
2054,App Install,29-05-2026
2055,App Install,23-05-2026
2055,Signup,24-05-2026
2055,KYC Verification,26-05-2026
2055,First Transaction,27-05-2026
2056,App Install,27-06-2026
2056,Signup,27-06-2026
2056,KYC Verification,27-06-2026
2056,First Transaction,01-07-2026
2056,Loan Application,12-07-2026
2057,App Install,12-06-2026
2057,Signup,14-06-2026
2058,App Install,12-03-2026
2058,Signup,14-03-2026
2058,KYC Verification,16-03-2026
2058,First Transaction,17-03-2026
2059,App Install,20-04-2026
2059,Signup,21-04-2026
2059,KYC Verification,23-04-2026
2059,First Transaction,25-04-2026
2059,Loan Application,01-05-2026
2060,App Install,12-06-2026
2060,Signup,14-06-2026
2061,App Install,22-05-2026
2062,App Install,11-04-2026
2062,Signup,11-04-2026
2062,KYC Verification,13-04-2026
2062,First Transaction,17-04-2026
2062,Loan Application,19-04-2026
2062,Loan Approved,26-04-2026
2063,App Install,09-05-2026
2063,Signup,09-05-2026
2063,KYC Verification,11-05-2026
2063,First Transaction,13-05-2026
2063,Loan Application,23-05-2026
2063,Loan Approved,26-05-2026
2064,App Install,22-05-2026
2064,Signup,23-05-2026
2065,App Install,01-03-2026
2065,Signup,03-03-2026
2065,KYC Verification,04-03-2026
2066,App Install,19-04-2026
2066,Signup,20-04-2026
2066,KYC Verification,21-04-2026
2066,First Transaction,23-04-2026
2067,App Install,17-04-2026
2068,App Install,12-07-2026
2068,Signup,14-07-2026
2069,App Install,27-05-2026
2069,Signup,29-05-2026
2070,App Install,09-07-2026
2070,Signup,10-07-2026
2070,KYC Verification,11-07-2026
2071,App Install,28-06-2026
2071,Signup,29-06-2026
2071,KYC Verification,29-06-2026
2071,First Transaction,01-07-2026
2072,App Install,03-06-2026
2072,Signup,04-06-2026
2073,App Install,13-03-2026
2073,Signup,14-03-2026
2073,KYC Verification,15-03-2026
2073,First Transaction,18-03-2026
2073,Loan Application,23-03-2026
2074,App Install,25-05-2026
2074,Signup,27-05-2026
2075,App Install,14-05-2026
2075,Signup,15-05-2026
2075,KYC Verification,16-05-2026
2075,First Transaction,17-05-2026
2076,App Install,14-03-2026
2077,App Install,15-05-2026
2077,Signup,15-05-2026
2077,KYC Verification,17-05-2026
2077,First Transaction,21-05-2026
2077,Loan Application,26-05-2026
2077,Loan Approved,27-05-2026
2078,App Install,07-05-2026
2078,Signup,08-05-2026
2078,KYC Verification,08-05-2026
2078,First Transaction,09-05-2026
2078,Loan Application,12-05-2026
2079,App Install,03-03-2026
2079,Signup,05-03-2026
2080,App Install,28-04-2026
2080,Signup,28-04-2026
2080,KYC Verification,29-04-2026
2081,App Install,20-03-2026
2081,Signup,21-03-2026
2081,KYC Verification,23-03-2026
2081,First Transaction,25-03-2026
2081,Loan Application,31-03-2026
2082,App Install,11-07-2026
2082,Signup,12-07-2026
2082,KYC Verification,12-07-2026
2082,First Transaction,13-07-2026
2083,App Install,25-06-2026
2083,Signup,27-06-2026
2083,KYC Verification,28-06-2026
2084,App Install,15-03-2026
2084,Signup,16-03-2026
2085,App Install,09-06-2026
2085,Signup,10-06-2026
2085,KYC Verification,12-06-2026
2085,First Transaction,17-06-2026
2086,App Install,15-05-2026
2087,App Install,06-05-2026
2087,Signup,07-05-2026
2087,KYC Verification,07-05-2026
2087,First Transaction,12-05-2026
2088,App Install,31-03-2026
2088,Signup,01-04-2026
2088,KYC Verification,01-04-2026
2088,First Transaction,05-04-2026
2089,App Install,23-05-2026
2090,App Install,12-05-2026
2090,Signup,12-05-2026
2090,KYC Verification,15-05-2026
2090,First Transaction,16-05-2026
2091,App Install,30-03-2026
2091,Signup,01-04-2026
2091,KYC Verification,03-04-2026
2091,First Transaction,06-04-2026
2092,App Install,14-06-2026
2092,Signup,16-06-2026
2092,KYC Verification,16-06-2026
2092,First Transaction,21-06-2026
2092,Loan Application,30-06-2026
2092,Loan Approved,04-07-2026
2093,App Install,17-05-2026
2093,Signup,19-05-2026
2094,App Install,04-03-2026
2094,Signup,05-03-2026
2094,KYC Verification,08-03-2026
2094,First Transaction,11-03-2026
2094,Loan Application,15-03-2026
2094,Loan Approved,21-03-2026
2095,App Install,20-07-2026
2096,App Install,16-05-2026
2096,Signup,16-05-2026
2097,App Install,20-03-2026
2097,Signup,21-03-2026
2097,KYC Verification,21-03-2026
2097,First Transaction,26-03-2026
2098,App Install,06-07-2026
2098,Signup,07-07-2026
2099,App Install,15-03-2026
2099,Signup,16-03-2026
2099,KYC Verification,18-03-2026
2099,First Transaction,19-03-2026
2100,App Install,10-05-2026
2101,App Install,01-05-2026
2101,Signup,02-05-2026
2101,KYC Verification,05-05-2026
2101,First Transaction,09-05-2026
2102,App Install,02-04-2026
2102,Signup,04-04-2026
2103,App Install,01-07-2026
2103,Signup,02-07-2026
2103,KYC Verification,04-07-2026
2103,First Transaction,07-07-2026
2103,Loan Application,20-07-2026
2103,Loan Approved,26-07-2026
2104,App Install,21-06-2026
2104,Signup,21-06-2026
2104,KYC Verification,23-06-2026
2104,First Transaction,25-06-2026
2105,App Install,11-07-2026
2105,Signup,12-07-2026
2106,App Install,09-05-2026
2107,App Install,16-07-2026
2107,Signup,17-07-2026
2107,KYC Verification,19-07-2026
2107,First Transaction,24-07-2026
2108,App Install,27-03-2026
2108,Signup,28-03-2026
2108,KYC Verification,31-03-2026
2108,First Transaction,05-04-2026
2108,Loan Application,12-04-2026
2108,Loan Approved,16-04-2026
2109,App Install,01-07-2026
2109,Signup,03-07-2026
2109,KYC Verification,04-07-2026
2109,First Transaction,08-07-2026
2110,App Install,11-07-2026
2110,Signup,13-07-2026
2110,KYC Verification,15-07-2026
2110,First Transaction,17-07-2026
2110,Loan Application,23-07-2026
2111,App Install,25-03-2026
2111,Signup,25-03-2026
2111,KYC Verification,26-03-2026
2112,App Install,22-05-2026
2112,Signup,23-05-2026
2112,KYC Verification,23-05-2026
2112,First Transaction,24-05-2026
2112,Loan Application,27-05-2026
2112,Loan Approved,30-05-2026
2113,App Install,17-04-2026
2113,Signup,17-04-2026
2114,App Install,14-06-2026
2114,Signup,16-06-2026
2114,KYC Verification,16-06-2026
2114,First Transaction,17-06-2026
2114,Loan Application,01-07-2026
2115,App Install,26-07-2026
2115,Signup,28-07-2026
2115,KYC Verification,28-07-2026
2115,First Transaction,29-07-2026
2115,Loan Application,01-08-2026
2116,App Install,29-05-2026
2116,Signup,30-05-2026
2116,KYC Verification,02-06-2026
2117,App Install,24-04-2026
2117,Signup,25-04-2026
2117,KYC Verification,26-04-2026
2117,First Transaction,27-04-2026
2117,Loan Application,03-05-2026
2117,Loan Approved,06-05-2026
2118,App Install,25-07-2026
2118,Signup,26-07-2026
2119,App Install,15-06-2026
2119,Signup,15-06-2026
2119,KYC Verification,17-06-2026
2119,First Transaction,19-06-2026
2120,App Install,19-06-2026
2121,App Install,16-05-2026
2121,Signup,17-05-2026
2121,KYC Verification,20-05-2026
2122,App Install,30-04-2026
2122,Signup,02-05-2026
2122,KYC Verification,04-05-2026
2122,First Transaction,08-05-2026
2123,App Install,17-07-2026
2123,Signup,19-07-2026
2123,KYC Verification,22-07-2026
2123,First Transaction,26-07-2026
2123,Loan Application,03-08-2026
2123,Loan Approved,10-08-2026
2124,App Install,20-07-2026
2125,App Install,10-05-2026
2125,Signup,12-05-2026
2125,KYC Verification,12-05-2026
2125,First Transaction,16-05-2026
2125,Loan Application,17-05-2026
2125,Loan Approved,20-05-2026
2126,App Install,09-05-2026
2126,Signup,09-05-2026
2127,App Install,01-08-2026
2128,App Install,03-04-2026
2128,Signup,04-04-2026
2129,App Install,26-03-2026
2129,Signup,27-03-2026
2129,KYC Verification,28-03-2026
2129,First Transaction,02-04-2026
2129,Loan Application,10-04-2026
2129,Loan Approved,15-04-2026
2130,App Install,13-05-2026
2131,App Install,26-06-2026
2131,Signup,28-06-2026
2132,App Install,06-04-2026
2132,Signup,07-04-2026
2133,App Install,04-06-2026
2133,Signup,04-06-2026
2134,App Install,04-04-2026
2135,App Install,23-07-2026
2135,Signup,25-07-2026
2135,KYC Verification,28-07-2026
2136,App Install,14-05-2026
2136,Signup,16-05-2026
2136,KYC Verification,18-05-2026
2136,First Transaction,20-05-2026
2136,Loan Application,27-05-2026
2136,Loan Approved,28-05-2026
2137,App Install,30-04-2026
2138,App Install,29-04-2026
2138,Signup,29-04-2026
2138,KYC Verification,01-05-2026
2138,First Transaction,06-05-2026
2139,App Install,03-03-2026
2139,Signup,03-03-2026
2139,KYC Verification,04-03-2026
2140,App Install,09-04-2026
2140,Signup,11-04-2026
2140,KYC Verification,12-04-2026
2140,First Transaction,14-04-2026
2141,App Install,30-04-2026
2141,Signup,02-05-2026
2141,KYC Verification,04-05-2026
2141,First Transaction,09-05-2026
2141,Loan Application,16-05-2026
2141,Loan Approved,23-05-2026
2142,App Install,03-07-2026
2142,Signup,04-07-2026
2142,KYC Verification,06-07-2026
2142,First Transaction,09-07-2026
2143,App Install,06-07-2026
2143,Signup,08-07-2026
2143,KYC Verification,09-07-2026
2143,First Transaction,13-07-2026
2143,Loan Application,16-07-2026
2144,App Install,11-03-2026
2144,Signup,12-03-2026
2144,KYC Verification,12-03-2026
2145,App Install,30-03-2026
2146,App Install,10-06-2026
2146,Signup,11-06-2026
2146,KYC Verification,11-06-2026
2146,First Transaction,13-06-2026
2146,Loan Application,23-06-2026
2146,Loan Approved,27-06-2026
2147,App Install,26-05-2026
2147,Signup,27-05-2026
2147,KYC Verification,28-05-2026
2147,First Transaction,30-05-2026
2147,Loan Application,02-06-2026
2147,Loan Approved,06-06-2026
2148,App Install,09-03-2026
2148,Signup,10-03-2026
2149,App Install,10-06-2026
2149,Signup,11-06-2026
2149,KYC Verification,14-06-2026
2149,First Transaction,18-06-2026
2150,App Install,06-06-2026
2150,Signup,07-06-2026
2151,App Install,12-04-2026
2151,Signup,14-04-2026
2152,App Install,15-04-2026
2152,Signup,16-04-2026
2153,App Install,23-03-2026
2153,Signup,25-03-2026
2153,KYC Verification,26-03-2026
2154,App Install,06-06-2026
2154,Signup,08-06-2026
2155,App Install,24-06-2026
2155,Signup,25-06-2026
2155,KYC Verification,28-06-2026
2155,First Transaction,30-06-2026
2156,App Install,03-05-2026
2157,App Install,08-03-2026
2157,Signup,10-03-2026
2157,KYC Verification,11-03-2026
2157,First Transaction,12-03-2026
2158,App Install,15-04-2026
2159,App Install,21-05-2026
2159,Signup,22-05-2026
2159,KYC Verification,23-05-2026
2159,First Transaction,25-05-2026
2160,App Install,27-05-2026
2160,Signup,28-05-2026
2161,App Install,14-03-2026
2162,App Install,17-03-2026
2162,Signup,19-03-2026
2163,App Install,09-04-2026
2163,Signup,10-04-2026
2163,KYC Verification,11-04-2026
2163,First Transaction,15-04-2026
2164,App Install,17-07-2026
2165,App Install,30-06-2026
2165,Signup,01-07-2026
2165,KYC Verification,02-07-2026
2165,First Transaction,04-07-2026
2166,App Install,29-05-2026
2166,Signup,29-05-2026
2167,App Install,27-05-2026
2168,App Install,31-03-2026
2168,Signup,02-04-2026
2169,App Install,09-05-2026
2169,Signup,11-05-2026
2169,KYC Verification,12-05-2026
2169,First Transaction,13-05-2026
2169,Loan Application,25-05-2026
2169,Loan Approved,26-05-2026
2170,App Install,20-04-2026
2170,Signup,20-04-2026
2171,App Install,29-04-2026
2172,App Install,02-04-2026
2172,Signup,03-04-2026
2172,KYC Verification,05-04-2026
2173,App Install,31-05-2026
2173,Signup,02-06-2026
2173,KYC Verification,03-06-2026
2174,App Install,27-06-2026
2175,App Install,31-07-2026
2175,Signup,01-08-2026
2176,App Install,30-04-2026
2176,Signup,02-05-2026
2176,KYC Verification,02-05-2026
2176,First Transaction,05-05-2026
2177,App Install,05-07-2026
2177,Signup,05-07-2026
2178,App Install,13-03-2026
2179,App Install,22-05-2026
2179,Signup,22-05-2026
2179,KYC Verification,24-05-2026
2179,First Transaction,27-05-2026
2180,App Install,23-03-2026
2180,Signup,23-03-2026
2180,KYC Verification,25-03-2026
2180,First Transaction,26-03-2026
2180,Loan Application,31-03-2026
2181,App Install,15-06-2026
2181,Signup,15-06-2026
2181,KYC Verification,17-06-2026
2181,First Transaction,18-06-2026
2182,App Install,31-03-2026
2182,Signup,02-04-2026
2183,App Install,27-06-2026
2183,Signup,28-06-2026
2183,KYC Verification,28-06-2026
2183,First Transaction,29-06-2026
2183,Loan Application,13-07-2026
2183,Loan Approved,18-07-2026
2184,App Install,09-05-2026
2185,App Install,17-04-2026
2185,Signup,19-04-2026
2186,App Install,26-07-2026
2187,App Install,27-04-2026
2187,Signup,28-04-2026
2187,KYC Verification,30-04-2026
2188,App Install,19-05-2026
2188,Signup,20-05-2026
2189,App Install,25-07-2026
2189,Signup,25-07-2026
2189,KYC Verification,27-07-2026
2189,First Transaction,28-07-2026
2189,Loan Application,05-08-2026
2189,Loan Approved,12-08-2026
2190,App Install,09-04-2026
2190,Signup,09-04-2026
2191,App Install,10-06-2026
2191,Signup,10-06-2026
2191,KYC Verification,11-06-2026
2191,First Transaction,14-06-2026
2192,App Install,14-05-2026
2192,Signup,15-05-2026
2193,App Install,20-05-2026
2193,Signup,21-05-2026
2193,KYC Verification,24-05-2026
2193,First Transaction,26-05-2026
2194,App Install,06-04-2026
2194,Signup,08-04-2026
2194,KYC Verification,08-04-2026
2194,First Transaction,10-04-2026
2194,Loan Application,13-04-2026
2194,Loan Approved,20-04-2026
2195,App Install,10-05-2026
2195,Signup,12-05-2026
2195,KYC Verification,14-05-2026
2195,First Transaction,16-05-2026
2195,Loan Application,30-05-2026
2195,Loan Approved,04-06-2026
2196,App Install,17-05-2026
2196,Signup,18-05-2026
2196,KYC Verification,19-05-2026
2196,First Transaction,23-05-2026
2196,Loan Application,30-05-2026
2197,App Install,07-05-2026
2197,Signup,09-05-2026
2197,KYC Verification,09-05-2026
2197,First Transaction,12-05-2026
2197,Loan Application,23-05-2026
2197,Loan Approved,26-05-2026
2198,App Install,22-06-2026
2199,App Install,24-03-2026
2199,Signup,24-03-2026
2199,KYC Verification,26-03-2026
2199,First Transaction,28-03-2026
2200,App Install,06-03-2026
2200,Signup,08-03-2026
2200,KYC Verification,08-03-2026
2200,First Transaction,10-03-2026
2201,App Install,02-05-2026
2201,Signup,04-05-2026
2201,KYC Verification,04-05-2026
2201,First Transaction,09-05-2026
2201,Loan Application,22-05-2026
2202,App Install,09-07-2026
2202,Signup,11-07-2026
2202,KYC Verification,14-07-2026
2202,First Transaction,16-07-2026
2203,App Install,10-07-2026
2203,Signup,11-07-2026
2203,KYC Verification,14-07-2026
2203,First Transaction,15-07-2026
2204,App Install,12-03-2026
2204,Signup,13-03-2026
2205,App Install,25-05-2026
2205,Signup,27-05-2026
2205,KYC Verification,29-05-2026
2205,First Transaction,01-06-2026
2206,App Install,26-07-2026
2206,Signup,28-07-2026
2206,KYC Verification,29-07-2026
2206,First Transaction,30-07-2026
2206,Loan Application,04-08-2026
2206,Loan Approved,09-08-2026
2207,App Install,09-07-2026
2208,App Install,31-07-2026
2208,Signup,01-08-2026
2208,KYC Verification,02-08-2026
2208,First Transaction,03-08-2026
2208,Loan Application,08-08-2026
2209,App Install,23-05-2026
2210,App Install,03-07-2026
2210,Signup,04-07-2026
2211,App Install,22-03-2026
2211,Signup,23-03-2026
2211,KYC Verification,24-03-2026
2212,App Install,10-05-2026
2212,Signup,11-05-2026
2212,KYC Verification,12-05-2026
2213,App Install,25-03-2026
2213,Signup,26-03-2026
2213,KYC Verification,28-03-2026
2213,First Transaction,02-04-2026
2214,App Install,06-07-2026
2214,Signup,07-07-2026
2215,App Install,26-03-2026
2215,Signup,28-03-2026
2215,KYC Verification,28-03-2026
2216,App Install,18-05-2026
2216,Signup,19-05-2026
2217,App Install,11-05-2026
2217,Signup,12-05-2026
2217,KYC Verification,12-05-2026
2217,First Transaction,17-05-2026
2218,App Install,21-06-2026
2218,Signup,23-06-2026
2219,App Install,30-04-2026
2219,Signup,02-05-2026
2220,App Install,22-04-2026
2220,Signup,23-04-2026
2220,KYC Verification,25-04-2026
2220,First Transaction,26-04-2026
2220,Loan Application,04-05-2026
2220,Loan Approved,09-05-2026
2221,App Install,12-05-2026
2222,App Install,17-06-2026
2222,Signup,19-06-2026
2223,App Install,01-06-2026
2223,Signup,02-06-2026
2224,App Install,18-03-2026
2224,Signup,18-03-2026
2224,KYC Verification,20-03-2026
2224,First Transaction,25-03-2026
2225,App Install,07-07-2026
2226,App Install,04-06-2026
2226,Signup,06-06-2026
2226,KYC Verification,09-06-2026
2226,First Transaction,12-06-2026
2227,App Install,12-07-2026
2227,Signup,14-07-2026
2228,App Install,28-03-2026
2229,App Install,12-05-2026
2229,Signup,14-05-2026
2230,App Install,16-04-2026
2230,Signup,16-04-2026
2230,KYC Verification,17-04-2026
2230,First Transaction,18-04-2026
2230,Loan Application,23-04-2026
2231,App Install,09-03-2026
2232,App Install,14-06-2026
2232,Signup,16-06-2026
2232,KYC Verification,17-06-2026
2232,First Transaction,18-06-2026
2233,App Install,15-03-2026
2233,Signup,15-03-2026
2233,KYC Verification,17-03-2026
2233,First Transaction,18-03-2026
2234,App Install,05-06-2026
2234,Signup,06-06-2026
2235,App Install,08-04-2026
2235,Signup,09-04-2026
2235,KYC Verification,10-04-2026
2236,App Install,23-05-2026
2237,App Install,01-03-2026
2237,Signup,01-03-2026
2237,KYC Verification,02-03-2026
2237,First Transaction,04-03-2026
2238,App Install,15-04-2026
2238,Signup,17-04-2026
2238,KYC Verification,18-04-2026
2238,First Transaction,19-04-2026
2239,App Install,16-05-2026
2239,Signup,17-05-2026
2240,App Install,25-04-2026
2240,Signup,25-04-2026
2240,KYC Verification,27-04-2026
2240,First Transaction,30-04-2026
2240,Loan Application,12-05-2026
2240,Loan Approved,15-05-2026
2241,App Install,25-04-2026
2242,App Install,29-05-2026
2242,Signup,30-05-2026
2243,App Install,10-06-2026
2243,Signup,10-06-2026
2244,App Install,29-03-2026
2244,Signup,31-03-2026
2245,App Install,26-06-2026
2245,Signup,26-06-2026
2246,App Install,26-03-2026
2246,Signup,26-03-2026
2247,App Install,14-06-2026
2247,Signup,16-06-2026
2247,KYC Verification,19-06-2026
2247,First Transaction,22-06-2026
2248,App Install,23-07-2026
2249,App Install,28-05-2026
2249,Signup,30-05-2026
2250,App Install,07-06-2026
2251,App Install,24-07-2026
2252,App Install,28-05-2026
2253,App Install,11-06-2026
2253,Signup,12-06-2026
2253,KYC Verification,13-06-2026
2253,First Transaction,16-06-2026
2253,Loan Application,22-06-2026
2254,App Install,26-05-2026
2254,Signup,27-05-2026
2254,KYC Verification,28-05-2026
2255,App Install,24-05-2026
2255,Signup,25-05-2026
2255,KYC Verification,28-05-2026
2256,App Install,05-04-2026
2256,Signup,06-04-2026
2257,App Install,19-05-2026
2257,Signup,21-05-2026
2258,App Install,21-06-2026
2259,App Install,09-07-2026
2259,Signup,10-07-2026
2259,KYC Verification,11-07-2026
2259,First Transaction,15-07-2026
2260,App Install,26-03-2026
2260,Signup,27-03-2026
2260,KYC Verification,28-03-2026
2261,App Install,07-04-2026
2261,Signup,07-04-2026
2261,KYC Verification,10-04-2026
2261,First Transaction,12-04-2026
2261,Loan Application,25-04-2026
2262,App Install,30-07-2026
2262,Signup,31-07-2026
2262,KYC Verification,01-08-2026
2262,First Transaction,06-08-2026
2262,Loan Application,16-08-2026
2262,Loan Approved,18-08-2026
2263,App Install,28-06-2026
2263,Signup,30-06-2026
2263,KYC Verification,03-07-2026
2263,First Transaction,08-07-2026
2263,Loan Application,16-07-2026
2263,Loan Approved,19-07-2026
2264,App Install,03-07-2026
2264,Signup,04-07-2026
2264,KYC Verification,06-07-2026
2265,App Install,03-06-2026
2265,Signup,04-06-2026
2266,App Install,01-04-2026
2266,Signup,01-04-2026
2266,KYC Verification,02-04-2026
2266,First Transaction,06-04-2026
2266,Loan Application,16-04-2026
2266,Loan Approved,22-04-2026
2267,App Install,15-03-2026
2268,App Install,04-06-2026
2268,Signup,05-06-2026
2268,KYC Verification,08-06-2026
2268,First Transaction,12-06-2026
2269,App Install,03-06-2026
2270,App Install,16-06-2026
2270,Signup,17-06-2026
2271,App Install,21-04-2026
2271,Signup,22-04-2026
2272,App Install,10-06-2026
2273,App Install,30-06-2026
2274,App Install,29-05-2026
2275,App Install,27-07-2026
2275,Signup,28-07-2026
2276,App Install,27-04-2026
2276,Signup,28-04-2026
2276,KYC Verification,01-05-2026
2277,App Install,05-04-2026
2277,Signup,06-04-2026
2278,App Install,14-03-2026
2278,Signup,15-03-2026
2278,KYC Verification,17-03-2026
2278,First Transaction,21-03-2026
2278,Loan Application,02-04-2026
2279,App Install,02-05-2026
2279,Signup,02-05-2026
2279,KYC Verification,04-05-2026
2279,First Transaction,05-05-2026
2279,Loan Application,18-05-2026
2279,Loan Approved,20-05-2026
2280,App Install,29-06-2026
2281,App Install,15-04-2026
2281,Signup,15-04-2026
2281,KYC Verification,18-04-2026
2282,App Install,09-06-2026
2282,Signup,10-06-2026
2282,KYC Verification,10-06-2026
2283,App Install,26-07-2026
2283,Signup,27-07-2026
2284,App Install,02-04-2026
2285,App Install,18-05-2026
2285,Signup,19-05-2026
2286,App Install,01-08-2026
2286,Signup,03-08-2026
2286,KYC Verification,04-08-2026
2287,App Install,29-06-2026
2287,Signup,01-07-2026
2288,App Install,26-04-2026
2288,Signup,27-04-2026
2289,App Install,18-06-2026
2289,Signup,19-06-2026
2289,KYC Verification,22-06-2026
2289,First Transaction,23-06-2026
2289,Loan Application,26-06-2026
2289,Loan Approved,01-07-2026
2290,App Install,21-04-2026
2290,Signup,23-04-2026
2290,KYC Verification,25-04-2026
2291,App Install,01-07-2026
2292,App Install,05-06-2026
2292,Signup,07-06-2026
2292,KYC Verification,08-06-2026
2293,App Install,16-07-2026
2294,App Install,15-07-2026
2295,App Install,07-07-2026
2296,App Install,11-05-2026
2296,Signup,11-05-2026
2297,App Install,29-06-2026
2297,Signup,30-06-2026
2298,App Install,13-07-2026
2298,Signup,14-07-2026
2298,KYC Verification,17-07-2026
2298,First Transaction,22-07-2026
2298,Loan Application,03-08-2026
2299,App Install,03-07-2026
2299,Signup,04-07-2026
2300,App Install,18-06-2026
2301,App Install,01-05-2026
2302,App Install,16-03-2026
2303,App Install,23-07-2026
2304,App Install,01-05-2026
2304,Signup,03-05-2026
2305,App Install,06-05-2026
2305,Signup,07-05-2026
2305,KYC Verification,08-05-2026
2305,First Transaction,09-05-2026
2306,App Install,01-08-2026
2307,App Install,29-03-2026
2307,Signup,30-03-2026
2307,KYC Verification,01-04-2026
2307,First Transaction,06-04-2026
2308,App Install,20-03-2026
2308,Signup,21-03-2026
2308,KYC Verification,21-03-2026
2308,First Transaction,23-03-2026
2309,App Install,04-06-2026
2309,Signup,05-06-2026
2309,KYC Verification,05-06-2026
2309,First Transaction,09-06-2026
2309,Loan Application,10-06-2026
2310,App Install,15-06-2026
2310,Signup,16-06-2026
2310,KYC Verification,16-06-2026
2311,App Install,28-07-2026
2312,App Install,18-04-2026
2313,App Install,05-03-2026
2313,Signup,06-03-2026
2313,KYC Verification,07-03-2026
2313,First Transaction,10-03-2026
2313,Loan Application,21-03-2026
2314,App Install,23-04-2026
2314,Signup,24-04-2026
2315,App Install,04-06-2026
2316,App Install,25-06-2026
2316,Signup,27-06-2026
2316,KYC Verification,30-06-2026
2316,First Transaction,03-07-2026
2317,App Install,31-07-2026
2317,Signup,01-08-2026
2317,KYC Verification,02-08-2026
2317,First Transaction,06-08-2026
2318,App Install,11-06-2026
2318,Signup,12-06-2026
2318,KYC Verification,14-06-2026
2318,First Transaction,17-06-2026
2319,App Install,25-03-2026
2319,Signup,25-03-2026
2319,KYC Verification,27-03-2026
2319,First Transaction,30-03-2026
2320,App Install,02-07-2026
2320,Signup,04-07-2026
2321,App Install,05-07-2026
2321,Signup,06-07-2026
2321,KYC Verification,08-07-2026
2321,First Transaction,12-07-2026
2321,Loan Application,20-07-2026
2321,Loan Approved,26-07-2026
2322,App Install,23-03-2026
2322,Signup,24-03-2026
2322,KYC Verification,26-03-2026
2322,First Transaction,28-03-2026
2322,Loan Application,03-04-2026
2323,App Install,28-03-2026
2323,Signup,29-03-2026
2324,App Install,23-05-2026
2325,App Install,28-06-2026
2325,Signup,29-06-2026
2326,App Install,31-07-2026
2326,Signup,31-07-2026
2327,App Install,13-03-2026
2327,Signup,15-03-2026
2327,KYC Verification,16-03-2026
2327,First Transaction,18-03-2026
2328,App Install,06-05-2026
2328,Signup,07-05-2026
2329,App Install,23-03-2026
2329,Signup,24-03-2026
2329,KYC Verification,26-03-2026
2329,First Transaction,27-03-2026
2330,App Install,25-07-2026
2330,Signup,26-07-2026
2331,App Install,27-03-2026
2331,Signup,28-03-2026
2331,KYC Verification,30-03-2026
2332,App Install,13-05-2026
2332,Signup,14-05-2026
2332,KYC Verification,17-05-2026
2332,First Transaction,19-05-2026
2333,App Install,19-06-2026
2334,App Install,05-05-2026
2334,Signup,06-05-2026
2334,KYC Verification,08-05-2026
2334,First Transaction,09-05-2026
2334,Loan Application,10-05-2026
2335,App Install,04-04-2026
2335,Signup,06-04-2026
2335,KYC Verification,08-04-2026
2335,First Transaction,10-04-2026
2336,App Install,15-06-2026
2336,Signup,16-06-2026
2336,KYC Verification,18-06-2026
2337,App Install,20-06-2026
2338,App Install,24-05-2026
2338,Signup,26-05-2026
2338,KYC Verification,26-05-2026
2338,First Transaction,31-05-2026
2339,App Install,09-05-2026
2339,Signup,10-05-2026
2340,App Install,20-06-2026
2340,Signup,22-06-2026
2340,KYC Verification,25-06-2026
2341,App Install,02-06-2026
2341,Signup,02-06-2026
2341,KYC Verification,04-06-2026
2341,First Transaction,05-06-2026
2342,App Install,05-05-2026
2342,Signup,05-05-2026
2342,KYC Verification,07-05-2026
2342,First Transaction,08-05-2026
2342,Loan Application,20-05-2026
2343,App Install,16-03-2026
2343,Signup,18-03-2026
2343,KYC Verification,19-03-2026
2344,App Install,25-06-2026
2344,Signup,26-06-2026
2344,KYC Verification,27-06-2026
2345,App Install,12-04-2026
2345,Signup,13-04-2026
2345,KYC Verification,14-04-2026
2346,App Install,06-07-2026
2346,Signup,08-07-2026
2346,KYC Verification,10-07-2026
2347,App Install,07-03-2026
2347,Signup,07-03-2026
2347,KYC Verification,09-03-2026
2347,First Transaction,13-03-2026
2347,Loan Application,26-03-2026
2347,Loan Approved,27-03-2026
2348,App Install,03-05-2026
2348,Signup,04-05-2026
2348,KYC Verification,05-05-2026
2349,App Install,05-05-2026
2350,App Install,26-04-2026
2350,Signup,28-04-2026
2351,App Install,08-05-2026
2351,Signup,09-05-2026
2352,App Install,01-07-2026
2352,Signup,03-07-2026
2353,App Install,25-03-2026
2353,Signup,27-03-2026
2354,App Install,07-07-2026
2354,Signup,09-07-2026
2354,KYC Verification,11-07-2026
2354,First Transaction,12-07-2026
2355,App Install,12-03-2026
2355,Signup,13-03-2026
2355,KYC Verification,14-03-2026
2355,First Transaction,18-03-2026
2356,App Install,22-04-2026
2356,Signup,23-04-2026
2356,KYC Verification,25-04-2026
2356,First Transaction,30-04-2026
2357,App Install,13-06-2026
2357,Signup,14-06-2026
2357,KYC Verification,16-06-2026
2357,First Transaction,20-06-2026
2357,Loan Application,21-06-2026
2358,App Install,23-04-2026
2359,App Install,14-05-2026
2359,Signup,15-05-2026
2359,KYC Verification,16-05-2026
2359,First Transaction,20-05-2026
2360,App Install,07-05-2026
2361,App Install,15-04-2026
2362,App Install,18-06-2026
2362,Signup,19-06-2026
2362,KYC Verification,22-06-2026
2362,First Transaction,25-06-2026
2363,App Install,19-06-2026
2363,Signup,20-06-2026
2363,KYC Verification,21-06-2026
2363,First Transaction,24-06-2026
2364,App Install,31-03-2026
2364,Signup,01-04-2026
2364,KYC Verification,02-04-2026
2364,First Transaction,03-04-2026
2364,Loan Application,10-04-2026
2364,Loan Approved,12-04-2026
2365,App Install,28-06-2026
2365,Signup,30-06-2026
2366,App Install,29-04-2026
2367,App Install,25-04-2026
2367,Signup,27-04-2026
2367,KYC Verification,29-04-2026
2367,First Transaction,30-04-2026
2368,App Install,27-03-2026
2368,Signup,29-03-2026
2368,KYC Verification,29-03-2026
2368,First Transaction,02-04-2026
2369,App Install,05-04-2026
2370,App Install,06-04-2026
2370,Signup,07-04-2026
2370,KYC Verification,08-04-2026
2370,First Transaction,12-04-2026
2371,App Install,26-03-2026
2371,Signup,28-03-2026
2371,KYC Verification,30-03-2026
2371,First Transaction,02-04-2026
2372,App Install,31-03-2026
2372,Signup,01-04-2026
2372,KYC Verification,04-04-2026
2373,App Install,16-07-2026
2374,App Install,03-03-2026
2374,Signup,03-03-2026
2374,KYC Verification,06-03-2026
2374,First Transaction,08-03-2026
2374,Loan Application,22-03-2026
2374,Loan Approved,28-03-2026
2375,App Install,24-06-2026
2375,Signup,26-06-2026
2376,App Install,11-07-2026
2377,App Install,06-06-2026
2377,Signup,07-06-2026
2377,KYC Verification,08-06-2026
2377,First Transaction,12-06-2026
2378,App Install,17-07-2026
2379,App Install,23-05-2026
2379,Signup,24-05-2026
2379,KYC Verification,24-05-2026
2379,First Transaction,28-05-2026
2379,Loan Application,03-06-2026
2379,Loan Approved,07-06-2026
2380,App Install,13-07-2026
2380,Signup,14-07-2026
2381,App Install,18-07-2026
2382,App Install,15-07-2026
2382,Signup,16-07-2026
2383,App Install,15-05-2026
2383,Signup,16-05-2026
2383,KYC Verification,18-05-2026
2384,App Install,10-06-2026
2384,Signup,11-06-2026
2384,KYC Verification,13-06-2026
2384,First Transaction,14-06-2026
2384,Loan Application,28-06-2026
2384,Loan Approved,04-07-2026
2385,App Install,05-05-2026
2385,Signup,06-05-2026
2385,KYC Verification,08-05-2026
2386,App Install,09-06-2026
2387,App Install,09-04-2026
2387,Signup,11-04-2026
2387,KYC Verification,11-04-2026
2387,First Transaction,15-04-2026
2388,App Install,14-07-2026
2389,App Install,23-03-2026
2389,Signup,24-03-2026
2389,KYC Verification,25-03-2026
2389,First Transaction,30-03-2026
2390,App Install,20-03-2026
2390,Signup,21-03-2026
2390,KYC Verification,22-03-2026
2390,First Transaction,27-03-2026
2391,App Install,21-05-2026
2391,Signup,21-05-2026
2391,KYC Verification,23-05-2026
2392,App Install,04-03-2026
2392,Signup,06-03-2026
2392,KYC Verification,06-03-2026
2392,First Transaction,09-03-2026
2393,App Install,22-03-2026
2393,Signup,23-03-2026
2393,KYC Verification,24-03-2026
2393,First Transaction,27-03-2026
2394,App Install,11-07-2026
2394,Signup,12-07-2026
2394,KYC Verification,15-07-2026
2394,First Transaction,20-07-2026
2395,App Install,06-04-2026
2396,App Install,16-03-2026
2396,Signup,16-03-2026
2397,App Install,26-06-2026
2397,Signup,28-06-2026
2397,KYC Verification,28-06-2026
2397,First Transaction,29-06-2026
2398,App Install,24-05-2026
2399,App Install,06-07-2026
2399,Signup,08-07-2026
2399,KYC Verification,08-07-2026
2399,First Transaction,10-07-2026
2400,App Install,20-03-2026
2401,App Install,05-05-2026
2401,Signup,06-05-2026
2402,App Install,13-04-2026
2402,Signup,14-04-2026
2402,KYC Verification,15-04-2026
2402,First Transaction,18-04-2026
2403,App Install,13-07-2026
2403,Signup,15-07-2026
2403,KYC Verification,17-07-2026
2403,First Transaction,20-07-2026
2403,Loan Application,01-08-2026
2404,App Install,21-07-2026
2404,Signup,22-07-2026
2404,KYC Verification,23-07-2026
2405,App Install,30-04-2026
2406,App Install,04-07-2026
2406,Signup,05-07-2026
2407,App Install,08-05-2026
2408,App Install,27-07-2026
2409,App Install,02-03-2026
2410,App Install,31-05-2026
2410,Signup,31-05-2026
2410,KYC Verification,02-06-2026
2410,First Transaction,05-06-2026
2411,App Install,03-07-2026
2411,Signup,04-07-2026
2411,KYC Verification,04-07-2026
2412,App Install,18-05-2026
2412,Signup,19-05-2026
2412,KYC Verification,21-05-2026
2413,App Install,14-06-2026
2414,App Install,05-03-2026
2415,App Install,07-05-2026
2415,Signup,08-05-2026
2415,KYC Verification,08-05-2026
2415,First Transaction,12-05-2026
2415,Loan Application,25-05-2026
2415,Loan Approved,27-05-2026
2416,App Install,21-03-2026
2417,App Install,01-04-2026
2418,App Install,25-04-2026
2419,App Install,15-03-2026
2419,Signup,16-03-2026
2420,App Install,10-05-2026
2420,Signup,12-05-2026
2420,KYC Verification,12-05-2026
2420,First Transaction,17-05-2026
2420,Loan Application,26-05-2026
2420,Loan Approved,01-06-2026
2421,App Install,15-05-2026
2421,Signup,16-05-2026
2421,KYC Verification,17-05-2026
2421,First Transaction,18-05-2026
2422,App Install,21-07-2026
2422,Signup,21-07-2026
2423,App Install,05-06-2026
2423,Signup,06-06-2026
2423,KYC Verification,06-06-2026
2423,First Transaction,11-06-2026
2424,App Install,26-05-2026
2424,Signup,27-05-2026
2424,KYC Verification,28-05-2026
2425,App Install,22-03-2026
2426,App Install,22-06-2026
2427,App Install,05-04-2026
2427,Signup,07-04-2026
2427,KYC Verification,09-04-2026
2427,First Transaction,13-04-2026
2428,App Install,31-03-2026
2428,Signup,02-04-2026
2428,KYC Verification,02-04-2026
2428,First Transaction,04-04-2026
2429,App Install,22-04-2026
2430,App Install,30-07-2026
2430,Signup,31-07-2026
2431,App Install,05-06-2026
2431,Signup,07-06-2026
2431,KYC Verification,09-06-2026
2431,First Transaction,10-06-2026
2431,Loan Application,17-06-2026
2431,Loan Approved,22-06-2026
2432,App Install,16-07-2026
2432,Signup,18-07-2026
2432,KYC Verification,19-07-2026
2432,First Transaction,23-07-2026
2433,App Install,30-06-2026
2434,App Install,24-03-2026
2434,Signup,25-03-2026
2434,KYC Verification,27-03-2026
2434,First Transaction,31-03-2026
2434,Loan Application,14-04-2026
2434,Loan Approved,17-04-2026
2435,App Install,25-05-2026
2435,Signup,26-05-2026
2435,KYC Verification,29-05-2026
2435,First Transaction,02-06-2026
2436,App Install,01-03-2026
2436,Signup,02-03-2026
2436,KYC Verification,04-03-2026
2436,First Transaction,05-03-2026
2437,App Install,15-03-2026
2437,Signup,15-03-2026
2437,KYC Verification,16-03-2026
2437,First Transaction,20-03-2026
2437,Loan Application,21-03-2026
2437,Loan Approved,28-03-2026
2438,App Install,07-06-2026
2438,Signup,08-06-2026
2438,KYC Verification,10-06-2026
2438,First Transaction,14-06-2026
2439,App Install,29-05-2026
2439,Signup,30-05-2026
2439,KYC Verification,31-05-2026
2439,First Transaction,02-06-2026
2440,App Install,18-06-2026
2440,Signup,20-06-2026
2440,KYC Verification,20-06-2026
2440,First Transaction,22-06-2026
2440,Loan Application,27-06-2026
2441,App Install,12-07-2026
2441,Signup,13-07-2026
2442,App Install,14-04-2026
2442,Signup,15-04-2026
2443,App Install,01-06-2026
2443,Signup,02-06-2026
2443,KYC Verification,02-06-2026
2443,First Transaction,07-06-2026
2444,App Install,24-06-2026
2444,Signup,26-06-2026
2444,KYC Verification,26-06-2026
2444,First Transaction,27-06-2026
2444,Loan Application,30-06-2026
2444,Loan Approved,07-07-2026
2445,App Install,19-05-2026
2445,Signup,21-05-2026
2445,KYC Verification,22-05-2026
2445,First Transaction,23-05-2026
2446,App Install,12-07-2026
2446,Signup,13-07-2026
2446,KYC Verification,15-07-2026
2447,App Install,10-04-2026
2447,Signup,11-04-2026
2447,KYC Verification,12-04-2026
2448,App Install,16-07-2026
2448,Signup,17-07-2026
2448,KYC Verification,19-07-2026
2448,First Transaction,20-07-2026
2449,App Install,17-06-2026
2449,Signup,19-06-2026
2449,KYC Verification,21-06-2026
2450,App Install,02-03-2026
2451,App Install,09-07-2026
2451,Signup,10-07-2026
2451,KYC Verification,10-07-2026
2451,First Transaction,15-07-2026
2452,App Install,04-07-2026
2452,Signup,05-07-2026
2453,App Install,01-06-2026
2453,Signup,03-06-2026
2454,App Install,02-07-2026
2454,Signup,03-07-2026
2455,App Install,30-03-2026
2455,Signup,31-03-2026
2455,KYC Verification,02-04-2026
2455,First Transaction,06-04-2026
2456,App Install,08-07-2026
2456,Signup,09-07-2026
2456,KYC Verification,10-07-2026
2457,App Install,31-07-2026
2458,App Install,14-03-2026
2458,Signup,14-03-2026
2458,KYC Verification,14-03-2026
2458,First Transaction,15-03-2026
2458,Loan Application,19-03-2026
2458,Loan Approved,26-03-2026
2459,App Install,07-04-2026
2459,Signup,09-04-2026
2459,KYC Verification,11-04-2026
2459,First Transaction,14-04-2026
2460,App Install,13-06-2026
2460,Signup,13-06-2026
2460,KYC Verification,15-06-2026
2460,First Transaction,19-06-2026
2460,Loan Application,24-06-2026
2461,App Install,27-07-2026
2461,Signup,27-07-2026
2462,App Install,13-03-2026
2462,Signup,14-03-2026
2462,KYC Verification,14-03-2026
2462,First Transaction,17-03-2026
2463,App Install,16-03-2026
2463,Signup,16-03-2026
2463,KYC Verification,19-03-2026
2463,First Transaction,22-03-2026
2463,Loan Application,04-04-2026
2464,App Install,14-06-2026
2465,App Install,01-05-2026
2465,Signup,02-05-2026
2465,KYC Verification,04-05-2026
2465,First Transaction,09-05-2026
2465,Loan Application,21-05-2026
2465,Loan Approved,23-05-2026
2466,App Install,16-03-2026
2467,App Install,14-06-2026
2467,Signup,14-06-2026
2467,KYC Verification,16-06-2026
2468,App Install,25-05-2026
2469,App Install,07-04-2026
2469,Signup,07-04-2026
2470,App Install,28-05-2026
2470,Signup,29-05-2026
2470,KYC Verification,29-05-2026
2471,App Install,16-06-2026
2471,Signup,17-06-2026
2472,App Install,20-07-2026
2472,Signup,21-07-2026
2473,App Install,29-06-2026
2473,Signup,30-06-2026
2473,KYC Verification,02-07-2026
2473,First Transaction,03-07-2026
2474,App Install,30-04-2026
2474,Signup,30-04-2026
2474,KYC Verification,01-05-2026
2474,First Transaction,06-05-2026
2474,Loan Application,12-05-2026
2475,App Install,04-04-2026
2475,Signup,04-04-2026
2475,KYC Verification,05-04-2026
2476,App Install,02-06-2026
2477,App Install,28-05-2026
2478,App Install,17-04-2026
2479,App Install,07-06-2026
2479,Signup,08-06-2026
2480,App Install,15-03-2026
2481,App Install,24-03-2026
2482,App Install,20-03-2026
2483,App Install,10-03-2026
2484,App Install,08-06-2026
2484,Signup,09-06-2026
2485,App Install,18-05-2026
2485,Signup,19-05-2026
2486,App Install,27-05-2026
2486,Signup,28-05-2026
2486,KYC Verification,28-05-2026
2487,App Install,13-07-2026
2488,App Install,17-05-2026
2488,Signup,18-05-2026
2488,KYC Verification,20-05-2026
2488,First Transaction,25-05-2026
2489,App Install,25-05-2026
2490,App Install,14-06-2026
2490,Signup,16-06-2026
2490,KYC Verification,18-06-2026
2490,First Transaction,20-06-2026
2491,App Install,11-07-2026
2492,App Install,04-03-2026
2492,Signup,06-03-2026
2492,KYC Verification,07-03-2026
2492,First Transaction,10-03-2026
2492,Loan Application,19-03-2026
2492,Loan Approved,20-03-2026
2493,App Install,08-05-2026
2494,App Install,07-06-2026
2494,Signup,08-06-2026
2494,KYC Verification,09-06-2026
2494,First Transaction,10-06-2026
2494,Loan Application,21-06-2026
2494,Loan Approved,22-06-2026
2495,App Install,17-04-2026
2495,Signup,17-04-2026
2495,KYC Verification,19-04-2026
2495,First Transaction,23-04-2026
2495,Loan Application,06-05-2026
2495,Loan Approved,07-05-2026
2496,App Install,30-03-2026
2496,Signup,31-03-2026
2496,KYC Verification,01-04-2026
2496,First Transaction,03-04-2026
2497,App Install,04-06-2026
2498,App Install,30-05-2026
2498,Signup,31-05-2026
2498,KYC Verification,02-06-2026
2498,First Transaction,03-06-2026
2498,Loan Application,12-06-2026
2499,App Install,26-03-2026
2499,Signup,27-03-2026
2499,KYC Verification,28-03-2026
2499,First Transaction,31-03-2026
2500,App Install,15-05-2026
2501,App Install,30-06-2026
2501,Signup,01-07-2026
2501,KYC Verification,02-07-2026
2501,First Transaction,07-07-2026
2501,Loan Application,13-07-2026
2502,App Install,10-07-2026
2502,Signup,12-07-2026
2503,App Install,10-06-2026
2503,Signup,12-06-2026
2503,KYC Verification,15-06-2026
2504,App Install,28-06-2026
2504,Signup,29-06-2026
2504,KYC Verification,02-07-2026
2504,First Transaction,06-07-2026
2504,Loan Application,13-07-2026
2505,App Install,05-04-2026
2505,Signup,06-04-2026
2505,KYC Verification,09-04-2026
2505,First Transaction,13-04-2026
2506,App Install,06-05-2026
2506,Signup,07-05-2026
2507,App Install,23-06-2026
2508,App Install,19-05-2026
2508,Signup,20-05-2026
2508,KYC Verification,20-05-2026
2508,First Transaction,23-05-2026
2509,App Install,10-05-2026
2509,Signup,11-05-2026
2510,App Install,15-05-2026
2510,Signup,16-05-2026
2511,App Install,04-03-2026
2511,Signup,06-03-2026
2511,KYC Verification,08-03-2026
2511,First Transaction,13-03-2026
2511,Loan Application,18-03-2026
2511,Loan Approved,24-03-2026
2512,App Install,11-07-2026
2512,Signup,13-07-2026
2513,App Install,17-06-2026
2513,Signup,19-06-2026
2513,KYC Verification,19-06-2026
2513,First Transaction,20-06-2026
2514,App Install,23-06-2026
2514,Signup,23-06-2026
2514,KYC Verification,24-06-2026
2515,App Install,14-03-2026
2515,Signup,16-03-2026
2516,App Install,28-06-2026
2516,Signup,29-06-2026
2517,App Install,26-06-2026
2517,Signup,28-06-2026
2517,KYC Verification,01-07-2026
2517,First Transaction,02-07-2026
2517,Loan Application,13-07-2026
2517,Loan Approved,16-07-2026
2518,App Install,30-06-2026
2518,Signup,01-07-2026
2518,KYC Verification,03-07-2026
2518,First Transaction,07-07-2026
2519,App Install,01-04-2026
2519,Signup,02-04-2026
2519,KYC Verification,05-04-2026
2519,First Transaction,06-04-2026
2520,App Install,18-04-2026
2520,Signup,18-04-2026
2521,App Install,13-07-2026
2521,Signup,13-07-2026
2522,App Install,26-06-2026
2522,Signup,27-06-2026
2523,App Install,09-05-2026
2523,Signup,09-05-2026
2523,KYC Verification,10-05-2026
2523,First Transaction,13-05-2026
2523,Loan Application,16-05-2026
2523,Loan Approved,18-05-2026
2524,App Install,13-04-2026
2525,App Install,18-03-2026
2526,App Install,17-07-2026
2526,Signup,18-07-2026
2527,App Install,24-05-2026
2528,App Install,16-07-2026
2528,Signup,18-07-2026
2528,KYC Verification,20-07-2026
2529,App Install,08-06-2026
2529,Signup,09-06-2026
2529,KYC Verification,12-06-2026
2530,App Install,23-04-2026
2530,Signup,23-04-2026
2531,App Install,20-03-2026
2531,Signup,21-03-2026
2532,App Install,23-07-2026
2532,Signup,23-07-2026
2532,KYC Verification,23-07-2026
2532,First Transaction,24-07-2026
2533,App Install,13-04-2026
2533,Signup,15-04-2026
2533,KYC Verification,16-04-2026
2533,First Transaction,20-04-2026
2533,Loan Application,03-05-2026
2533,Loan Approved,06-05-2026
2534,App Install,10-07-2026
2534,Signup,10-07-2026
2534,KYC Verification,12-07-2026
2534,First Transaction,17-07-2026
2534,Loan Application,25-07-2026
2534,Loan Approved,27-07-2026
2535,App Install,21-07-2026
2535,Signup,21-07-2026
2535,KYC Verification,21-07-2026
2535,First Transaction,24-07-2026
2536,App Install,27-07-2026
2536,Signup,27-07-2026
2537,App Install,26-05-2026
2538,App Install,26-05-2026
2538,Signup,28-05-2026
2539,App Install,08-04-2026
2539,Signup,09-04-2026
2539,KYC Verification,12-04-2026
2539,First Transaction,13-04-2026
2540,App Install,17-05-2026
2540,Signup,19-05-2026
2540,KYC Verification,19-05-2026
2541,App Install,03-07-2026
2542,App Install,17-07-2026
2542,Signup,17-07-2026
2542,KYC Verification,17-07-2026
2542,First Transaction,20-07-2026
2542,Loan Application,31-07-2026
2543,App Install,20-03-2026
2543,Signup,21-03-2026
2544,App Install,13-05-2026
2544,Signup,15-05-2026
2544,KYC Verification,16-05-2026
2544,First Transaction,20-05-2026
2545,App Install,28-06-2026
2545,Signup,28-06-2026
2546,App Install,03-06-2026
2546,Signup,04-06-2026
2546,KYC Verification,05-06-2026
2546,First Transaction,08-06-2026
2547,App Install,27-04-2026
2548,App Install,09-07-2026
2549,App Install,03-03-2026
2549,Signup,04-03-2026
2549,KYC Verification,07-03-2026
2549,First Transaction,08-03-2026
2549,Loan Application,09-03-2026
2549,Loan Approved,16-03-2026
2550,App Install,11-04-2026
2550,Signup,11-04-2026
2550,KYC Verification,12-04-2026
2550,First Transaction,14-04-2026
2551,App Install,18-05-2026
2551,Signup,19-05-2026
2551,KYC Verification,22-05-2026
2552,App Install,26-04-2026
2552,Signup,27-04-2026
2552,KYC Verification,29-04-2026
2552,First Transaction,03-05-2026
2553,App Install,17-03-2026
2553,Signup,19-03-2026
2554,App Install,02-03-2026
2554,Signup,02-03-2026
2554,KYC Verification,05-03-2026
2554,First Transaction,09-03-2026
2554,Loan Application,23-03-2026
2555,App Install,12-04-2026
2555,Signup,14-04-2026
2556,App Install,22-07-2026
2557,App Install,02-06-2026
2557,Signup,03-06-2026
2557,KYC Verification,03-06-2026
2557,First Transaction,08-06-2026
2557,Loan Application,09-06-2026
2558,App Install,17-05-2026
2558,Signup,18-05-2026
2559,App Install,28-07-2026
2559,Signup,28-07-2026
2560,App Install,05-05-2026
2560,Signup,06-05-2026
2561,App Install,05-07-2026
2561,Signup,05-07-2026
2562,App Install,14-04-2026
2562,Signup,14-04-2026
2563,App Install,21-04-2026
2563,Signup,23-04-2026
2564,App Install,04-07-2026
2565,App Install,02-04-2026
2566,App Install,06-03-2026
2566,Signup,07-03-2026
2566,KYC Verification,08-03-2026
2567,App Install,15-06-2026
2567,Signup,16-06-2026
2567,KYC Verification,18-06-2026
2567,First Transaction,21-06-2026
2567,Loan Application,28-06-2026
2567,Loan Approved,04-07-2026
2568,App Install,16-05-2026
2568,Signup,18-05-2026
2568,KYC Verification,19-05-2026
2568,First Transaction,21-05-2026
2569,App Install,21-03-2026
2569,Signup,21-03-2026
2570,App Install,31-05-2026
2571,App Install,05-05-2026
2571,Signup,06-05-2026
2572,App Install,20-07-2026
2572,Signup,22-07-2026
2573,App Install,14-03-2026
2573,Signup,15-03-2026
2573,KYC Verification,17-03-2026
2573,First Transaction,19-03-2026
2573,Loan Application,20-03-2026
2573,Loan Approved,24-03-2026
2574,App Install,27-03-2026
2575,App Install,09-05-2026
2575,Signup,10-05-2026
2576,App Install,23-06-2026
2576,Signup,25-06-2026
2576,KYC Verification,26-06-2026
2576,First Transaction,29-06-2026
2577,App Install,12-03-2026
2577,Signup,12-03-2026
2578,App Install,26-05-2026
2578,Signup,28-05-2026
2579,App Install,09-04-2026
2579,Signup,11-04-2026
2579,KYC Verification,14-04-2026
2579,First Transaction,15-04-2026
2580,App Install,09-05-2026
2580,Signup,10-05-2026
2581,App Install,15-07-2026
2581,Signup,15-07-2026
2581,KYC Verification,17-07-2026
2581,First Transaction,18-07-2026
2581,Loan Application,25-07-2026
2581,Loan Approved,31-07-2026
2582,App Install,03-07-2026
2583,App Install,04-06-2026
2583,Signup,04-06-2026
2584,App Install,23-06-2026
2585,App Install,26-06-2026
2585,Signup,26-06-2026
2585,KYC Verification,27-06-2026
2585,First Transaction,28-06-2026
2586,App Install,29-05-2026
2586,Signup,29-05-2026
2587,App Install,12-04-2026
2587,Signup,14-04-2026
2588,App Install,15-04-2026
2588,Signup,16-04-2026
2588,KYC Verification,18-04-2026
2588,First Transaction,19-04-2026
2588,Loan Application,26-04-2026
2588,Loan Approved,03-05-2026
2589,App Install,12-05-2026
2590,App Install,12-05-2026
2590,Signup,13-05-2026
2591,App Install,11-04-2026
2591,Signup,13-04-2026
2592,App Install,29-04-2026
2592,Signup,30-04-2026
2593,App Install,09-06-2026
2593,Signup,11-06-2026
2594,App Install,08-06-2026
2594,Signup,10-06-2026
2595,App Install,08-03-2026
2595,Signup,09-03-2026
2595,KYC Verification,10-03-2026
2595,First Transaction,11-03-2026
2596,App Install,02-03-2026
2597,App Install,21-03-2026
2598,App Install,27-07-2026
2598,Signup,29-07-2026
2598,KYC Verification,30-07-2026
2598,First Transaction,04-08-2026
2598,Loan Application,08-08-2026
2598,Loan Approved,14-08-2026
2599,App Install,12-06-2026
2599,Signup,12-06-2026
2599,KYC Verification,14-06-2026
2599,First Transaction,17-06-2026
2600,App Install,30-04-2026
2601,App Install,12-07-2026
2601,Signup,14-07-2026
2601,KYC Verification,15-07-2026
2602,App Install,16-05-2026
2602,Signup,16-05-2026
2602,KYC Verification,18-05-2026
2602,First Transaction,19-05-2026
2603,App Install,04-06-2026
2604,App Install,30-07-2026
2604,Signup,01-08-2026
2605,App Install,12-03-2026
2606,App Install,17-06-2026
2606,Signup,18-06-2026
2607,App Install,17-05-2026
2607,Signup,18-05-2026
2607,KYC Verification,21-05-2026
2607,First Transaction,22-05-2026
2608,App Install,11-03-2026
2608,Signup,12-03-2026
2609,App Install,11-04-2026
2610,App Install,19-04-2026
2610,Signup,19-04-2026
2611,App Install,10-03-2026
2611,Signup,10-03-2026
2611,KYC Verification,12-03-2026
2612,App Install,07-07-2026
2612,Signup,08-07-2026
2613,App Install,24-07-2026
2614,App Install,24-04-2026
2614,Signup,25-04-2026
2615,App Install,11-05-2026
2615,Signup,13-05-2026
2615,KYC Verification,15-05-2026
2616,App Install,29-03-2026
2617,App Install,14-04-2026
2617,Signup,14-04-2026
2618,App Install,27-05-2026
2618,Signup,27-05-2026
2618,KYC Verification,30-05-2026
2619,App Install,17-05-2026
2619,Signup,19-05-2026
2620,App Install,28-06-2026
2620,Signup,28-06-2026
2621,App Install,01-05-2026
2622,App Install,06-04-2026
2622,Signup,07-04-2026
2622,KYC Verification,07-04-2026
2623,App Install,30-05-2026
2624,App Install,09-06-2026
2624,Signup,10-06-2026
2624,KYC Verification,12-06-2026
2624,First Transaction,17-06-2026
2625,App Install,15-04-2026
2625,Signup,15-04-2026
2625,KYC Verification,16-04-2026
2626,App Install,24-03-2026
2626,Signup,25-03-2026
2626,KYC Verification,26-03-2026
2626,First Transaction,30-03-2026
2627,App Install,29-06-2026
2627,Signup,29-06-2026
2627,KYC Verification,02-07-2026
2627,First Transaction,07-07-2026
2627,Loan Application,12-07-2026
2627,Loan Approved,18-07-2026
2628,App Install,15-06-2026
2628,Signup,17-06-2026
2628,KYC Verification,17-06-2026
2628,First Transaction,18-06-2026
2629,App Install,28-04-2026
2629,Signup,29-04-2026
2629,KYC Verification,30-04-2026
2629,First Transaction,02-05-2026
2630,App Install,14-05-2026
2630,Signup,15-05-2026
2630,KYC Verification,17-05-2026
2631,App Install,02-06-2026
2631,Signup,03-06-2026
2632,App Install,28-07-2026
2632,Signup,29-07-2026
2632,KYC Verification,30-07-2026
2632,First Transaction,03-08-2026
2633,App Install,27-05-2026
2634,App Install,01-08-2026
2635,App Install,02-05-2026
2635,Signup,03-05-2026
2635,KYC Verification,04-05-2026
2635,First Transaction,08-05-2026
2636,App Install,21-06-2026
2636,Signup,23-06-2026
2636,KYC Verification,23-06-2026
2636,First Transaction,28-06-2026
2637,App Install,26-03-2026
2638,App Install,18-07-2026
2638,Signup,19-07-2026
2639,App Install,02-04-2026
2639,Signup,02-04-2026
2639,KYC Verification,05-04-2026
2639,First Transaction,06-04-2026
2639,Loan Application,17-04-2026
2639,Loan Approved,18-04-2026
2640,App Install,18-03-2026
2640,Signup,18-03-2026
2641,App Install,20-04-2026
2641,Signup,22-04-2026
2642,App Install,16-05-2026
2642,Signup,18-05-2026
2642,KYC Verification,19-05-2026
2643,App Install,24-07-2026
2643,Signup,25-07-2026
2644,App Install,03-05-2026
2644,Signup,03-05-2026
2644,KYC Verification,05-05-2026
2644,First Transaction,08-05-2026
2645,App Install,16-06-2026
2646,App Install,13-06-2026
2646,Signup,14-06-2026
2647,App Install,24-06-2026
2647,Signup,25-06-2026
2648,App Install,04-05-2026
2648,Signup,06-05-2026
2648,KYC Verification,08-05-2026
2648,First Transaction,13-05-2026
2649,App Install,14-03-2026
2649,Signup,15-03-2026
2650,App Install,20-07-2026
2650,Signup,21-07-2026
2650,KYC Verification,22-07-2026
2651,App Install,28-06-2026
2651,Signup,29-06-2026
2651,KYC Verification,01-07-2026
2651,First Transaction,04-07-2026
2651,Loan Application,11-07-2026
2651,Loan Approved,13-07-2026
2652,App Install,22-04-2026
2652,Signup,22-04-2026
2653,App Install,03-04-2026
2653,Signup,04-04-2026
2654,App Install,16-07-2026
2654,Signup,17-07-2026
2654,KYC Verification,18-07-2026
2654,First Transaction,19-07-2026
2655,App Install,04-04-2026
2656,App Install,21-05-2026
2657,App Install,24-04-2026
2657,Signup,24-04-2026
2657,KYC Verification,26-04-2026
2657,First Transaction,01-05-2026
2658,App Install,22-05-2026
2658,Signup,23-05-2026
2659,App Install,10-06-2026
2659,Signup,11-06-2026
2660,App Install,24-05-2026
2660,Signup,25-05-2026
2660,KYC Verification,27-05-2026
2661,App Install,05-03-2026
2661,Signup,06-03-2026
2661,KYC Verification,08-03-2026
2661,First Transaction,09-03-2026
2661,Loan Application,23-03-2026
2661,Loan Approved,29-03-2026
2662,App Install,25-03-2026
2662,Signup,26-03-2026
2662,KYC Verification,27-03-2026
2663,App Install,04-05-2026
2663,Signup,04-05-2026
2663,KYC Verification,07-05-2026
2663,First Transaction,11-05-2026
2664,App Install,09-03-2026
2665,App Install,11-04-2026
2666,App Install,27-06-2026
2666,Signup,28-06-2026
2666,KYC Verification,30-06-2026
2666,First Transaction,03-07-2026
2667,App Install,24-04-2026
2667,Signup,24-04-2026
2667,KYC Verification,25-04-2026
2668,App Install,28-07-2026
2668,Signup,28-07-2026
2668,KYC Verification,31-07-2026
2668,First Transaction,01-08-2026
2668,Loan Application,07-08-2026
2668,Loan Approved,08-08-2026
2669,App Install,07-04-2026
2669,Signup,07-04-2026
2670,App Install,06-06-2026
2671,App Install,18-05-2026
2672,App Install,15-04-2026
2672,Signup,17-04-2026
2672,KYC Verification,18-04-2026
2672,First Transaction,23-04-2026
2672,Loan Application,25-04-2026
2672,Loan Approved,02-05-2026
2673,App Install,22-05-2026
2674,App Install,10-04-2026
2674,Signup,11-04-2026
2674,KYC Verification,13-04-2026
2674,First Transaction,18-04-2026
2675,App Install,02-05-2026
2675,Signup,04-05-2026
2675,KYC Verification,05-05-2026
2676,App Install,23-03-2026
2677,App Install,27-07-2026
2677,Signup,29-07-2026
2677,KYC Verification,31-07-2026
2677,First Transaction,05-08-2026
2678,App Install,11-04-2026
2678,Signup,13-04-2026
2678,KYC Verification,14-04-2026
2678,First Transaction,19-04-2026
2679,App Install,12-05-2026
2679,Signup,14-05-2026
2680,App Install,18-05-2026
2680,Signup,19-05-2026
2680,KYC Verification,21-05-2026
2680,First Transaction,22-05-2026
2681,App Install,29-07-2026
2681,Signup,31-07-2026
2681,KYC Verification,02-08-2026
2682,App Install,20-04-2026
2682,Signup,21-04-2026
2683,App Install,28-05-2026
2683,Signup,30-05-2026
2683,KYC Verification,31-05-2026
2684,App Install,06-07-2026
2684,Signup,06-07-2026
2684,KYC Verification,08-07-2026
2684,First Transaction,10-07-2026
2684,Loan Application,20-07-2026
2684,Loan Approved,26-07-2026
2685,App Install,14-06-2026
2685,Signup,14-06-2026
2686,App Install,06-06-2026
2687,App Install,17-05-2026
2687,Signup,18-05-2026
2688,App Install,31-05-2026
2688,Signup,01-06-2026
2688,KYC Verification,01-06-2026
2688,First Transaction,02-06-2026
2689,App Install,05-03-2026
2689,Signup,06-03-2026
2689,KYC Verification,09-03-2026
2689,First Transaction,12-03-2026
2690,App Install,04-07-2026
2690,Signup,05-07-2026
2690,KYC Verification,07-07-2026
2690,First Transaction,09-07-2026
2690,Loan Application,14-07-2026
2690,Loan Approved,17-07-2026
2691,App Install,27-04-2026
2691,Signup,29-04-2026
2691,KYC Verification,30-04-2026
2692,App Install,06-05-2026
2692,Signup,08-05-2026
2692,KYC Verification,10-05-2026
2693,App Install,22-03-2026
2694,App Install,21-07-2026
2694,Signup,23-07-2026
2694,KYC Verification,23-07-2026
2695,App Install,10-06-2026
2695,Signup,12-06-2026
2696,App Install,17-04-2026
2696,Signup,17-04-2026
2696,KYC Verification,19-04-2026
2697,App Install,02-04-2026
2697,Signup,03-04-2026
2698,App Install,30-03-2026
2699,App Install,27-04-2026
2699,Signup,28-04-2026
2700,App Install,18-03-2026
2700,Signup,18-03-2026
2701,App Install,01-04-2026
2701,Signup,02-04-2026
2702,App Install,11-06-2026
2703,App Install,26-06-2026
2703,Signup,27-06-2026
2704,App Install,27-04-2026
2705,App Install,01-04-2026
2705,Signup,02-04-2026
2706,App Install,13-05-2026
2706,Signup,15-05-2026
2706,KYC Verification,15-05-2026
2707,App Install,08-04-2026
2708,App Install,16-06-2026
2709,App Install,19-03-2026
2709,Signup,19-03-2026
2709,KYC Verification,20-03-2026
2709,First Transaction,23-03-2026
2710,App Install,16-03-2026
2711,App Install,20-04-2026
2711,Signup,22-04-2026
2711,KYC Verification,23-04-2026
2711,First Transaction,28-04-2026
2712,App Install,20-07-2026
2712,Signup,22-07-2026
2713,App Install,06-04-2026
2714,App Install,12-05-2026
2714,Signup,13-05-2026
2715,App Install,27-07-2026
2715,Signup,29-07-2026
2716,App Install,12-04-2026
2716,Signup,13-04-2026
2717,App Install,01-06-2026
2717,Signup,01-06-2026
2717,KYC Verification,04-06-2026
2718,App Install,02-03-2026
2718,Signup,02-03-2026
2719,App Install,05-06-2026
2719,Signup,05-06-2026
2719,KYC Verification,07-06-2026
2719,First Transaction,11-06-2026
2719,Loan Application,20-06-2026
2719,Loan Approved,26-06-2026
2720,App Install,25-06-2026
2720,Signup,26-06-2026
2721,App Install,28-03-2026
2721,Signup,29-03-2026
2721,KYC Verification,31-03-2026
2722,App Install,02-04-2026
2722,Signup,04-04-2026
2722,KYC Verification,06-04-2026
2722,First Transaction,07-04-2026
2723,App Install,07-06-2026
2723,Signup,09-06-2026
2723,KYC Verification,11-06-2026
2724,App Install,31-05-2026
2724,Signup,31-05-2026
2724,KYC Verification,01-06-2026
2724,First Transaction,02-06-2026
2724,Loan Application,04-06-2026
2724,Loan Approved,11-06-2026
2725,App Install,08-04-2026
2725,Signup,10-04-2026
2725,KYC Verification,11-04-2026
2725,First Transaction,13-04-2026
2726,App Install,02-04-2026
2726,Signup,03-04-2026
2726,KYC Verification,06-04-2026
2727,App Install,12-07-2026
2727,Signup,13-07-2026
2727,KYC Verification,15-07-2026
2727,First Transaction,17-07-2026
2728,App Install,20-05-2026
2728,Signup,21-05-2026
2728,KYC Verification,23-05-2026
2729,App Install,25-07-2026
2729,Signup,27-07-2026
2730,App Install,20-04-2026
2730,Signup,21-04-2026
2730,KYC Verification,21-04-2026
2730,First Transaction,24-04-2026
2731,App Install,09-03-2026
2731,Signup,11-03-2026
2731,KYC Verification,13-03-2026
2731,First Transaction,18-03-2026
2732,App Install,01-06-2026
2732,Signup,03-06-2026
2732,KYC Verification,05-06-2026
2733,App Install,25-07-2026
2733,Signup,25-07-2026
2733,KYC Verification,26-07-2026
2734,App Install,28-04-2026
2734,Signup,30-04-2026
2734,KYC Verification,02-05-2026
2734,First Transaction,03-05-2026
2735,App Install,10-05-2026
2735,Signup,11-05-2026
2735,KYC Verification,14-05-2026
2735,First Transaction,19-05-2026
2736,App Install,16-03-2026
2737,App Install,15-04-2026
2738,App Install,08-06-2026
2739,App Install,18-07-2026
2739,Signup,19-07-2026
2739,KYC Verification,21-07-2026
2739,First Transaction,24-07-2026
2739,Loan Application,01-08-2026
2740,App Install,21-07-2026
2741,App Install,18-03-2026
2741,Signup,19-03-2026
2741,KYC Verification,22-03-2026
2741,First Transaction,27-03-2026
2742,App Install,09-04-2026
2742,Signup,11-04-2026
2742,KYC Verification,12-04-2026
2742,First Transaction,15-04-2026
2743,App Install,07-06-2026
2743,Signup,08-06-2026
2744,App Install,24-04-2026
2744,Signup,24-04-2026
2745,App Install,09-06-2026
2745,Signup,09-06-2026
2746,App Install,01-07-2026
2746,Signup,02-07-2026
2747,App Install,12-05-2026
2748,App Install,03-03-2026
2748,Signup,05-03-2026
2748,KYC Verification,05-03-2026
2748,First Transaction,10-03-2026
2748,Loan Application,13-03-2026
2748,Loan Approved,17-03-2026
2749,App Install,17-06-2026
2749,Signup,18-06-2026
2749,KYC Verification,18-06-2026
2749,First Transaction,23-06-2026
2750,App Install,17-03-2026
2751,App Install,11-06-2026
2751,Signup,13-06-2026
2751,KYC Verification,13-06-2026
2751,First Transaction,14-06-2026
2751,Loan Application,25-06-2026
2752,App Install,14-05-2026
2752,Signup,14-05-2026
2753,App Install,17-03-2026
2753,Signup,19-03-2026
2753,KYC Verification,20-03-2026
2753,First Transaction,25-03-2026
2754,App Install,13-04-2026
2755,App Install,22-06-2026
2755,Signup,22-06-2026
2756,App Install,16-03-2026
2757,App Install,23-07-2026
2757,Signup,24-07-2026
2758,App Install,18-06-2026
2758,Signup,19-06-2026
2759,App Install,30-06-2026
2760,App Install,08-05-2026
2760,Signup,08-05-2026
2761,App Install,18-07-2026
2761,Signup,18-07-2026
2761,KYC Verification,21-07-2026
2761,First Transaction,26-07-2026
2762,App Install,11-07-2026
2763,App Install,15-06-2026
2763,Signup,17-06-2026
2764,App Install,08-06-2026
2765,App Install,13-06-2026
2766,App Install,19-06-2026
2767,App Install,20-07-2026
2767,Signup,21-07-2026
2767,KYC Verification,23-07-2026
2767,First Transaction,24-07-2026
2767,Loan Application,07-08-2026
2767,Loan Approved,13-08-2026
2768,App Install,19-05-2026
2769,App Install,28-07-2026
2770,App Install,14-07-2026
2770,Signup,16-07-2026
2771,App Install,10-03-2026
2772,App Install,12-05-2026
2773,App Install,01-07-2026
2773,Signup,01-07-2026
2774,App Install,05-07-2026
2774,Signup,05-07-2026
2775,App Install,22-06-2026
2775,Signup,22-06-2026
2775,KYC Verification,23-06-2026
2775,First Transaction,28-06-2026
2776,App Install,07-07-2026
2777,App Install,30-05-2026
2777,Signup,01-06-2026
2778,App Install,04-03-2026
2778,Signup,04-03-2026
2778,KYC Verification,07-03-2026
2779,App Install,22-05-2026
2779,Signup,24-05-2026
2780,App Install,29-03-2026
2781,App Install,14-04-2026
2782,App Install,01-03-2026
2783,App Install,01-06-2026
2784,App Install,25-07-2026
2785,App Install,26-05-2026
2786,App Install,28-03-2026
2786,Signup,29-03-2026
2786,KYC Verification,31-03-2026
2786,First Transaction,02-04-2026
2786,Loan Application,08-04-2026
2786,Loan Approved,10-04-2026
2787,App Install,14-04-2026
2787,Signup,15-04-2026
2788,App Install,05-06-2026
2788,Signup,05-06-2026
2789,App Install,16-03-2026
2789,Signup,17-03-2026
2789,KYC Verification,18-03-2026
2790,App Install,20-04-2026
2791,App Install,22-04-2026
2791,Signup,23-04-2026
2791,KYC Verification,24-04-2026
2791,First Transaction,29-04-2026
2791,Loan Application,12-05-2026
2791,Loan Approved,16-05-2026
2792,App Install,11-04-2026
2793,App Install,29-05-2026
2793,Signup,31-05-2026
2794,App Install,03-04-2026
2794,Signup,03-04-2026
2794,KYC Verification,06-04-2026
2794,First Transaction,11-04-2026
2794,Loan Application,24-04-2026
2794,Loan Approved,01-05-2026
2795,App Install,08-07-2026
2795,Signup,09-07-2026
2795,KYC Verification,10-07-2026
2796,App Install,21-03-2026
2796,Signup,23-03-2026
2796,KYC Verification,24-03-2026
2797,App Install,07-05-2026
2798,App Install,07-05-2026
2798,Signup,07-05-2026
2799,App Install,07-03-2026
2799,Signup,09-03-2026
2799,KYC Verification,11-03-2026
2800,App Install,07-05-2026
2800,Signup,07-05-2026
2800,KYC Verification,10-05-2026
2801,App Install,20-05-2026
2801,Signup,20-05-2026
2801,KYC Verification,23-05-2026
2801,First Transaction,27-05-2026
2802,App Install,21-06-2026
2802,Signup,23-06-2026
2802,KYC Verification,25-06-2026
2803,App Install,22-04-2026
2803,Signup,24-04-2026
2803,KYC Verification,24-04-2026
2803,First Transaction,28-04-2026
2803,Loan Application,12-05-2026
2803,Loan Approved,18-05-2026
2804,App Install,15-03-2026
2804,Signup,15-03-2026
2804,KYC Verification,17-03-2026
2805,App Install,22-05-2026
2806,App Install,25-05-2026
2807,App Install,22-07-2026
2807,Signup,23-07-2026
2807,KYC Verification,23-07-2026
2807,First Transaction,24-07-2026
2808,App Install,30-05-2026
2808,Signup,30-05-2026
2808,KYC Verification,31-05-2026
2809,App Install,16-03-2026
2809,Signup,17-03-2026
2809,KYC Verification,20-03-2026
2809,First Transaction,25-03-2026
2810,App Install,21-03-2026
2811,App Install,07-06-2026
2811,Signup,08-06-2026
2811,KYC Verification,09-06-2026
2811,First Transaction,14-06-2026
2811,Loan Application,26-06-2026
2811,Loan Approved,01-07-2026
2812,App Install,24-07-2026
2812,Signup,26-07-2026
2812,KYC Verification,27-07-2026
2813,App Install,24-05-2026
2814,App Install,13-04-2026
2814,Signup,14-04-2026
2814,KYC Verification,16-04-2026
2814,First Transaction,19-04-2026
2815,App Install,10-05-2026
2815,Signup,11-05-2026
2815,KYC Verification,11-05-2026
2815,First Transaction,15-05-2026
2815,Loan Application,29-05-2026
2816,App Install,02-03-2026
2817,App Install,16-06-2026
2817,Signup,16-06-2026
2817,KYC Verification,19-06-2026
2818,App Install,21-04-2026
2818,Signup,23-04-2026
2819,App Install,26-07-2026
2819,Signup,26-07-2026
2819,KYC Verification,28-07-2026
2820,App Install,25-03-2026
2820,Signup,26-03-2026
2820,KYC Verification,28-03-2026
2820,First Transaction,02-04-2026
2821,App Install,23-04-2026
2821,Signup,25-04-2026
2821,KYC Verification,25-04-2026
2821,First Transaction,29-04-2026
2821,Loan Application,06-05-2026
2822,App Install,07-04-2026
2822,Signup,08-04-2026
2823,App Install,24-03-2026
2824,App Install,25-03-2026
2824,Signup,25-03-2026
2824,KYC Verification,28-03-2026
2824,First Transaction,31-03-2026
2825,App Install,06-04-2026
2825,Signup,06-04-2026
2825,KYC Verification,07-04-2026
2825,First Transaction,12-04-2026
2826,App Install,29-05-2026
2826,Signup,30-05-2026
2826,KYC Verification,31-05-2026
2827,App Install,05-05-2026
2827,Signup,06-05-2026
2828,App Install,01-05-2026
2828,Signup,01-05-2026
2829,App Install,18-06-2026
2829,Signup,19-06-2026
2829,KYC Verification,19-06-2026
2829,First Transaction,24-06-2026
2830,App Install,03-04-2026
2830,Signup,05-04-2026
2830,KYC Verification,06-04-2026
2830,First Transaction,11-04-2026
2830,Loan Application,24-04-2026
2830,Loan Approved,28-04-2026
2831,App Install,09-03-2026
2831,Signup,10-03-2026
2832,App Install,06-05-2026
2833,App Install,14-07-2026
2834,App Install,03-03-2026
2834,Signup,05-03-2026
2835,App Install,13-03-2026
2835,Signup,15-03-2026
2835,KYC Verification,16-03-2026
2835,First Transaction,21-03-2026
2836,App Install,15-04-2026
2836,Signup,16-04-2026
2836,KYC Verification,19-04-2026
2836,First Transaction,24-04-2026
2837,App Install,08-03-2026
2837,Signup,09-03-2026
2838,App Install,09-05-2026
2838,Signup,09-05-2026
2838,KYC Verification,11-05-2026
2838,First Transaction,14-05-2026
2838,Loan Application,21-05-2026
2838,Loan Approved,28-05-2026
2839,App Install,28-07-2026
2839,Signup,29-07-2026
2839,KYC Verification,31-07-2026
2839,First Transaction,01-08-2026
2840,App Install,03-03-2026
2841,App Install,06-03-2026
2841,Signup,07-03-2026
2841,KYC Verification,07-03-2026
2842,App Install,13-03-2026
2842,Signup,15-03-2026
2843,App Install,04-04-2026
2844,App Install,30-04-2026
2844,Signup,30-04-2026
2844,KYC Verification,01-05-2026
2844,First Transaction,02-05-2026
2844,Loan Application,14-05-2026
2844,Loan Approved,17-05-2026
2845,App Install,09-07-2026
2845,Signup,10-07-2026
2845,KYC Verification,11-07-2026
2845,First Transaction,16-07-2026
2846,App Install,19-04-2026
2846,Signup,20-04-2026
2846,KYC Verification,23-04-2026
2846,First Transaction,25-04-2026
2847,App Install,31-07-2026
2847,Signup,02-08-2026
2847,KYC Verification,05-08-2026
2847,First Transaction,06-08-2026
2847,Loan Application,10-08-2026
2847,Loan Approved,15-08-2026
2848,App Install,24-06-2026
2848,Signup,24-06-2026
2848,KYC Verification,26-06-2026
2849,App Install,06-05-2026
2849,Signup,06-05-2026
2849,KYC Verification,07-05-2026
2850,App Install,08-06-2026
2851,App Install,24-07-2026
2852,App Install,06-07-2026
2853,App Install,12-07-2026
2854,App Install,11-05-2026
2854,Signup,11-05-2026
2854,KYC Verification,13-05-2026
2855,App Install,07-07-2026
2856,App Install,07-05-2026
2856,Signup,07-05-2026
2856,KYC Verification,10-05-2026
2857,App Install,09-03-2026
2857,Signup,10-03-2026
2857,KYC Verification,12-03-2026
2857,First Transaction,15-03-2026
2857,Loan Application,23-03-2026
2857,Loan Approved,24-03-2026
2858,App Install,08-06-2026
2858,Signup,10-06-2026
2859,App Install,16-05-2026
2859,Signup,18-05-2026
2859,KYC Verification,19-05-2026
2859,First Transaction,23-05-2026
2860,App Install,26-07-2026
2860,Signup,26-07-2026
2860,KYC Verification,27-07-2026
2860,First Transaction,29-07-2026
2861,App Install,12-05-2026
2861,Signup,13-05-2026
2861,KYC Verification,13-05-2026
2861,First Transaction,16-05-2026
2862,App Install,03-05-2026
2862,Signup,04-05-2026
2863,App Install,21-03-2026
2863,Signup,21-03-2026
2864,App Install,14-03-2026
2864,Signup,15-03-2026
2864,KYC Verification,18-03-2026
2864,First Transaction,19-03-2026
2865,App Install,19-07-2026
2865,Signup,21-07-2026
2866,App Install,08-05-2026
2866,Signup,08-05-2026
2866,KYC Verification,10-05-2026
2867,App Install,27-05-2026
2867,Signup,28-05-2026
2868,App Install,23-04-2026
2868,Signup,25-04-2026
2868,KYC Verification,25-04-2026
2868,First Transaction,27-04-2026
2868,Loan Application,03-05-2026
2868,Loan Approved,06-05-2026
2869,App Install,05-03-2026
2869,Signup,06-03-2026
2869,KYC Verification,07-03-2026
2869,First Transaction,12-03-2026
2869,Loan Application,26-03-2026
2869,Loan Approved,30-03-2026
2870,App Install,27-05-2026
2870,Signup,27-05-2026
2871,App Install,06-06-2026
2871,Signup,06-06-2026
2872,App Install,10-06-2026
2872,Signup,12-06-2026
2873,App Install,08-04-2026
2873,Signup,09-04-2026
2873,KYC Verification,10-04-2026
2873,First Transaction,11-04-2026
2874,App Install,28-04-2026
2874,Signup,29-04-2026
2875,App Install,03-06-2026
2875,Signup,04-06-2026
2875,KYC Verification,06-06-2026
2876,App Install,05-06-2026
2877,App Install,18-05-2026
2877,Signup,18-05-2026
2877,KYC Verification,20-05-2026
2877,First Transaction,22-05-2026
2878,App Install,04-07-2026
2878,Signup,05-07-2026
2879,App Install,15-06-2026
2879,Signup,15-06-2026
2879,KYC Verification,16-06-2026
2880,App Install,17-06-2026
2880,Signup,18-06-2026
2881,App Install,09-06-2026
2882,App Install,15-07-2026
2882,Signup,16-07-2026
2882,KYC Verification,19-07-2026
2882,First Transaction,24-07-2026
2882,Loan Application,27-07-2026
2882,Loan Approved,01-08-2026
2883,App Install,14-07-2026
2883,Signup,16-07-2026
2883,KYC Verification,16-07-2026
2884,App Install,23-05-2026
2884,Signup,23-05-2026
2884,KYC Verification,26-05-2026
2884,First Transaction,27-05-2026
2884,Loan Application,05-06-2026
2885,App Install,16-07-2026
2885,Signup,17-07-2026
2885,KYC Verification,18-07-2026
2885,First Transaction,21-07-2026
2886,App Install,16-03-2026
2886,Signup,17-03-2026
2886,KYC Verification,19-03-2026
2886,First Transaction,22-03-2026
2887,App Install,09-06-2026
2888,App Install,30-03-2026
2888,Signup,01-04-2026
2888,KYC Verification,02-04-2026
2888,First Transaction,06-04-2026
2888,Loan Application,09-04-2026
2888,Loan Approved,12-04-2026
2889,App Install,03-06-2026
2889,Signup,05-06-2026
2889,KYC Verification,06-06-2026
2890,App Install,11-05-2026
2891,App Install,01-06-2026
2892,App Install,05-03-2026
2893,App Install,28-04-2026
2893,Signup,29-04-2026
2893,KYC Verification,02-05-2026
2893,First Transaction,03-05-2026
2894,App Install,28-07-2026
2894,Signup,28-07-2026
2895,App Install,07-06-2026
2896,App Install,23-04-2026
2897,App Install,05-07-2026
2898,App Install,05-03-2026
2898,Signup,06-03-2026
2898,KYC Verification,08-03-2026
2898,First Transaction,11-03-2026
2899,App Install,13-03-2026
2899,Signup,15-03-2026
2899,KYC Verification,16-03-2026
2900,App Install,25-04-2026
2900,Signup,25-04-2026
2901,App Install,10-07-2026
2902,App Install,06-05-2026
2902,Signup,06-05-2026
2902,KYC Verification,07-05-2026
2902,First Transaction,08-05-2026
2902,Loan Application,16-05-2026
2902,Loan Approved,21-05-2026
2903,App Install,14-06-2026
2903,Signup,15-06-2026
2903,KYC Verification,15-06-2026
2903,First Transaction,18-06-2026
2904,App Install,10-05-2026
2904,Signup,10-05-2026
2904,KYC Verification,12-05-2026
2904,First Transaction,17-05-2026
2905,App Install,30-07-2026
2905,Signup,31-07-2026
2905,KYC Verification,02-08-2026
2905,First Transaction,06-08-2026
2906,App Install,27-03-2026
2906,Signup,29-03-2026
2906,KYC Verification,31-03-2026
2907,App Install,08-05-2026
2907,Signup,09-05-2026
2907,KYC Verification,09-05-2026
2907,First Transaction,11-05-2026
2907,Loan Application,20-05-2026
2908,App Install,19-06-2026
2908,Signup,21-06-2026
2908,KYC Verification,24-06-2026
2908,First Transaction,27-06-2026
2909,App Install,12-07-2026
2910,App Install,07-04-2026
2910,Signup,07-04-2026
2911,App Install,13-05-2026
2912,App Install,08-04-2026
2912,Signup,09-04-2026
2912,KYC Verification,11-04-2026
2912,First Transaction,13-04-2026
2913,App Install,29-04-2026
2914,App Install,21-07-2026
2915,App Install,21-07-2026
2916,App Install,29-06-2026
2916,Signup,01-07-2026
2916,KYC Verification,03-07-2026
2917,App Install,01-07-2026
2917,Signup,02-07-2026
2918,App Install,11-07-2026
2918,Signup,11-07-2026
2918,KYC Verification,12-07-2026
2919,App Install,15-05-2026
2919,Signup,16-05-2026
2919,KYC Verification,18-05-2026
2919,First Transaction,20-05-2026
2919,Loan Application,03-06-2026
2920,App Install,04-05-2026
2921,App Install,03-04-2026
2921,Signup,05-04-2026
2921,KYC Verification,05-04-2026
2921,First Transaction,10-04-2026
2922,App Install,03-04-2026
2922,Signup,05-04-2026
2923,App Install,16-05-2026
2923,Signup,17-05-2026
2923,KYC Verification,17-05-2026
2923,First Transaction,21-05-2026
2924,App Install,10-06-2026
2925,App Install,31-03-2026
2926,App Install,01-05-2026
2926,Signup,01-05-2026
2926,KYC Verification,02-05-2026
2927,App Install,06-07-2026
2928,App Install,07-05-2026
2928,Signup,08-05-2026
2929,App Install,27-06-2026
2930,App Install,03-07-2026
2931,App Install,27-06-2026
2932,App Install,30-06-2026
2932,Signup,02-07-2026
2932,KYC Verification,03-07-2026
2932,First Transaction,06-07-2026
2932,Loan Application,18-07-2026
2932,Loan Approved,21-07-2026
2933,App Install,20-07-2026
2933,Signup,22-07-2026
2934,App Install,14-03-2026
2934,Signup,15-03-2026
2935,App Install,08-03-2026
2936,App Install,21-04-2026
2937,App Install,22-07-2026
2937,Signup,23-07-2026
2937,KYC Verification,23-07-2026
2937,First Transaction,27-07-2026
2937,Loan Application,09-08-2026
2937,Loan Approved,15-08-2026
2938,App Install,02-04-2026
2938,Signup,04-04-2026
2938,KYC Verification,05-04-2026
2938,First Transaction,06-04-2026
2938,Loan Application,17-04-2026
2938,Loan Approved,23-04-2026
2939,App Install,25-05-2026
2940,App Install,18-03-2026
2940,Signup,20-03-2026
2940,KYC Verification,22-03-2026
2940,First Transaction,25-03-2026
2941,App Install,03-05-2026
2941,Signup,05-05-2026
2941,KYC Verification,07-05-2026
2941,First Transaction,09-05-2026
2942,App Install,25-05-2026
2943,App Install,30-05-2026
2943,Signup,01-06-2026
2943,KYC Verification,02-06-2026
2943,First Transaction,03-06-2026
2944,App Install,29-05-2026
2944,Signup,30-05-2026
2945,App Install,29-04-2026
2945,Signup,30-04-2026
2946,App Install,18-05-2026
2947,App Install,11-06-2026
2947,Signup,11-06-2026
2947,KYC Verification,13-06-2026
2947,First Transaction,18-06-2026
2947,Loan Application,02-07-2026
2947,Loan Approved,04-07-2026
2948,App Install,31-03-2026
2948,Signup,31-03-2026
2948,KYC Verification,01-04-2026
2948,First Transaction,05-04-2026
2949,App Install,13-06-2026
2949,Signup,13-06-2026
2949,KYC Verification,13-06-2026
2949,First Transaction,18-06-2026
2949,Loan Application,01-07-2026
2950,App Install,14-06-2026
2950,Signup,14-06-2026
2950,KYC Verification,17-06-2026
2950,First Transaction,21-06-2026
2951,App Install,12-03-2026
2951,Signup,12-03-2026
2952,App Install,21-05-2026
2952,Signup,21-05-2026
2952,KYC Verification,24-05-2026
2952,First Transaction,29-05-2026
2952,Loan Application,11-06-2026
2952,Loan Approved,17-06-2026
2953,App Install,31-03-2026
2953,Signup,01-04-2026
2953,KYC Verification,04-04-2026
2953,First Transaction,08-04-2026
2954,App Install,30-05-2026
2955,App Install,30-03-2026
2956,App Install,19-07-2026
2956,Signup,21-07-2026
2956,KYC Verification,22-07-2026
2956,First Transaction,24-07-2026
2957,App Install,20-05-2026
2957,Signup,21-05-2026
2958,App Install,04-04-2026
2958,Signup,05-04-2026
2958,KYC Verification,06-04-2026
2958,First Transaction,11-04-2026
2959,App Install,31-05-2026
2959,Signup,01-06-2026
2959,KYC Verification,02-06-2026
2959,First Transaction,07-06-2026
2959,Loan Application,08-06-2026
2959,Loan Approved,12-06-2026
2960,App Install,01-04-2026
2961,App Install,28-07-2026
2961,Signup,29-07-2026
2962,App Install,05-07-2026
2963,App Install,18-04-2026
2963,Signup,20-04-2026
2963,KYC Verification,21-04-2026
2963,First Transaction,25-04-2026
2964,App Install,24-03-2026
2965,App Install,17-04-2026
2966,App Install,09-05-2026
2966,Signup,09-05-2026
2966,KYC Verification,11-05-2026
2967,App Install,20-04-2026
2967,Signup,21-04-2026
2967,KYC Verification,22-04-2026
2967,First Transaction,27-04-2026
2968,App Install,24-04-2026
2969,App Install,02-05-2026
2970,App Install,10-03-2026
2970,Signup,11-03-2026
2970,KYC Verification,13-03-2026
2970,First Transaction,16-03-2026
2970,Loan Application,21-03-2026
2970,Loan Approved,24-03-2026
2971,App Install,31-07-2026
2971,Signup,31-07-2026
2972,App Install,11-05-2026
2973,App Install,07-06-2026
2973,Signup,09-06-2026
2974,App Install,01-07-2026
2974,Signup,01-07-2026
2974,KYC Verification,03-07-2026
2974,First Transaction,05-07-2026
2974,Loan Application,12-07-2026
2974,Loan Approved,18-07-2026
2975,App Install,25-06-2026
2975,Signup,26-06-2026
2976,App Install,27-04-2026
2977,App Install,08-04-2026
2978,App Install,07-03-2026
2978,Signup,08-03-2026
2978,KYC Verification,10-03-2026
2978,First Transaction,11-03-2026
2978,Loan Application,17-03-2026
2978,Loan Approved,24-03-2026
2979,App Install,24-03-2026
2980,App Install,24-05-2026
2980,Signup,25-05-2026
2980,KYC Verification,27-05-2026
2981,App Install,05-03-2026
2981,Signup,06-03-2026
2981,KYC Verification,07-03-2026
2981,First Transaction,09-03-2026
2982,App Install,16-06-2026
2982,Signup,17-06-2026
2982,KYC Verification,19-06-2026
2983,App Install,23-03-2026
2983,Signup,24-03-2026
2983,KYC Verification,25-03-2026
2983,First Transaction,27-03-2026
2983,Loan Application,10-04-2026
2983,Loan Approved,12-04-2026
2984,App Install,26-03-2026
2984,Signup,27-03-2026
2985,App Install,15-06-2026
2985,Signup,16-06-2026
2985,KYC Verification,19-06-2026
2985,First Transaction,21-06-2026
2986,App Install,19-05-2026
2986,Signup,19-05-2026
2986,KYC Verification,22-05-2026
2986,First Transaction,23-05-2026
2987,App Install,10-07-2026
2987,Signup,12-07-2026
2987,KYC Verification,13-07-2026
2988,App Install,21-04-2026
2988,Signup,23-04-2026
2988,KYC Verification,23-04-2026
2988,First Transaction,25-04-2026
2989,App Install,05-07-2026
2990,App Install,10-06-2026
2990,Signup,11-06-2026
2990,KYC Verification,13-06-2026
2990,First Transaction,14-06-2026
2991,App Install,06-04-2026
2991,Signup,08-04-2026
2992,App Install,01-06-2026
2993,App Install,12-06-2026
2993,Signup,12-06-2026
2993,KYC Verification,13-06-2026
2993,First Transaction,15-06-2026
2993,Loan Application,17-06-2026
2993,Loan Approved,20-06-2026
2994,App Install,21-07-2026
2994,Signup,23-07-2026
2994,KYC Verification,23-07-2026
2994,First Transaction,27-07-2026
2995,App Install,05-06-2026
2995,Signup,06-06-2026
2995,KYC Verification,09-06-2026
2995,First Transaction,10-06-2026
2995,Loan Application,13-06-2026
2995,Loan Approved,17-06-2026
2996,App Install,09-07-2026
2996,Signup,09-07-2026
2997,App Install,18-03-2026
2997,Signup,19-03-2026
2998,App Install,07-07-2026
2998,Signup,09-07-2026
2998,KYC Verification,11-07-2026
2998,First Transaction,15-07-2026
2999,App Install,19-06-2026
2999,Signup,21-06-2026
3000,App Install,17-05-2026
3000,Signup,17-05-2026
3001,App Install,19-04-2026
3001,Signup,20-04-2026
3002,App Install,17-03-2026
3002,Signup,19-03-2026
3003,App Install,12-07-2026
3004,App Install,08-05-2026
3004,Signup,08-05-2026
3005,App Install,17-05-2026
3006,App Install,08-07-2026
3006,Signup,09-07-2026
3007,App Install,17-06-2026
3007,Signup,18-06-2026
3008,App Install,03-07-2026
3008,Signup,04-07-2026
3008,KYC Verification,04-07-2026
3009,App Install,08-03-2026
3009,Signup,09-03-2026
3009,KYC Verification,10-03-2026
3009,First Transaction,12-03-2026
3009,Loan Application,22-03-2026
3009,Loan Approved,24-03-2026
3010,App Install,10-05-2026
3011,App Install,11-03-2026
3011,Signup,13-03-2026
3012,App Install,17-06-2026
3012,Signup,17-06-2026
3012,KYC Verification,18-06-2026
3012,First Transaction,20-06-2026
3012,Loan Application,30-06-2026
3012,Loan Approved,05-07-2026
3013,App Install,05-05-2026
3014,App Install,21-03-2026
3014,Signup,23-03-2026
3014,KYC Verification,24-03-2026
3014,First Transaction,27-03-2026
3014,Loan Application,08-04-2026
3014,Loan Approved,13-04-2026
3015,App Install,15-07-2026
3016,App Install,07-04-2026
3016,Signup,08-04-2026
3016,KYC Verification,09-04-2026
3016,First Transaction,14-04-2026
3017,App Install,03-06-2026
3017,Signup,03-06-2026
3017,KYC Verification,04-06-2026
3017,First Transaction,08-06-2026
3017,Loan Application,10-06-2026
3017,Loan Approved,17-06-2026
3018,App Install,30-03-2026
3018,Signup,31-03-2026
3019,App Install,29-04-2026
3019,Signup,01-05-2026
3019,KYC Verification,03-05-2026
3019,First Transaction,07-05-2026
3020,App Install,10-06-2026
3020,Signup,12-06-2026
3020,KYC Verification,13-06-2026
3021,App Install,01-03-2026
3022,App Install,15-03-2026
3022,Signup,16-03-2026
3023,App Install,28-06-2026
3023,Signup,28-06-2026
3024,App Install,10-06-2026
3024,Signup,11-06-2026
3025,App Install,15-04-2026
3025,Signup,17-04-2026
3025,KYC Verification,19-04-2026
3025,First Transaction,24-04-2026
3026,App Install,18-04-2026
3027,App Install,11-04-2026
3027,Signup,13-04-2026
3027,KYC Verification,15-04-2026
3028,App Install,24-06-2026
3028,Signup,24-06-2026
3029,App Install,21-06-2026
3029,Signup,21-06-2026
3029,KYC Verification,24-06-2026
3029,First Transaction,28-06-2026
3030,App Install,17-05-2026
3030,Signup,18-05-2026
3030,KYC Verification,20-05-2026
3030,First Transaction,24-05-2026
3030,Loan Application,26-05-2026
3030,Loan Approved,28-05-2026
3031,App Install,09-03-2026
3032,App Install,16-05-2026
3032,Signup,16-05-2026
3033,App Install,05-07-2026
3034,App Install,22-03-2026
3034,Signup,23-03-2026
3034,KYC Verification,25-03-2026
3035,App Install,29-07-2026
3035,Signup,31-07-2026
3035,KYC Verification,31-07-2026
3035,First Transaction,04-08-2026
3035,Loan Application,06-08-2026
3036,App Install,29-03-2026
3036,Signup,31-03-2026
3037,App Install,22-05-2026
3037,Signup,24-05-2026
3037,KYC Verification,24-05-2026
3037,First Transaction,26-05-2026
3038,App Install,21-07-2026
3039,App Install,23-07-2026
3039,Signup,25-07-2026
3040,App Install,18-03-2026
3040,Signup,18-03-2026
3041,App Install,21-04-2026
3041,Signup,22-04-2026
3042,App Install,09-04-2026
3042,Signup,11-04-2026
3042,KYC Verification,12-04-2026
3042,First Transaction,14-04-2026
3043,App Install,23-04-2026
3044,App Install,08-06-2026
3044,Signup,08-06-2026
3044,KYC Verification,11-06-2026
3044,First Transaction,15-06-2026
3045,App Install,28-03-2026
3045,Signup,29-03-2026
3046,App Install,10-05-2026
3046,Signup,10-05-2026
3046,KYC Verification,12-05-2026
3046,First Transaction,13-05-2026
3047,App Install,17-05-2026
3047,Signup,17-05-2026
3047,KYC Verification,20-05-2026
3047,First Transaction,25-05-2026
3048,App Install,30-06-2026
3048,Signup,01-07-2026
3048,KYC Verification,02-07-2026
3048,First Transaction,07-07-2026
3048,Loan Application,08-07-2026
3048,Loan Approved,13-07-2026
3049,App Install,31-07-2026
3049,Signup,02-08-2026
3049,KYC Verification,03-08-2026
3049,First Transaction,08-08-2026
3050,App Install,12-03-2026
3050,Signup,13-03-2026
3050,KYC Verification,13-03-2026
3051,App Install,14-03-2026
3052,App Install,19-06-2026
3053,App Install,22-05-2026
3053,Signup,23-05-2026
3054,App Install,08-07-2026
3054,Signup,08-07-2026
3054,KYC Verification,11-07-2026
3054,First Transaction,16-07-2026
3055,App Install,14-06-2026
3055,Signup,15-06-2026
3055,KYC Verification,16-06-2026
3056,App Install,24-03-2026
3056,Signup,25-03-2026
3057,App Install,26-07-2026
3057,Signup,27-07-2026
3058,App Install,27-07-2026
3058,Signup,29-07-2026
3059,App Install,12-06-2026
3060,App Install,03-05-2026
3060,Signup,03-05-2026
3060,KYC Verification,03-05-2026
3061,App Install,15-04-2026
3062,App Install,10-03-2026
3062,Signup,11-03-2026
3062,KYC Verification,11-03-2026
3062,First Transaction,12-03-2026
3063,App Install,08-07-2026
3063,Signup,09-07-2026
3064,App Install,19-06-2026
3064,Signup,20-06-2026
3065,App Install,10-03-2026
3066,App Install,24-03-2026
3066,Signup,25-03-2026
3066,KYC Verification,26-03-2026
3066,First Transaction,30-03-2026
3066,Loan Application,11-04-2026
3066,Loan Approved,14-04-2026
3067,App Install,19-04-2026
3067,Signup,19-04-2026
3067,KYC Verification,19-04-2026
3068,App Install,24-05-2026
3068,Signup,24-05-2026
3068,KYC Verification,26-05-2026
3068,First Transaction,29-05-2026
3069,App Install,08-07-2026
3069,Signup,09-07-2026
3069,KYC Verification,10-07-2026
3070,App Install,17-06-2026
3070,Signup,17-06-2026
3070,KYC Verification,18-06-2026
3070,First Transaction,21-06-2026
3071,App Install,11-04-2026
3071,Signup,12-04-2026
3071,KYC Verification,14-04-2026
3071,First Transaction,17-04-2026
3072,App Install,28-05-2026
3072,Signup,28-05-2026
3073,App Install,10-05-2026
3073,Signup,12-05-2026
3073,KYC Verification,13-05-2026
3073,First Transaction,14-05-2026
3073,Loan Application,15-05-2026
3074,App Install,25-04-2026
3074,Signup,26-04-2026
3075,App Install,11-07-2026
3075,Signup,12-07-2026
3075,KYC Verification,14-07-2026
3075,First Transaction,16-07-2026
3076,App Install,04-03-2026
3076,Signup,06-03-2026
3077,App Install,04-04-2026
3077,Signup,05-04-2026
3077,KYC Verification,08-04-2026
3077,First Transaction,13-04-2026
3078,App Install,22-06-2026
3078,Signup,24-06-2026
3079,App Install,13-07-2026
3080,App Install,10-03-2026
3080,Signup,10-03-2026
3080,KYC Verification,13-03-2026
3080,First Transaction,16-03-2026
3081,App Install,12-05-2026
3081,Signup,12-05-2026
3081,KYC Verification,14-05-2026
3082,App Install,13-03-2026
3082,Signup,14-03-2026
3082,KYC Verification,15-03-2026
3083,App Install,19-07-2026
3083,Signup,21-07-2026
3084,App Install,28-05-2026
3085,App Install,11-04-2026
3085,Signup,12-04-2026
3086,App Install,26-04-2026
3086,Signup,28-04-2026
3086,KYC Verification,29-04-2026
3086,First Transaction,30-04-2026
3087,App Install,23-03-2026
3087,Signup,24-03-2026
3087,KYC Verification,24-03-2026
3088,App Install,06-05-2026
3088,Signup,06-05-2026
3089,App Install,21-03-2026
3089,Signup,21-03-2026
3090,App Install,01-07-2026
3090,Signup,02-07-2026
3090,KYC Verification,03-07-2026
3090,First Transaction,05-07-2026
3091,App Install,22-03-2026
3091,Signup,22-03-2026
3091,KYC Verification,23-03-2026
3092,App Install,16-04-2026
3092,Signup,18-04-2026
3093,App Install,01-03-2026
3093,Signup,02-03-2026
3093,KYC Verification,02-03-2026
3093,First Transaction,07-03-2026
3094,App Install,19-04-2026
3094,Signup,19-04-2026
3094,KYC Verification,21-04-2026
3095,App Install,23-05-2026
3095,Signup,24-05-2026
3095,KYC Verification,26-05-2026
3095,First Transaction,28-05-2026
3095,Loan Application,02-06-2026
3095,Loan Approved,07-06-2026
3096,App Install,26-03-2026
3096,Signup,27-03-2026
3096,KYC Verification,29-03-2026
3097,App Install,09-06-2026
3098,App Install,27-06-2026
3099,App Install,13-05-2026
3100,App Install,04-06-2026
3100,Signup,06-06-2026
3101,App Install,09-03-2026
3101,Signup,10-03-2026
3101,KYC Verification,10-03-2026
3101,First Transaction,15-03-2026
3101,Loan Application,26-03-2026
3102,App Install,29-06-2026
3102,Signup,30-06-2026
3102,KYC Verification,01-07-2026
3102,First Transaction,03-07-2026
3103,App Install,10-03-2026
3103,Signup,11-03-2026
3103,KYC Verification,13-03-2026
3104,App Install,18-07-2026
3104,Signup,20-07-2026
3104,KYC Verification,21-07-2026
3104,First Transaction,25-07-2026
3105,App Install,06-05-2026
3105,Signup,07-05-2026
3106,App Install,19-04-2026
3106,Signup,20-04-2026
3106,KYC Verification,22-04-2026
3107,App Install,28-07-2026
3107,Signup,29-07-2026
3107,KYC Verification,01-08-2026
3107,First Transaction,06-08-2026
3108,App Install,27-06-2026
3108,Signup,28-06-2026
3108,KYC Verification,30-06-2026
3108,First Transaction,03-07-2026
3109,App Install,24-04-2026
3109,Signup,25-04-2026
3109,KYC Verification,26-04-2026
3109,First Transaction,29-04-2026
3110,App Install,17-06-2026
3111,App Install,19-03-2026
3111,Signup,20-03-2026
3111,KYC Verification,20-03-2026
3111,First Transaction,25-03-2026
3112,App Install,10-03-2026
3112,Signup,11-03-2026
3112,KYC Verification,12-03-2026
3112,First Transaction,15-03-2026
3113,App Install,05-06-2026
3113,Signup,06-06-2026
3114,App Install,29-03-2026
3114,Signup,31-03-2026
3114,KYC Verification,03-04-2026
3115,App Install,15-05-2026
3115,Signup,16-05-2026
3115,KYC Verification,18-05-2026
3115,First Transaction,21-05-2026
3115,Loan Application,27-05-2026
3115,Loan Approved,31-05-2026
3116,App Install,06-03-2026
3116,Signup,07-03-2026
3117,App Install,10-04-2026
3117,Signup,11-04-2026
3118,App Install,21-07-2026
3118,Signup,22-07-2026
3118,KYC Verification,24-07-2026
3118,First Transaction,28-07-2026
3119,App Install,10-07-2026
3119,Signup,10-07-2026
3119,KYC Verification,12-07-2026
3120,App Install,15-03-2026
3120,Signup,16-03-2026
3121,App Install,29-04-2026
3121,Signup,30-04-2026
3121,KYC Verification,02-05-2026
3122,App Install,14-07-2026
3122,Signup,15-07-2026
3123,App Install,24-07-2026
3123,Signup,24-07-2026
3123,KYC Verification,24-07-2026
3124,App Install,16-03-2026
3125,App Install,16-03-2026
3126,App Install,07-03-2026
3126,Signup,09-03-2026
3127,App Install,23-03-2026
3128,App Install,16-07-2026
3128,Signup,16-07-2026
3129,App Install,03-03-2026
3129,Signup,03-03-2026
3130,App Install,24-06-2026
3130,Signup,25-06-2026
3130,KYC Verification,26-06-2026
3130,First Transaction,28-06-2026
3130,Loan Application,29-06-2026
3130,Loan Approved,30-06-2026
3131,App Install,02-07-2026
3131,Signup,02-07-2026
3132,App Install,27-06-2026
3132,Signup,28-06-2026
3133,App Install,27-07-2026
3134,App Install,14-05-2026
3134,Signup,15-05-2026
3135,App Install,04-07-2026
3135,Signup,05-07-2026
3135,KYC Verification,07-07-2026
3135,First Transaction,12-07-2026
3136,App Install,18-06-2026
3136,Signup,18-06-2026
3136,KYC Verification,20-06-2026
3137,App Install,27-06-2026
3138,App Install,13-06-2026
3138,Signup,14-06-2026
3138,KYC Verification,14-06-2026
3139,App Install,01-04-2026
3139,Signup,02-04-2026
3139,KYC Verification,03-04-2026
3140,App Install,07-05-2026
3140,Signup,09-05-2026
3141,App Install,15-06-2026
3141,Signup,16-06-2026
3141,KYC Verification,17-06-2026
3141,First Transaction,21-06-2026
3142,App Install,15-07-2026
3143,App Install,25-06-2026
3143,Signup,25-06-2026
3144,App Install,12-04-2026
3145,App Install,14-04-2026
3146,App Install,11-04-2026
3146,Signup,11-04-2026
3147,App Install,10-03-2026
3147,Signup,10-03-2026
3147,KYC Verification,12-03-2026
3147,First Transaction,14-03-2026
3148,App Install,17-03-2026
3148,Signup,18-03-2026
3148,KYC Verification,21-03-2026
3149,App Install,28-06-2026
3150,App Install,11-07-2026
3150,Signup,13-07-2026
3150,KYC Verification,15-07-2026
3150,First Transaction,17-07-2026
3150,Loan Application,24-07-2026
3151,App Install,30-03-2026
3151,Signup,31-03-2026
3152,App Install,22-06-2026
3153,App Install,07-04-2026
3154,App Install,12-06-2026
3154,Signup,14-06-2026
3155,App Install,13-03-2026
3156,App Install,13-04-2026
3157,App Install,01-05-2026
3157,Signup,02-05-2026
3157,KYC Verification,03-05-2026
3157,First Transaction,05-05-2026
3158,App Install,27-04-2026
3158,Signup,29-04-2026
3158,KYC Verification,01-05-2026
3158,First Transaction,03-05-2026
3159,App Install,29-03-2026
3159,Signup,29-03-2026
3159,KYC Verification,30-03-2026
3159,First Transaction,02-04-2026
3159,Loan Application,13-04-2026
3159,Loan Approved,19-04-2026
3160,App Install,30-04-2026
3160,Signup,01-05-2026
3160,KYC Verification,02-05-2026
3160,First Transaction,03-05-2026
3160,Loan Application,17-05-2026
3160,Loan Approved,22-05-2026
3161,App Install,15-03-2026
3161,Signup,17-03-2026
3162,App Install,20-04-2026
3162,Signup,22-04-2026
3162,KYC Verification,24-04-2026
3163,App Install,04-04-2026
3163,Signup,05-04-2026
3163,KYC Verification,08-04-2026
3163,First Transaction,12-04-2026
3163,Loan Application,18-04-2026
3164,App Install,25-03-2026
3164,Signup,26-03-2026
3164,KYC Verification,29-03-2026
3165,App Install,17-07-2026
3165,Signup,19-07-2026
3166,App Install,10-06-2026
3167,App Install,15-07-2026
3167,Signup,17-07-2026
3167,KYC Verification,20-07-2026
3167,First Transaction,22-07-2026
3168,App Install,08-04-2026
3168,Signup,08-04-2026
3168,KYC Verification,11-04-2026
3168,First Transaction,14-04-2026
3168,Loan Application,21-04-2026
3168,Loan Approved,26-04-2026
3169,App Install,20-06-2026
3169,Signup,22-06-2026
3170,App Install,17-05-2026
3171,App Install,21-06-2026
3171,Signup,21-06-2026
3172,App Install,25-03-2026
3172,Signup,26-03-2026
3173,App Install,15-05-2026
3173,Signup,15-05-2026
3173,KYC Verification,16-05-2026
3174,App Install,20-07-2026
3174,Signup,21-07-2026
3174,KYC Verification,23-07-2026
3174,First Transaction,28-07-2026
3175,App Install,21-06-2026
3175,Signup,23-06-2026
3175,KYC Verification,23-06-2026
3175,First Transaction,25-06-2026
3175,Loan Application,08-07-2026
3175,Loan Approved,13-07-2026
3176,App Install,04-03-2026
3176,Signup,05-03-2026
3177,App Install,08-03-2026
3177,Signup,08-03-2026
3177,KYC Verification,10-03-2026
3178,App Install,01-06-2026
3179,App Install,29-07-2026
3179,Signup,31-07-2026
3179,KYC Verification,02-08-2026
3179,First Transaction,07-08-2026
3179,Loan Application,13-08-2026
3180,App Install,11-05-2026
3180,Signup,11-05-2026
3180,KYC Verification,12-05-2026
3180,First Transaction,13-05-2026
3181,App Install,13-03-2026
3181,Signup,14-03-2026
3182,App Install,15-06-2026
3182,Signup,15-06-2026
3182,KYC Verification,16-06-2026
3183,App Install,10-04-2026
3183,Signup,11-04-2026
3183,KYC Verification,11-04-2026
3183,First Transaction,15-04-2026
3184,App Install,06-04-2026
3185,App Install,19-07-2026
3185,Signup,20-07-2026
3185,KYC Verification,22-07-2026
3185,First Transaction,24-07-2026
3185,Loan Application,05-08-2026
3185,Loan Approved,08-08-2026
3186,App Install,18-07-2026
3186,Signup,20-07-2026
3186,KYC Verification,22-07-2026
3186,First Transaction,24-07-2026
3187,App Install,02-05-2026
3187,Signup,03-05-2026
3187,KYC Verification,04-05-2026
3188,App Install,17-06-2026
3188,Signup,18-06-2026
3188,KYC Verification,18-06-2026
3188,First Transaction,21-06-2026
3189,App Install,26-07-2026
3190,App Install,27-03-2026
3190,Signup,29-03-2026
3191,App Install,04-03-2026
3191,Signup,06-03-2026
3191,KYC Verification,06-03-2026
3191,First Transaction,08-03-2026
3192,App Install,03-04-2026
3192,Signup,03-04-2026
3192,KYC Verification,05-04-2026
3192,First Transaction,09-04-2026
3193,App Install,18-04-2026
3193,Signup,18-04-2026
3193,KYC Verification,19-04-2026
3193,First Transaction,20-04-2026
3194,App Install,06-06-2026
3194,Signup,08-06-2026
3194,KYC Verification,08-06-2026
3194,First Transaction,11-06-2026
3194,Loan Application,23-06-2026
3195,App Install,07-07-2026
3195,Signup,08-07-2026
3196,App Install,28-06-2026
3196,Signup,29-06-2026
3196,KYC Verification,02-07-2026
3197,App Install,21-07-2026
3197,Signup,22-07-2026
3197,KYC Verification,25-07-2026
3198,App Install,18-06-2026
3198,Signup,18-06-2026
3198,KYC Verification,19-06-2026
3198,First Transaction,24-06-2026
3199,App Install,04-06-2026
3199,Signup,05-06-2026
3200,App Install,24-04-2026
3201,App Install,04-07-2026
3201,Signup,04-07-2026
3202,App Install,19-04-2026
3202,Signup,20-04-2026
3202,KYC Verification,22-04-2026
3202,First Transaction,24-04-2026
3203,App Install,07-06-2026
3203,Signup,07-06-2026
3204,App Install,11-04-2026
3204,Signup,11-04-2026
3204,KYC Verification,13-04-2026
3204,First Transaction,18-04-2026
3204,Loan Application,24-04-2026
3204,Loan Approved,30-04-2026
3205,App Install,15-07-2026
3206,App Install,11-06-2026
3206,Signup,12-06-2026
3206,KYC Verification,13-06-2026
3206,First Transaction,14-06-2026
3206,Loan Application,20-06-2026
3206,Loan Approved,21-06-2026
3207,App Install,05-03-2026
3207,Signup,05-03-2026
3208,App Install,02-03-2026
3209,App Install,09-05-2026
3209,Signup,10-05-2026
3209,KYC Verification,13-05-2026
3210,App Install,29-07-2026
3211,App Install,21-04-2026
3211,Signup,23-04-2026
3211,KYC Verification,24-04-2026
3211,First Transaction,25-04-2026
3212,App Install,04-03-2026
3212,Signup,06-03-2026
3212,KYC Verification,06-03-2026
3213,App Install,20-04-2026
3214,App Install,07-03-2026
3214,Signup,07-03-2026
3214,KYC Verification,09-03-2026
3214,First Transaction,10-03-2026
3214,Loan Application,23-03-2026
3215,App Install,24-06-2026
3215,Signup,25-06-2026
3215,KYC Verification,26-06-2026
3215,First Transaction,27-06-2026
3215,Loan Application,09-07-2026
3215,Loan Approved,10-07-2026
3216,App Install,06-06-2026
3217,App Install,22-06-2026
3217,Signup,22-06-2026
3217,KYC Verification,23-06-2026
3218,App Install,24-05-2026
3218,Signup,24-05-2026
3219,App Install,30-03-2026
3219,Signup,31-03-2026
3219,KYC Verification,01-04-2026
3219,First Transaction,03-04-2026
3219,Loan Application,07-04-2026
3220,App Install,01-06-2026
3220,Signup,02-06-2026
3220,KYC Verification,04-06-2026
3220,First Transaction,07-06-2026
3220,Loan Application,11-06-2026
3220,Loan Approved,16-06-2026
3221,App Install,14-06-2026
3221,Signup,14-06-2026
3221,KYC Verification,16-06-2026
3221,First Transaction,18-06-2026
3222,App Install,31-03-2026
3222,Signup,01-04-2026
3223,App Install,19-06-2026
3224,App Install,24-06-2026
3225,App Install,01-07-2026
3225,Signup,03-07-2026
3225,KYC Verification,05-07-2026
3226,App Install,14-05-2026
3226,Signup,14-05-2026
3226,KYC Verification,17-05-2026
3226,First Transaction,22-05-2026
3227,App Install,16-03-2026
3227,Signup,17-03-2026
3227,KYC Verification,18-03-2026
3227,First Transaction,23-03-2026
3227,Loan Application,03-04-2026
3228,App Install,27-07-2026
3228,Signup,28-07-2026
3229,App Install,25-05-2026
3230,App Install,03-04-2026
3231,App Install,20-04-2026
3231,Signup,21-04-2026
3232,App Install,02-07-2026
3232,Signup,04-07-2026
3233,App Install,13-05-2026
3233,Signup,13-05-2026
3234,App Install,16-03-2026
3234,Signup,16-03-2026
3234,KYC Verification,18-03-2026
3235,App Install,30-04-2026
3235,Signup,30-04-2026
3235,KYC Verification,01-05-2026
3236,App Install,05-03-2026
3236,Signup,05-03-2026
3236,KYC Verification,06-03-2026
3236,First Transaction,07-03-2026
3236,Loan Application,09-03-2026
3236,Loan Approved,16-03-2026
3237,App Install,10-04-2026
3237,Signup,11-04-2026
3238,App Install,20-06-2026
3238,Signup,21-06-2026
3239,App Install,12-06-2026
3240,App Install,21-06-2026
3241,App Install,21-05-2026
3241,Signup,23-05-2026
3242,App Install,20-05-2026
3242,Signup,22-05-2026
3242,KYC Verification,24-05-2026
3242,First Transaction,28-05-2026
3242,Loan Application,01-06-2026
3242,Loan Approved,08-06-2026
3243,App Install,12-06-2026
3243,Signup,13-06-2026
3243,KYC Verification,16-06-2026
3243,First Transaction,17-06-2026
3244,App Install,21-07-2026
3245,App Install,27-06-2026
3245,Signup,29-06-2026
3246,App Install,23-04-2026
3246,Signup,24-04-2026
3246,KYC Verification,26-04-2026
3246,First Transaction,29-04-2026
3246,Loan Application,07-05-2026
3247,App Install,18-04-2026
3247,Signup,18-04-2026
3248,App Install,03-03-2026
3248,Signup,03-03-2026
3249,App Install,22-06-2026
3249,Signup,23-06-2026
3249,KYC Verification,24-06-2026
3250,App Install,30-07-2026
3251,App Install,25-07-2026
3251,Signup,27-07-2026
3252,App Install,30-04-2026
3252,Signup,01-05-2026
3253,App Install,04-04-2026
3253,Signup,04-04-2026
3254,App Install,23-04-2026
3255,App Install,02-03-2026
3255,Signup,02-03-2026
3255,KYC Verification,05-03-2026
3255,First Transaction,08-03-2026
3256,App Install,08-06-2026
3257,App Install,02-07-2026
3257,Signup,04-07-2026
3257,KYC Verification,04-07-2026
3257,First Transaction,07-07-2026
3257,Loan Application,15-07-2026
3257,Loan Approved,22-07-2026
3258,App Install,27-06-2026
3259,App Install,29-04-2026
3260,App Install,29-04-2026
3260,Signup,30-04-2026
3261,App Install,13-05-2026
3261,Signup,15-05-2026
3262,App Install,28-06-2026
3262,Signup,29-06-2026
3262,KYC Verification,01-07-2026
3262,First Transaction,04-07-2026
3263,App Install,13-06-2026
3264,App Install,16-06-2026
3264,Signup,17-06-2026
3264,KYC Verification,19-06-2026
3265,App Install,03-03-2026
3265,Signup,03-03-2026
3266,App Install,06-06-2026
3266,Signup,08-06-2026
3266,KYC Verification,11-06-2026
3266,First Transaction,13-06-2026
3266,Loan Application,24-06-2026
3266,Loan Approved,26-06-2026
3267,App Install,19-07-2026
3268,App Install,26-05-2026
3268,Signup,26-05-2026
3268,KYC Verification,29-05-2026
3268,First Transaction,02-06-2026
3269,App Install,23-07-2026
3270,App Install,14-05-2026
3270,Signup,16-05-2026
3270,KYC Verification,16-05-2026
3270,First Transaction,19-05-2026
3271,App Install,22-05-2026
3271,Signup,23-05-2026
3271,KYC Verification,24-05-2026
3271,First Transaction,27-05-2026
3271,Loan Application,06-06-2026
3271,Loan Approved,10-06-2026
3272,App Install,04-06-2026
3272,Signup,05-06-2026
3272,KYC Verification,07-06-2026
3272,First Transaction,11-06-2026
3272,Loan Application,21-06-2026
3273,App Install,04-07-2026
3274,App Install,21-05-2026
3274,Signup,23-05-2026
3274,KYC Verification,24-05-2026
3274,First Transaction,25-05-2026
3275,App Install,26-04-2026
3275,Signup,26-04-2026
3276,App Install,01-06-2026
3276,Signup,02-06-2026
3277,App Install,10-04-2026
3277,Signup,11-04-2026
3277,KYC Verification,13-04-2026
3277,First Transaction,17-04-2026
3278,App Install,27-06-2026
3279,App Install,22-07-2026
3280,App Install,12-05-2026
3280,Signup,13-05-2026
3281,App Install,30-05-2026
3281,Signup,31-05-2026
3281,KYC Verification,01-06-2026
3281,First Transaction,05-06-2026
3281,Loan Application,18-06-2026
3281,Loan Approved,24-06-2026
3282,App Install,30-04-2026
3283,App Install,24-06-2026
3283,Signup,24-06-2026
3283,KYC Verification,25-06-2026
3283,First Transaction,26-06-2026
3284,App Install,26-03-2026
3284,Signup,26-03-2026
3284,KYC Verification,27-03-2026
3284,First Transaction,01-04-2026
3285,App Install,21-06-2026
3285,Signup,23-06-2026
3285,KYC Verification,26-06-2026
3285,First Transaction,30-06-2026
3286,App Install,17-07-2026
3287,App Install,14-03-2026
3287,Signup,14-03-2026
3287,KYC Verification,14-03-2026
3287,First Transaction,15-03-2026
3287,Loan Application,17-03-2026
3288,App Install,27-07-2026
3288,Signup,27-07-2026
3289,App Install,12-06-2026
3290,App Install,19-05-2026
3290,Signup,20-05-2026
3290,KYC Verification,21-05-2026
3290,First Transaction,26-05-2026
3291,App Install,28-06-2026
3292,App Install,20-07-2026
3292,Signup,20-07-2026
3293,App Install,03-06-2026
3294,App Install,20-06-2026
3294,Signup,21-06-2026
3294,KYC Verification,23-06-2026
3294,First Transaction,28-06-2026
3295,App Install,03-03-2026
3295,Signup,05-03-2026
3295,KYC Verification,07-03-2026
3295,First Transaction,08-03-2026
3296,App Install,13-04-2026
3296,Signup,14-04-2026
3296,KYC Verification,15-04-2026
3297,App Install,30-03-2026
3297,Signup,31-03-2026
3297,KYC Verification,01-04-2026
3297,First Transaction,06-04-2026
3297,Loan Application,12-04-2026
3297,Loan Approved,17-04-2026
3298,App Install,26-06-2026
3298,Signup,26-06-2026
3299,App Install,02-06-2026
3300,App Install,29-03-2026
3300,Signup,30-03-2026
3301,App Install,26-03-2026
3301,Signup,27-03-2026
3301,KYC Verification,28-03-2026
3301,First Transaction,31-03-2026
3302,App Install,29-07-2026
3302,Signup,29-07-2026
3302,KYC Verification,30-07-2026
3302,First Transaction,02-08-2026
3303,App Install,21-06-2026
3303,Signup,22-06-2026
3303,KYC Verification,22-06-2026
3303,First Transaction,27-06-2026
3304,App Install,24-07-2026
3304,Signup,25-07-2026
3304,KYC Verification,26-07-2026
3304,First Transaction,27-07-2026
3305,App Install,04-04-2026
3305,Signup,05-04-2026
3306,App Install,30-04-2026
3306,Signup,01-05-2026
3307,App Install,13-07-2026
3307,Signup,14-07-2026
3307,KYC Verification,16-07-2026
3307,First Transaction,21-07-2026
3308,App Install,11-06-2026
3309,App Install,09-03-2026
3309,Signup,10-03-2026
3309,KYC Verification,13-03-2026
3310,App Install,02-03-2026
3310,Signup,03-03-2026
3310,KYC Verification,05-03-2026
3310,First Transaction,10-03-2026
3311,App Install,31-03-2026
3312,App Install,28-06-2026
3312,Signup,28-06-2026
3312,KYC Verification,29-06-2026
3312,First Transaction,01-07-2026
3312,Loan Application,15-07-2026
3313,App Install,24-07-2026
3314,App Install,28-06-2026
3314,Signup,29-06-2026
3315,App Install,27-04-2026
3315,Signup,28-04-2026
3315,KYC Verification,29-04-2026
3315,First Transaction,04-05-2026
3316,App Install,20-04-2026
3316,Signup,21-04-2026
3317,App Install,08-05-2026
3317,Signup,09-05-2026
3318,App Install,17-03-2026
3318,Signup,17-03-2026
3318,KYC Verification,20-03-2026
3319,App Install,23-04-2026
3319,Signup,24-04-2026
3319,KYC Verification,27-04-2026
3320,App Install,04-03-2026
3320,Signup,05-03-2026
3321,App Install,29-07-2026
3321,Signup,29-07-2026
3322,App Install,19-05-2026
3322,Signup,20-05-2026
3322,KYC Verification,22-05-2026
3322,First Transaction,27-05-2026
3323,App Install,13-03-2026
3324,App Install,16-07-2026
3324,Signup,17-07-2026
3324,KYC Verification,17-07-2026
3324,First Transaction,19-07-2026
3325,App Install,19-06-2026
3326,App Install,19-06-2026
3327,App Install,30-03-2026
3327,Signup,01-04-2026
3327,KYC Verification,02-04-2026
3327,First Transaction,06-04-2026
3328,App Install,14-07-2026
3329,App Install,01-06-2026
3329,Signup,02-06-2026
3329,KYC Verification,04-06-2026
3329,First Transaction,09-06-2026
3329,Loan Application,23-06-2026
3329,Loan Approved,24-06-2026
3330,App Install,04-06-2026
3330,Signup,04-06-2026
3331,App Install,16-03-2026
3331,Signup,18-03-2026
3331,KYC Verification,20-03-2026
3331,First Transaction,23-03-2026
3332,App Install,09-04-2026
3332,Signup,10-04-2026
3332,KYC Verification,13-04-2026
3332,First Transaction,15-04-2026
3333,App Install,06-05-2026
3333,Signup,06-05-2026
3333,KYC Verification,08-05-2026
3333,First Transaction,09-05-2026
3334,App Install,14-06-2026
3334,Signup,15-06-2026
3335,App Install,26-03-2026
3335,Signup,27-03-2026
3336,App Install,17-04-2026
3337,App Install,16-07-2026
3337,Signup,17-07-2026
3337,KYC Verification,17-07-2026
3337,First Transaction,22-07-2026
3337,Loan Application,23-07-2026
3338,App Install,14-06-2026
3338,Signup,15-06-2026
3339,App Install,21-03-2026
3340,App Install,14-03-2026
3340,Signup,16-03-2026
3341,App Install,14-03-2026
3341,Signup,15-03-2026
3341,KYC Verification,16-03-2026
3341,First Transaction,21-03-2026
3341,Loan Application,24-03-2026
3342,App Install,28-04-2026
3342,Signup,28-04-2026
3342,KYC Verification,29-04-2026
3342,First Transaction,30-04-2026
3342,Loan Application,11-05-2026
3342,Loan Approved,17-05-2026
3343,App Install,05-07-2026
3343,Signup,06-07-2026
3344,App Install,28-05-2026
3344,Signup,28-05-2026
3345,App Install,07-05-2026
3345,Signup,07-05-2026
3346,App Install,08-06-2026
3347,App Install,05-04-2026
3347,Signup,07-04-2026
3347,KYC Verification,08-04-2026
3348,App Install,12-03-2026
3349,App Install,19-04-2026
3350,App Install,23-05-2026
3350,Signup,24-05-2026
3351,App Install,19-07-2026
3351,Signup,20-07-2026
3351,KYC Verification,22-07-2026
3351,First Transaction,25-07-2026
3351,Loan Application,02-08-2026
3352,App Install,22-05-2026
3352,Signup,23-05-2026
3353,App Install,03-03-2026
3353,Signup,04-03-2026
3353,KYC Verification,04-03-2026
3353,First Transaction,07-03-2026
3354,App Install,20-05-2026
3354,Signup,21-05-2026
3354,KYC Verification,22-05-2026
3354,First Transaction,25-05-2026
3354,Loan Application,05-06-2026
3354,Loan Approved,06-06-2026
3355,App Install,29-04-2026
3356,App Install,24-03-2026
3356,Signup,25-03-2026
3356,KYC Verification,26-03-2026
3356,First Transaction,31-03-2026
3357,App Install,29-06-2026
3358,App Install,20-07-2026
3358,Signup,22-07-2026
3358,KYC Verification,23-07-2026
3359,App Install,13-03-2026
3359,Signup,14-03-2026
3360,App Install,21-07-2026
3361,App Install,20-06-2026
3361,Signup,21-06-2026
3361,KYC Verification,21-06-2026
3361,First Transaction,24-06-2026
3362,App Install,04-03-2026
3363,App Install,27-05-2026
3363,Signup,28-05-2026
3364,App Install,22-03-2026
3364,Signup,22-03-2026
3364,KYC Verification,23-03-2026
3364,First Transaction,26-03-2026
3364,Loan Application,04-04-2026
3364,Loan Approved,11-04-2026
3365,App Install,07-06-2026
3366,App Install,11-04-2026
3366,Signup,12-04-2026
3367,App Install,18-07-2026
3368,App Install,28-05-2026
3368,Signup,28-05-2026
3368,KYC Verification,31-05-2026
3368,First Transaction,05-06-2026
3369,App Install,28-03-2026
3369,Signup,29-03-2026
3369,KYC Verification,30-03-2026
3369,First Transaction,03-04-2026
3369,Loan Application,05-04-2026
3369,Loan Approved,12-04-2026
3370,App Install,22-07-2026
3370,Signup,22-07-2026
3370,KYC Verification,23-07-2026
3370,First Transaction,24-07-2026
3370,Loan Application,01-08-2026
3371,App Install,18-07-2026
3371,Signup,19-07-2026
3371,KYC Verification,20-07-2026
3371,First Transaction,24-07-2026
3372,App Install,03-03-2026
3373,App Install,20-04-2026
3373,Signup,20-04-2026
3374,App Install,19-03-2026
3374,Signup,21-03-2026
3374,KYC Verification,22-03-2026
3374,First Transaction,25-03-2026
3375,App Install,17-05-2026
3375,Signup,17-05-2026
3375,KYC Verification,17-05-2026
3376,App Install,21-06-2026
3376,Signup,22-06-2026
3377,App Install,15-03-2026
3378,App Install,08-04-2026
3378,Signup,08-04-2026
3379,App Install,06-03-2026
3379,Signup,07-03-2026
3380,App Install,17-03-2026
3380,Signup,18-03-2026
3380,KYC Verification,19-03-2026
3380,First Transaction,20-03-2026
3380,Loan Application,03-04-2026
3380,Loan Approved,10-04-2026
3381,App Install,02-03-2026
3381,Signup,02-03-2026
3381,KYC Verification,03-03-2026
3381,First Transaction,05-03-2026
3381,Loan Application,16-03-2026
3381,Loan Approved,23-03-2026
3382,App Install,17-07-2026
3382,Signup,17-07-2026
3383,App Install,10-07-2026
3383,Signup,11-07-2026
3383,KYC Verification,12-07-2026
3383,First Transaction,14-07-2026
3383,Loan Application,26-07-2026
3383,Loan Approved,28-07-2026
3384,App Install,12-05-2026
3384,Signup,12-05-2026
3384,KYC Verification,14-05-2026
3385,App Install,17-07-2026
3385,Signup,18-07-2026
3385,KYC Verification,19-07-2026
3385,First Transaction,21-07-2026
3386,App Install,19-03-2026
3386,Signup,21-03-2026
3386,KYC Verification,22-03-2026
3386,First Transaction,26-03-2026
3386,Loan Application,01-04-2026
3386,Loan Approved,08-04-2026
3387,App Install,02-06-2026
3387,Signup,03-06-2026
3387,KYC Verification,05-06-2026
3388,App Install,27-03-2026
3388,Signup,28-03-2026
3388,KYC Verification,29-03-2026
3389,App Install,01-08-2026
3389,Signup,01-08-2026
3390,App Install,03-03-2026
3390,Signup,04-03-2026
3391,App Install,19-03-2026
3391,Signup,21-03-2026
3391,KYC Verification,23-03-2026
3391,First Transaction,26-03-2026
3391,Loan Application,06-04-2026
3392,App Install,03-03-2026
3393,App Install,06-05-2026
3394,App Install,14-04-2026
3394,Signup,15-04-2026
3394,KYC Verification,17-04-2026
3394,First Transaction,22-04-2026
3395,App Install,06-03-2026
3395,Signup,07-03-2026
3395,KYC Verification,09-03-2026
3395,First Transaction,14-03-2026
3396,App Install,13-03-2026
3396,Signup,14-03-2026
3397,App Install,13-07-2026
3397,Signup,15-07-2026
3397,KYC Verification,17-07-2026
3397,First Transaction,18-07-2026
3397,Loan Application,26-07-2026
3397,Loan Approved,28-07-2026
3398,App Install,07-07-2026
3398,Signup,07-07-2026
3398,KYC Verification,10-07-2026
3398,First Transaction,15-07-2026
3399,App Install,30-06-2026
3399,Signup,02-07-2026
3399,KYC Verification,03-07-2026
3399,First Transaction,08-07-2026
3399,Loan Application,16-07-2026
3399,Loan Approved,23-07-2026
3400,App Install,10-04-2026
3400,Signup,10-04-2026
3400,KYC Verification,12-04-2026
3401,App Install,24-06-2026
3401,Signup,26-06-2026
3401,KYC Verification,27-06-2026
3402,App Install,16-05-2026
3402,Signup,17-05-2026
3403,App Install,14-05-2026
3404,App Install,17-07-2026
3404,Signup,18-07-2026
3404,KYC Verification,21-07-2026
3404,First Transaction,23-07-2026
3405,App Install,21-03-2026
3405,Signup,22-03-2026
3405,KYC Verification,25-03-2026
3405,First Transaction,28-03-2026
3406,App Install,11-04-2026
3406,Signup,12-04-2026
3407,App Install,27-05-2026
3407,Signup,28-05-2026
3407,KYC Verification,29-05-2026
3408,App Install,01-07-2026
3408,Signup,03-07-2026
3409,App Install,30-03-2026
3409,Signup,30-03-2026
3410,App Install,23-03-2026
3410,Signup,25-03-2026
3411,App Install,30-03-2026
3411,Signup,31-03-2026
3412,App Install,13-05-2026
3412,Signup,14-05-2026
3412,KYC Verification,17-05-2026
3412,First Transaction,20-05-2026
3413,App Install,21-06-2026
3413,Signup,22-06-2026
3414,App Install,25-04-2026
3414,Signup,26-04-2026
3414,KYC Verification,28-04-2026
3415,App Install,15-05-2026
3416,App Install,10-03-2026
3417,App Install,30-06-2026
3418,App Install,11-05-2026
3418,Signup,13-05-2026
3418,KYC Verification,16-05-2026
3419,App Install,08-03-2026
3420,App Install,30-03-2026
3420,Signup,01-04-2026
3420,KYC Verification,03-04-2026
3420,First Transaction,08-04-2026
3420,Loan Application,22-04-2026
3420,Loan Approved,27-04-2026
3421,App Install,07-05-2026
3422,App Install,05-03-2026
3422,Signup,06-03-2026
3423,App Install,12-07-2026
3423,Signup,14-07-2026
3423,KYC Verification,17-07-2026
3423,First Transaction,18-07-2026
3423,Loan Application,01-08-2026
3423,Loan Approved,08-08-2026
3424,App Install,24-05-2026
3425,App Install,24-06-2026
3425,Signup,24-06-2026
3426,App Install,23-03-2026
3426,Signup,24-03-2026
3426,KYC Verification,25-03-2026
3426,First Transaction,29-03-2026
3427,App Install,26-05-2026
3427,Signup,28-05-2026
3427,KYC Verification,28-05-2026
3428,App Install,08-04-2026
3428,Signup,10-04-2026
3428,KYC Verification,11-04-2026
3428,First Transaction,13-04-2026
3429,App Install,10-03-2026
3430,App Install,02-05-2026
3431,App Install,27-06-2026
3431,Signup,29-06-2026
3431,KYC Verification,30-06-2026
3431,First Transaction,04-07-2026
3432,App Install,06-05-2026
3432,Signup,08-05-2026
3432,KYC Verification,10-05-2026
3433,App Install,27-04-2026
3433,Signup,28-04-2026
3433,KYC Verification,28-04-2026
3434,App Install,22-05-2026
3435,App Install,02-07-2026
3435,Signup,03-07-2026
3436,App Install,20-04-2026
3436,Signup,21-04-2026
3436,KYC Verification,24-04-2026
3436,First Transaction,25-04-2026
3437,App Install,12-06-2026
3438,App Install,01-06-2026
3439,App Install,19-05-2026
3440,App Install,31-03-2026
3440,Signup,02-04-2026
3440,KYC Verification,03-04-2026
3440,First Transaction,08-04-2026
3441,App Install,05-05-2026
3441,Signup,05-05-2026
3442,App Install,14-05-2026
3442,Signup,14-05-2026
3442,KYC Verification,15-05-2026
3442,First Transaction,16-05-2026
3443,App Install,11-06-2026
3443,Signup,13-06-2026
3443,KYC Verification,15-06-2026
3444,App Install,01-05-2026
3445,App Install,23-04-2026
3445,Signup,25-04-2026
3445,KYC Verification,25-04-2026
3445,First Transaction,27-04-2026
3445,Loan Application,09-05-2026
3445,Loan Approved,15-05-2026
3446,App Install,23-03-2026
3446,Signup,24-03-2026
3447,App Install,21-07-2026
3447,Signup,23-07-2026
3448,App Install,19-06-2026
3448,Signup,21-06-2026
3448,KYC Verification,24-06-2026
3449,App Install,25-06-2026
3449,Signup,25-06-2026
3450,App Install,05-07-2026
3450,Signup,06-07-2026
3450,KYC Verification,07-07-2026
3450,First Transaction,08-07-2026
3451,App Install,29-07-2026
3451,Signup,30-07-2026
3451,KYC Verification,01-08-2026
3451,First Transaction,03-08-2026
3452,App Install,27-06-2026
3452,Signup,29-06-2026
3452,KYC Verification,29-06-2026
3452,First Transaction,03-07-2026
3453,App Install,04-04-2026
3454,App Install,28-03-2026
3454,Signup,29-03-2026
3454,KYC Verification,30-03-2026
3454,First Transaction,02-04-2026
3454,Loan Application,13-04-2026
3454,Loan Approved,19-04-2026
3455,App Install,07-07-2026
3455,Signup,09-07-2026
3456,App Install,03-07-2026
3456,Signup,04-07-2026
3456,KYC Verification,05-07-2026
3456,First Transaction,09-07-2026
3456,Loan Application,13-07-2026
3456,Loan Approved,14-07-2026
3457,App Install,21-03-2026
3457,Signup,23-03-2026
3457,KYC Verification,25-03-2026
3457,First Transaction,30-03-2026
3458,App Install,18-05-2026
3459,App Install,14-06-2026
3460,App Install,20-05-2026
3460,Signup,22-05-2026
3460,KYC Verification,24-05-2026
3460,First Transaction,25-05-2026
3460,Loan Application,28-05-2026
3460,Loan Approved,02-06-2026
3461,App Install,08-04-2026
3461,Signup,10-04-2026
3462,App Install,17-05-2026
3462,Signup,17-05-2026
3462,KYC Verification,20-05-2026
3462,First Transaction,22-05-2026
3462,Loan Application,03-06-2026
3462,Loan Approved,04-06-2026
3463,App Install,26-06-2026
3463,Signup,28-06-2026
3464,App Install,16-07-2026
3464,Signup,17-07-2026
3464,KYC Verification,17-07-2026
3464,First Transaction,20-07-2026
3465,App Install,17-05-2026
3465,Signup,18-05-2026
3465,KYC Verification,20-05-2026
3465,First Transaction,22-05-2026
3466,App Install,31-05-2026
3466,Signup,01-06-2026
3467,App Install,14-05-2026
3467,Signup,14-05-2026
3468,App Install,16-03-2026
3468,Signup,16-03-2026
3468,KYC Verification,16-03-2026
3469,App Install,15-04-2026
3470,App Install,26-04-2026
3470,Signup,28-04-2026
3470,KYC Verification,28-04-2026
3470,First Transaction,01-05-2026
3470,Loan Application,04-05-2026
3471,App Install,09-04-2026
3472,App Install,27-04-2026
3473,App Install,07-03-2026
3473,Signup,07-03-2026
3473,KYC Verification,09-03-2026
3473,First Transaction,12-03-2026
3473,Loan Application,22-03-2026
3473,Loan Approved,25-03-2026
3474,App Install,23-05-2026
3474,Signup,25-05-2026
3475,App Install,29-04-2026
3475,Signup,30-04-2026
3475,KYC Verification,02-05-2026
3476,App Install,18-06-2026
3477,App Install,16-05-2026
3477,Signup,16-05-2026
3477,KYC Verification,19-05-2026
3477,First Transaction,24-05-2026
3478,App Install,11-04-2026
3478,Signup,13-04-2026
3478,KYC Verification,16-04-2026
3478,First Transaction,18-04-2026
3479,App Install,03-05-2026
3479,Signup,04-05-2026
3479,KYC Verification,06-05-2026
3479,First Transaction,09-05-2026
3480,App Install,11-03-2026
3480,Signup,12-03-2026
3480,KYC Verification,15-03-2026
3481,App Install,03-03-2026
3481,Signup,05-03-2026
3481,KYC Verification,07-03-2026
3481,First Transaction,12-03-2026
3481,Loan Application,18-03-2026
3481,Loan Approved,24-03-2026
3482,App Install,05-05-2026
3483,App Install,03-05-2026
3483,Signup,04-05-2026
3483,KYC Verification,05-05-2026
3484,App Install,29-03-2026
3485,App Install,29-03-2026
3485,Signup,31-03-2026
3485,KYC Verification,02-04-2026
3486,App Install,08-04-2026
3486,Signup,10-04-2026
3486,KYC Verification,12-04-2026
3486,First Transaction,14-04-2026
3487,App Install,26-07-2026
3487,Signup,26-07-2026
3487,KYC Verification,26-07-2026
3487,First Transaction,30-07-2026
3487,Loan Application,05-08-2026
3487,Loan Approved,09-08-2026
3488,App Install,30-06-2026
3488,Signup,01-07-2026
3488,KYC Verification,01-07-2026
3488,First Transaction,03-07-2026
3489,App Install,24-03-2026
3489,Signup,25-03-2026
3490,App Install,13-03-2026
3490,Signup,15-03-2026
3491,App Install,10-03-2026
3491,Signup,11-03-2026
3492,App Install,25-06-2026
3492,Signup,26-06-2026
3492,KYC Verification,28-06-2026
3492,First Transaction,02-07-2026
3493,App Install,15-03-2026
3493,Signup,16-03-2026
3493,KYC Verification,17-03-2026
3494,App Install,23-04-2026
3494,Signup,25-04-2026
3494,KYC Verification,26-04-2026
3494,First Transaction,01-05-2026
3495,App Install,04-07-2026
3495,Signup,05-07-2026
3495,KYC Verification,08-07-2026
3495,First Transaction,09-07-2026
3496,App Install,25-07-2026
3497,App Install,26-07-2026
3497,Signup,27-07-2026
3498,App Install,05-06-2026
3498,Signup,06-06-2026
3499,App Install,29-05-2026
3499,Signup,29-05-2026
3499,KYC Verification,30-05-2026
3499,First Transaction,01-06-2026
3500,App Install,21-07-2026
3500,Signup,22-07-2026
3500,KYC Verification,23-07-2026
3500,First Transaction,25-07-2026
3501,App Install,13-06-2026
3501,Signup,15-06-2026
3501,KYC Verification,15-06-2026
3502,App Install,02-07-2026
3502,Signup,04-07-2026
3503,App Install,06-06-2026
3503,Signup,08-06-2026
3504,App Install,16-03-2026
3504,Signup,18-03-2026
3504,KYC Verification,20-03-2026
3504,First Transaction,25-03-2026
3504,Loan Application,01-04-2026
3505,App Install,27-07-2026
3505,Signup,28-07-2026
3505,KYC Verification,29-07-2026
3505,First Transaction,02-08-2026
3505,Loan Application,03-08-2026
3505,Loan Approved,06-08-2026
3506,App Install,27-06-2026
3507,App Install,10-07-2026
3508,App Install,18-06-2026
3509,App Install,08-07-2026
3509,Signup,10-07-2026
3510,App Install,18-04-2026
3510,Signup,20-04-2026
3510,KYC Verification,22-04-2026
3510,First Transaction,23-04-2026
3510,Loan Application,27-04-2026
3511,App Install,30-03-2026
3512,App Install,18-07-2026
3512,Signup,20-07-2026
3513,App Install,26-05-2026
3513,Signup,28-05-2026
3514,App Install,16-07-2026
3514,Signup,17-07-2026
3514,KYC Verification,18-07-2026
3514,First Transaction,23-07-2026
3515,App Install,10-06-2026
3515,Signup,11-06-2026
3515,KYC Verification,11-06-2026
3515,First Transaction,15-06-2026
3516,App Install,21-06-2026
3516,Signup,22-06-2026
3516,KYC Verification,24-06-2026
3516,First Transaction,25-06-2026
3517,App Install,08-03-2026
3517,Signup,09-03-2026
3517,KYC Verification,12-03-2026
3517,First Transaction,14-03-2026
3518,App Install,18-07-2026
3518,Signup,19-07-2026
3518,KYC Verification,20-07-2026
3518,First Transaction,21-07-2026
3519,App Install,01-03-2026
3519,Signup,03-03-2026
3519,KYC Verification,04-03-2026
3520,App Install,18-07-2026
3520,Signup,18-07-2026
3520,KYC Verification,20-07-2026
3521,App Install,18-06-2026
3522,App Install,13-04-2026
3523,App Install,04-07-2026
3523,Signup,05-07-2026
3524,App Install,25-04-2026
3524,Signup,27-04-2026
3524,KYC Verification,30-04-2026
3524,First Transaction,02-05-2026
3525,App Install,13-05-2026
3526,App Install,15-06-2026
3526,Signup,17-06-2026
3526,KYC Verification,19-06-2026
3526,First Transaction,22-06-2026
3527,App Install,23-05-2026
3527,Signup,25-05-2026
3527,KYC Verification,26-05-2026
3527,First Transaction,28-05-2026
3527,Loan Application,04-06-2026
3527,Loan Approved,08-06-2026
3528,App Install,10-04-2026
3529,App Install,05-06-2026
3529,Signup,05-06-2026
3530,App Install,18-03-2026
3530,Signup,19-03-2026
3530,KYC Verification,21-03-2026
3530,First Transaction,26-03-2026
3530,Loan Application,02-04-2026
3530,Loan Approved,07-04-2026
3531,App Install,05-05-2026
3531,Signup,07-05-2026
3531,KYC Verification,08-05-2026
3531,First Transaction,09-05-2026
3532,App Install,28-04-2026
3532,Signup,30-04-2026
3532,KYC Verification,03-05-2026
3532,First Transaction,04-05-2026
3533,App Install,14-06-2026
3533,Signup,15-06-2026
3533,KYC Verification,16-06-2026
3533,First Transaction,17-06-2026
3534,App Install,21-04-2026
3534,Signup,22-04-2026
3535,App Install,08-06-2026
3535,Signup,10-06-2026
3536,App Install,29-06-2026
3536,Signup,30-06-2026
3536,KYC Verification,01-07-2026
3536,First Transaction,05-07-2026
3537,App Install,04-06-2026
3537,Signup,05-06-2026
3537,KYC Verification,07-06-2026
3537,First Transaction,12-06-2026
3538,App Install,17-06-2026
3539,App Install,14-06-2026
3539,Signup,16-06-2026
3540,App Install,11-03-2026
3540,Signup,12-03-2026
3540,KYC Verification,13-03-2026
3540,First Transaction,14-03-2026
3540,Loan Application,20-03-2026
3540,Loan Approved,26-03-2026
3541,App Install,28-05-2026
3541,Signup,29-05-2026
3541,KYC Verification,30-05-2026
3542,App Install,24-07-2026
3542,Signup,25-07-2026
3542,KYC Verification,28-07-2026
3542,First Transaction,01-08-2026
3542,Loan Application,09-08-2026
3542,Loan Approved,12-08-2026
3543,App Install,04-07-2026
3543,Signup,05-07-2026
3543,KYC Verification,07-07-2026
3543,First Transaction,11-07-2026
3544,App Install,26-05-2026
3544,Signup,28-05-2026
3545,App Install,10-07-2026
3546,App Install,06-06-2026
3546,Signup,07-06-2026
3547,App Install,24-03-2026
3547,Signup,26-03-2026
3547,KYC Verification,26-03-2026
3547,First Transaction,31-03-2026
3548,App Install,07-04-2026
3548,Signup,08-04-2026
3548,KYC Verification,10-04-2026
3548,First Transaction,11-04-2026
3548,Loan Application,16-04-2026
3549,App Install,11-06-2026
3550,App Install,24-03-2026
3551,App Install,22-05-2026
3551,Signup,22-05-2026
3551,KYC Verification,22-05-2026
3551,First Transaction,25-05-2026
3551,Loan Application,07-06-2026
3551,Loan Approved,12-06-2026
3552,App Install,22-03-2026
3552,Signup,24-03-2026
3552,KYC Verification,25-03-2026
3553,App Install,27-05-2026
3553,Signup,28-05-2026
3553,KYC Verification,31-05-2026
3553,First Transaction,05-06-2026
3554,App Install,03-03-2026
3554,Signup,04-03-2026
3554,KYC Verification,04-03-2026
3555,App Install,25-07-2026
3555,Signup,26-07-2026
3555,KYC Verification,28-07-2026
3555,First Transaction,30-07-2026
3556,App Install,02-05-2026
3556,Signup,04-05-2026
3556,KYC Verification,07-05-2026
3556,First Transaction,09-05-2026
3557,App Install,21-06-2026
3557,Signup,22-06-2026
3558,App Install,29-05-2026
3558,Signup,30-05-2026
3558,KYC Verification,31-05-2026
3558,First Transaction,03-06-2026
3559,App Install,05-05-2026
3560,App Install,18-04-2026
3561,App Install,20-03-2026
3561,Signup,22-03-2026
3562,App Install,07-05-2026
3562,Signup,08-05-2026
3562,KYC Verification,11-05-2026
3563,App Install,28-03-2026
3564,App Install,24-03-2026
3564,Signup,24-03-2026
3564,KYC Verification,25-03-2026
3564,First Transaction,27-03-2026
3565,App Install,16-03-2026
3565,Signup,17-03-2026
3565,KYC Verification,18-03-2026
3565,First Transaction,23-03-2026
3566,App Install,14-04-2026
3566,Signup,15-04-2026
3566,KYC Verification,18-04-2026
3567,App Install,13-07-2026
3568,App Install,11-04-2026
3568,Signup,13-04-2026
3569,App Install,09-03-2026
3569,Signup,09-03-2026
3569,KYC Verification,11-03-2026
3569,First Transaction,15-03-2026
3570,App Install,11-04-2026
3570,Signup,12-04-2026
3570,KYC Verification,12-04-2026
3570,First Transaction,13-04-2026
3570,Loan Application,22-04-2026
3571,App Install,28-04-2026
3571,Signup,29-04-2026
3571,KYC Verification,02-05-2026
3571,First Transaction,06-05-2026
3572,App Install,09-04-2026
3572,Signup,09-04-2026
3573,App Install,05-06-2026
3573,Signup,06-06-2026
3573,KYC Verification,09-06-2026
3573,First Transaction,13-06-2026
3574,App Install,02-06-2026
3575,App Install,10-05-2026
3575,Signup,11-05-2026
3576,App Install,10-07-2026
3576,Signup,12-07-2026
3576,KYC Verification,14-07-2026
3576,First Transaction,16-07-2026
3576,Loan Application,25-07-2026
3576,Loan Approved,30-07-2026
3577,App Install,08-03-2026
3578,App Install,31-03-2026
3578,Signup,02-04-2026
3579,App Install,04-03-2026
3579,Signup,05-03-2026
3579,KYC Verification,07-03-2026
3579,First Transaction,09-03-2026
3579,Loan Application,17-03-2026
3579,Loan Approved,19-03-2026
3580,App Install,30-06-2026
3581,App Install,15-03-2026
3582,App Install,14-03-2026
3582,Signup,16-03-2026
3582,KYC Verification,19-03-2026
3583,App Install,20-04-2026
3583,Signup,22-04-2026
3583,KYC Verification,24-04-2026
3584,App Install,01-06-2026
3585,App Install,18-07-2026
3585,Signup,19-07-2026
3585,KYC Verification,21-07-2026
3585,First Transaction,25-07-2026
3585,Loan Application,29-07-2026
3585,Loan Approved,02-08-2026
3586,App Install,25-03-2026
3586,Signup,26-03-2026
3586,KYC Verification,28-03-2026
3586,First Transaction,02-04-2026
3587,App Install,03-03-2026
3588,App Install,12-05-2026
3589,App Install,05-06-2026
3589,Signup,06-06-2026
3590,App Install,31-05-2026
3590,Signup,01-06-2026
3590,KYC Verification,03-06-2026
3591,App Install,26-04-2026
3592,App Install,28-04-2026
3592,Signup,29-04-2026
3593,App Install,09-05-2026
3594,App Install,04-05-2026
3594,Signup,05-05-2026
3595,App Install,03-07-2026
3595,Signup,03-07-2026
3595,KYC Verification,03-07-2026
3595,First Transaction,06-07-2026
3595,Loan Application,12-07-2026
3595,Loan Approved,19-07-2026
3596,App Install,07-06-2026
3596,Signup,09-06-2026
3596,KYC Verification,11-06-2026
3596,First Transaction,16-06-2026
3596,Loan Application,25-06-2026
3596,Loan Approved,02-07-2026
3597,App Install,05-06-2026
3598,App Install,23-06-2026
3598,Signup,24-06-2026
3599,App Install,23-06-2026
3600,App Install,22-06-2026
3600,Signup,24-06-2026
3601,App Install,10-03-2026
3602,App Install,30-06-2026
3602,Signup,01-07-2026
3602,KYC Verification,02-07-2026
3602,First Transaction,03-07-2026
3602,Loan Application,09-07-2026
3602,Loan Approved,11-07-2026
3603,App Install,28-06-2026
3604,App Install,29-07-2026
3605,App Install,10-06-2026
3605,Signup,12-06-2026
3606,App Install,21-03-2026
3606,Signup,21-03-2026
3606,KYC Verification,23-03-2026
3606,First Transaction,24-03-2026
3607,App Install,04-05-2026
3608,App Install,24-05-2026
3609,App Install,31-03-2026
3610,App Install,16-03-2026
3610,Signup,18-03-2026
3610,KYC Verification,19-03-2026
3611,App Install,05-07-2026
3611,Signup,07-07-2026
3611,KYC Verification,08-07-2026
3611,First Transaction,10-07-2026
3611,Loan Application,19-07-2026
3611,Loan Approved,26-07-2026
3612,App Install,14-03-2026
3612,Signup,15-03-2026
3612,KYC Verification,16-03-2026
3612,First Transaction,17-03-2026
3613,App Install,01-08-2026
3613,Signup,02-08-2026
3614,App Install,04-04-2026
3615,App Install,29-03-2026
3616,App Install,23-07-2026
3616,Signup,23-07-2026
3617,App Install,11-04-2026
3618,App Install,20-05-2026
3618,Signup,22-05-2026
3619,App Install,27-05-2026
3619,Signup,28-05-2026
3619,KYC Verification,31-05-2026
3619,First Transaction,03-06-2026
3620,App Install,25-05-2026
3620,Signup,26-05-2026
3621,App Install,26-05-2026
3621,Signup,28-05-2026
3621,KYC Verification,28-05-2026
3621,First Transaction,02-06-2026
3622,App Install,14-07-2026
3623,App Install,28-03-2026
3623,Signup,29-03-2026
3623,KYC Verification,31-03-2026
3623,First Transaction,04-04-2026
3623,Loan Application,10-04-2026
3623,Loan Approved,15-04-2026
3624,App Install,16-05-2026
3625,App Install,22-06-2026
3625,Signup,23-06-2026
3625,KYC Verification,25-06-2026
3626,App Install,29-07-2026
3627,App Install,08-03-2026
3628,App Install,26-05-2026
3628,Signup,26-05-2026
3629,App Install,10-04-2026
3629,Signup,10-04-2026
3629,KYC Verification,12-04-2026
3629,First Transaction,16-04-2026
3629,Loan Application,29-04-2026
3629,Loan Approved,30-04-2026
3630,App Install,02-03-2026
3630,Signup,03-03-2026
3630,KYC Verification,06-03-2026
3630,First Transaction,09-03-2026
3630,Loan Application,21-03-2026
3630,Loan Approved,25-03-2026
3631,App Install,10-04-2026
3632,App Install,23-07-2026
3632,Signup,24-07-2026
3633,App Install,29-04-2026
3634,App Install,06-03-2026
3635,App Install,12-07-2026
3635,Signup,14-07-2026
3635,KYC Verification,16-07-2026
3635,First Transaction,18-07-2026
3635,Loan Application,26-07-2026
3635,Loan Approved,30-07-2026
3636,App Install,09-07-2026
3637,App Install,13-07-2026
3637,Signup,14-07-2026
3638,App Install,22-03-2026
3638,Signup,23-03-2026
3638,KYC Verification,25-03-2026
3638,First Transaction,26-03-2026
3638,Loan Application,07-04-2026
3639,App Install,25-04-2026
3639,Signup,26-04-2026
3640,App Install,06-07-2026
3640,Signup,07-07-2026
3640,KYC Verification,10-07-2026
3641,App Install,01-04-2026
3642,App Install,24-05-2026
3643,App Install,11-06-2026
3643,Signup,12-06-2026
3644,App Install,30-06-2026
3645,App Install,24-04-2026
3646,App Install,23-04-2026
3646,Signup,23-04-2026
3646,KYC Verification,26-04-2026
3646,First Transaction,01-05-2026
3646,Loan Application,14-05-2026
3646,Loan Approved,17-05-2026
3647,App Install,01-06-2026
3647,Signup,03-06-2026
3647,KYC Verification,05-06-2026
3647,First Transaction,08-06-2026
3647,Loan Application,19-06-2026
3647,Loan Approved,24-06-2026
3648,App Install,01-08-2026
3648,Signup,03-08-2026
3649,App Install,08-07-2026
3649,Signup,09-07-2026
3649,KYC Verification,10-07-2026
3650,App Install,10-07-2026
3650,Signup,12-07-2026
3650,KYC Verification,12-07-2026
3651,App Install,28-04-2026
3652,App Install,13-07-2026
3652,Signup,14-07-2026
3652,KYC Verification,15-07-2026
3652,First Transaction,16-07-2026
3652,Loan Application,28-07-2026
3652,Loan Approved,02-08-2026
3653,App Install,12-04-2026
3653,Signup,14-04-2026
3653,KYC Verification,15-04-2026
3653,First Transaction,16-04-2026
3654,App Install,14-04-2026
3654,Signup,14-04-2026
3654,KYC Verification,17-04-2026
3655,App Install,19-03-2026
3655,Signup,20-03-2026
3655,KYC Verification,20-03-2026
3655,First Transaction,24-03-2026
3656,App Install,03-04-2026
3656,Signup,04-04-2026
3657,App Install,03-07-2026
3657,Signup,03-07-2026
3658,App Install,09-06-2026
3659,App Install,21-05-2026
3659,Signup,22-05-2026
3659,KYC Verification,23-05-2026
3660,App Install,21-05-2026
3660,Signup,23-05-2026
3661,App Install,18-07-2026
3661,Signup,20-07-2026
3662,App Install,15-03-2026
3662,Signup,16-03-2026
3662,KYC Verification,18-03-2026
3662,First Transaction,19-03-2026
3663,App Install,06-05-2026
3664,App Install,24-03-2026
3664,Signup,26-03-2026
3665,App Install,19-05-2026
3665,Signup,21-05-2026
3665,KYC Verification,23-05-2026
3665,First Transaction,26-05-2026
3665,Loan Application,30-05-2026
3666,App Install,25-06-2026
3666,Signup,26-06-2026
3667,App Install,05-05-2026
3667,Signup,07-05-2026
3667,KYC Verification,07-05-2026
3667,First Transaction,10-05-2026
3667,Loan Application,16-05-2026
3668,App Install,11-03-2026
3668,Signup,11-03-2026
3669,App Install,19-03-2026
3669,Signup,21-03-2026
3670,App Install,14-03-2026
3670,Signup,14-03-2026
3670,KYC Verification,15-03-2026
3670,First Transaction,20-03-2026
3671,App Install,27-04-2026
3671,Signup,28-04-2026
3672,App Install,14-03-2026
3673,App Install,23-03-2026
3673,Signup,25-03-2026
3673,KYC Verification,26-03-2026
3673,First Transaction,28-03-2026
3673,Loan Application,10-04-2026
3673,Loan Approved,15-04-2026
3674,App Install,03-03-2026
3675,App Install,03-06-2026
3675,Signup,03-06-2026
3675,KYC Verification,06-06-2026
3675,First Transaction,08-06-2026
3676,App Install,21-06-2026
3677,App Install,12-03-2026
3677,Signup,13-03-2026
3677,KYC Verification,14-03-2026
3678,App Install,16-04-2026
3679,App Install,11-07-2026
3680,App Install,06-07-2026
3680,Signup,06-07-2026
3680,KYC Verification,07-07-2026
3680,First Transaction,09-07-2026
3681,App Install,20-07-2026
3681,Signup,22-07-2026
3681,KYC Verification,24-07-2026
3682,App Install,16-07-2026
3682,Signup,16-07-2026
3683,App Install,12-07-2026
3683,Signup,14-07-2026
3683,KYC Verification,15-07-2026
3683,First Transaction,18-07-2026
3684,App Install,04-05-2026
3684,Signup,04-05-2026
3684,KYC Verification,05-05-2026
3684,First Transaction,09-05-2026
3685,App Install,10-06-2026
3685,Signup,12-06-2026
3685,KYC Verification,12-06-2026
3685,First Transaction,13-06-2026
3686,App Install,29-07-2026
3687,App Install,28-04-2026
3687,Signup,29-04-2026
3687,KYC Verification,01-05-2026
3687,First Transaction,06-05-2026
3688,App Install,13-03-2026
3689,App Install,25-03-2026
3689,Signup,26-03-2026
3690,App Install,28-06-2026
3690,Signup,30-06-2026
3690,KYC Verification,01-07-2026
3690,First Transaction,03-07-2026
3690,Loan Application,17-07-2026
3690,Loan Approved,22-07-2026
3691,App Install,07-03-2026
3691,Signup,08-03-2026
3691,KYC Verification,09-03-2026
3691,First Transaction,10-03-2026
3692,App Install,03-04-2026
3692,Signup,05-04-2026
3692,KYC Verification,07-04-2026
3692,First Transaction,12-04-2026
3693,App Install,20-07-2026
3693,Signup,22-07-2026
3693,KYC Verification,24-07-2026
3693,First Transaction,28-07-2026
3694,App Install,04-06-2026
3694,Signup,06-06-2026
3694,KYC Verification,07-06-2026
3694,First Transaction,12-06-2026
3694,Loan Application,16-06-2026
3695,App Install,26-04-2026
3696,App Install,02-07-2026
3696,Signup,04-07-2026
3696,KYC Verification,06-07-2026
3696,First Transaction,10-07-2026
3697,App Install,22-07-2026
3697,Signup,22-07-2026
3697,KYC Verification,24-07-2026
3698,App Install,22-07-2026
3698,Signup,23-07-2026
3699,App Install,30-04-2026
3699,Signup,01-05-2026
3699,KYC Verification,01-05-2026
3699,First Transaction,04-05-2026
3699,Loan Application,06-05-2026
3700,App Install,21-04-2026
3700,Signup,22-04-2026
3700,KYC Verification,23-04-2026
3700,First Transaction,26-04-2026
3701,App Install,01-08-2026
3701,Signup,03-08-2026
3701,KYC Verification,03-08-2026
3702,App Install,17-04-2026
3702,Signup,19-04-2026
3703,App Install,22-07-2026
3703,Signup,24-07-2026
3703,KYC Verification,24-07-2026
3703,First Transaction,29-07-2026
3704,App Install,17-07-2026
3704,Signup,19-07-2026
3704,KYC Verification,21-07-2026
3704,First Transaction,26-07-2026
3705,App Install,02-03-2026
3705,Signup,04-03-2026
3705,KYC Verification,05-03-2026
3705,First Transaction,08-03-2026
3705,Loan Application,17-03-2026
3705,Loan Approved,20-03-2026
3706,App Install,12-04-2026
3706,Signup,13-04-2026
3707,App Install,01-03-2026
3707,Signup,03-03-2026
3708,App Install,07-05-2026
3708,Signup,08-05-2026
3708,KYC Verification,08-05-2026
3709,App Install,09-03-2026
3709,Signup,10-03-2026
3710,App Install,30-03-2026
3710,Signup,01-04-2026
3710,KYC Verification,02-04-2026
3710,First Transaction,06-04-2026
3710,Loan Application,18-04-2026
3711,App Install,09-05-2026
3711,Signup,10-05-2026
3711,KYC Verification,11-05-2026
3711,First Transaction,12-05-2026
3712,App Install,09-04-2026
3713,App Install,29-06-2026
3714,App Install,18-06-2026
3714,Signup,19-06-2026
3715,App Install,31-07-2026
3715,Signup,01-08-2026
3715,KYC Verification,01-08-2026
3715,First Transaction,03-08-2026
3716,App Install,29-06-2026
3716,Signup,30-06-2026
3716,KYC Verification,30-06-2026
3716,First Transaction,05-07-2026
3716,Loan Application,06-07-2026
3716,Loan Approved,08-07-2026
3717,App Install,02-07-2026
3718,App Install,19-06-2026
3719,App Install,13-07-2026
3719,Signup,13-07-2026
3719,KYC Verification,15-07-2026
3719,First Transaction,19-07-2026
3719,Loan Application,22-07-2026
3719,Loan Approved,23-07-2026
3720,App Install,05-04-2026
3720,Signup,07-04-2026
3721,App Install,19-04-2026
3721,Signup,20-04-2026
3722,App Install,24-06-2026
3722,Signup,24-06-2026
3722,KYC Verification,25-06-2026
3722,First Transaction,28-06-2026
3723,App Install,23-04-2026
3724,App Install,12-04-2026
3724,Signup,14-04-2026
3724,KYC Verification,16-04-2026
3725,App Install,27-06-2026
3725,Signup,28-06-2026
3725,KYC Verification,28-06-2026
3725,First Transaction,03-07-2026
3726,App Install,04-03-2026
3726,Signup,04-03-2026
3726,KYC Verification,07-03-2026
3726,First Transaction,09-03-2026
3726,Loan Application,11-03-2026
3727,App Install,12-07-2026
3727,Signup,14-07-2026
3727,KYC Verification,14-07-2026
3727,First Transaction,17-07-2026
3728,App Install,08-05-2026
3728,Signup,10-05-2026
3728,KYC Verification,11-05-2026
3728,First Transaction,12-05-2026
3728,Loan Application,23-05-2026
3728,Loan Approved,29-05-2026
3729,App Install,13-05-2026
3730,App Install,15-06-2026
3731,App Install,18-07-2026
3732,App Install,30-07-2026
3732,Signup,30-07-2026
3732,KYC Verification,02-08-2026
3732,First Transaction,06-08-2026
3732,Loan Application,09-08-2026
3732,Loan Approved,13-08-2026
3733,App Install,06-05-2026
3734,App Install,01-08-2026
3735,App Install,20-04-2026
3735,Signup,20-04-2026
3735,KYC Verification,22-04-2026
3735,First Transaction,25-04-2026
3735,Loan Application,08-05-2026
3735,Loan Approved,14-05-2026
3736,App Install,05-06-2026
3737,App Install,08-03-2026
3737,Signup,09-03-2026
3737,KYC Verification,10-03-2026
3738,App Install,14-03-2026
3738,Signup,15-03-2026
3738,KYC Verification,18-03-2026
3738,First Transaction,22-03-2026
3738,Loan Application,04-04-2026
3738,Loan Approved,09-04-2026
3739,App Install,20-04-2026
3740,App Install,09-05-2026
3740,Signup,10-05-2026
3741,App Install,09-06-2026
3741,Signup,11-06-2026
3742,App Install,05-03-2026
3742,Signup,05-03-2026
3742,KYC Verification,06-03-2026
3743,App Install,05-05-2026
3743,Signup,06-05-2026
3743,KYC Verification,07-05-2026
3743,First Transaction,08-05-2026
3744,App Install,23-06-2026
3744,Signup,25-06-2026
3745,App Install,20-04-2026
3745,Signup,20-04-2026
3745,KYC Verification,21-04-2026
3745,First Transaction,25-04-2026
3746,App Install,01-03-2026
3747,App Install,18-05-2026
3747,Signup,20-05-2026
3748,App Install,20-04-2026
3749,App Install,04-07-2026
3749,Signup,06-07-2026
3750,App Install,15-07-2026
3751,App Install,31-07-2026
3751,Signup,02-08-2026
3751,KYC Verification,04-08-2026
3752,App Install,31-05-2026
3753,App Install,05-04-2026
3753,Signup,06-04-2026
3754,App Install,06-04-2026
3755,App Install,13-06-2026
3756,App Install,30-07-2026
3756,Signup,31-07-2026
3757,App Install,10-05-2026
3757,Signup,10-05-2026
3757,KYC Verification,11-05-2026
3757,First Transaction,15-05-2026
3758,App Install,06-07-2026
3758,Signup,06-07-2026
3758,KYC Verification,07-07-2026
3758,First Transaction,11-07-2026
3759,App Install,10-07-2026
3759,Signup,12-07-2026
3760,App Install,22-06-2026
3761,App Install,24-03-2026
3762,App Install,21-03-2026
3762,Signup,22-03-2026
3763,App Install,03-07-2026
3763,Signup,05-07-2026
3763,KYC Verification,06-07-2026
3763,First Transaction,08-07-2026
3764,App Install,15-06-2026
3764,Signup,17-06-2026
3764,KYC Verification,19-06-2026
3764,First Transaction,20-06-2026
3764,Loan Application,02-07-2026
3765,App Install,05-06-2026
3765,Signup,07-06-2026
3765,KYC Verification,09-06-2026
3766,App Install,31-07-2026
3766,Signup,01-08-2026
3766,KYC Verification,01-08-2026
3766,First Transaction,03-08-2026
3767,App Install,15-06-2026
3767,Signup,16-06-2026
3767,KYC Verification,18-06-2026
3768,App Install,24-04-2026
3768,Signup,25-04-2026
3768,KYC Verification,28-04-2026
3768,First Transaction,29-04-2026
3768,Loan Application,12-05-2026
3768,Loan Approved,13-05-2026
3769,App Install,04-04-2026
3769,Signup,05-04-2026
3769,KYC Verification,05-04-2026
3770,App Install,01-03-2026
3770,Signup,01-03-2026
3770,KYC Verification,03-03-2026
3771,App Install,29-05-2026
3771,Signup,29-05-2026
3771,KYC Verification,30-05-2026
3771,First Transaction,02-06-2026
3771,Loan Application,04-06-2026
3771,Loan Approved,09-06-2026
3772,App Install,31-03-2026
3772,Signup,01-04-2026
3772,KYC Verification,01-04-2026
3773,App Install,12-04-2026
3773,Signup,14-04-2026
3774,App Install,01-06-2026
3774,Signup,02-06-2026
3775,App Install,30-07-2026
3775,Signup,01-08-2026
3776,App Install,29-03-2026
3776,Signup,30-03-2026
3776,KYC Verification,02-04-2026
3776,First Transaction,05-04-2026
3777,App Install,26-05-2026
3777,Signup,28-05-2026
3777,KYC Verification,29-05-2026
3777,First Transaction,31-05-2026
3777,Loan Application,08-06-2026
3777,Loan Approved,15-06-2026
3778,App Install,06-06-2026
3778,Signup,07-06-2026
3778,KYC Verification,07-06-2026
3778,First Transaction,11-06-2026
3779,App Install,16-07-2026
3780,App Install,14-03-2026
3780,Signup,16-03-2026
3780,KYC Verification,17-03-2026
3781,App Install,17-04-2026
3781,Signup,19-04-2026
3781,KYC Verification,19-04-2026
3781,First Transaction,22-04-2026
3782,App Install,09-03-2026
3782,Signup,11-03-2026
3782,KYC Verification,13-03-2026
3782,First Transaction,16-03-2026
3782,Loan Application,28-03-2026
3782,Loan Approved,04-04-2026
3783,App Install,10-07-2026
3784,App Install,30-06-2026
3784,Signup,01-07-2026
3785,App Install,30-07-2026
3785,Signup,30-07-2026
3785,KYC Verification,02-08-2026
3785,First Transaction,06-08-2026
3785,Loan Application,12-08-2026
3785,Loan Approved,13-08-2026
3786,App Install,18-03-2026
3787,App Install,27-03-2026
3787,Signup,28-03-2026
3787,KYC Verification,30-03-2026
3788,App Install,05-07-2026
3788,Signup,06-07-2026
3788,KYC Verification,07-07-2026
3789,App Install,21-04-2026
3789,Signup,22-04-2026
3789,KYC Verification,25-04-2026
3789,First Transaction,29-04-2026
3790,App Install,29-07-2026
3791,App Install,02-07-2026
3791,Signup,02-07-2026
3791,KYC Verification,05-07-2026
3791,First Transaction,08-07-2026
3792,App Install,08-05-2026
3792,Signup,09-05-2026
3793,App Install,23-03-2026
3794,App Install,20-07-2026
3795,App Install,13-05-2026
3795,Signup,15-05-2026
3796,App Install,27-07-2026
3796,Signup,29-07-2026
3796,KYC Verification,29-07-2026
3797,App Install,28-03-2026
3797,Signup,29-03-2026
3797,KYC Verification,31-03-2026
3798,App Install,24-07-2026
3798,Signup,25-07-2026
3799,App Install,18-04-2026
3799,Signup,20-04-2026
3800,App Install,29-06-2026
3800,Signup,01-07-2026
3801,App Install,30-07-2026
3802,App Install,11-05-2026
3802,Signup,11-05-2026
3803,App Install,22-07-2026
3804,App Install,07-06-2026
3805,App Install,07-03-2026
3805,Signup,08-03-2026
3805,KYC Verification,10-03-2026
3805,First Transaction,15-03-2026
3805,Loan Application,29-03-2026
3805,Loan Approved,04-04-2026
3806,App Install,08-06-2026
3806,Signup,10-06-2026
3806,KYC Verification,11-06-2026
3806,First Transaction,15-06-2026
3806,Loan Application,24-06-2026
3807,App Install,08-04-2026
3808,App Install,15-03-2026
3809,App Install,09-04-2026
3809,Signup,11-04-2026
3810,App Install,23-07-2026
3811,App Install,08-07-2026
3811,Signup,08-07-2026
3812,App Install,12-05-2026
3813,App Install,07-03-2026
3813,Signup,07-03-2026
3813,KYC Verification,09-03-2026
3814,App Install,28-06-2026
3815,App Install,04-07-2026
3815,Signup,05-07-2026
3816,App Install,22-06-2026
3817,App Install,14-04-2026
3817,Signup,16-04-2026
3818,App Install,06-04-2026
3819,App Install,19-05-2026
3819,Signup,20-05-2026
3820,App Install,30-03-2026
3820,Signup,01-04-2026
3820,KYC Verification,03-04-2026
3821,App Install,17-04-2026
3821,Signup,17-04-2026
3821,KYC Verification,20-04-2026
3821,First Transaction,25-04-2026
3822,App Install,29-04-2026
3822,Signup,29-04-2026
3822,KYC Verification,01-05-2026
3822,First Transaction,05-05-2026
3823,App Install,12-03-2026
3823,Signup,14-03-2026
3823,KYC Verification,16-03-2026
3823,First Transaction,21-03-2026
3824,App Install,29-03-2026
3825,App Install,14-05-2026
3825,Signup,14-05-2026
3826,App Install,19-07-2026
3826,Signup,20-07-2026
3826,KYC Verification,22-07-2026
3827,App Install,10-04-2026
3828,App Install,10-06-2026
3828,Signup,12-06-2026
3828,KYC Verification,13-06-2026
3828,First Transaction,15-06-2026
3829,App Install,28-04-2026
3829,Signup,28-04-2026
3829,KYC Verification,29-04-2026
3829,First Transaction,30-04-2026
3829,Loan Application,05-05-2026
3829,Loan Approved,06-05-2026
3830,App Install,02-05-2026
3830,Signup,04-05-2026
3830,KYC Verification,06-05-2026
3830,First Transaction,10-05-2026
3831,App Install,20-03-2026
3831,Signup,21-03-2026
3832,App Install,18-03-2026
3833,App Install,15-05-2026
3833,Signup,16-05-2026
3833,KYC Verification,18-05-2026
3833,First Transaction,20-05-2026
3833,Loan Application,26-05-2026
3834,App Install,07-05-2026
3835,App Install,02-04-2026
3835,Signup,03-04-2026
3835,KYC Verification,04-04-2026
3835,First Transaction,07-04-2026
3836,App Install,30-04-2026
3836,Signup,02-05-2026
3836,KYC Verification,05-05-2026
3837,App Install,10-03-2026
3837,Signup,11-03-2026
3838,App Install,19-05-2026
3838,Signup,21-05-2026
3839,App Install,01-06-2026
3839,Signup,03-06-2026
3839,KYC Verification,05-06-2026
3839,First Transaction,08-06-2026
3839,Loan Application,13-06-2026
3839,Loan Approved,20-06-2026
3840,App Install,29-06-2026
3840,Signup,29-06-2026
3841,App Install,14-07-2026
3841,Signup,16-07-2026
3841,KYC Verification,18-07-2026
3841,First Transaction,22-07-2026
3841,Loan Application,04-08-2026
3842,App Install,07-05-2026
3842,Signup,07-05-2026
3842,KYC Verification,10-05-2026
3842,First Transaction,15-05-2026
3842,Loan Application,20-05-2026
3842,Loan Approved,23-05-2026
3843,App Install,15-05-2026
3843,Signup,15-05-2026
3843,KYC Verification,16-05-2026
3843,First Transaction,18-05-2026
3844,App Install,18-05-2026
3844,Signup,18-05-2026
3844,KYC Verification,19-05-2026
3844,First Transaction,24-05-2026
3845,App Install,21-04-2026
3846,App Install,21-06-2026
3846,Signup,22-06-2026
3846,KYC Verification,25-06-2026
3846,First Transaction,28-06-2026
3847,App Install,03-03-2026
3847,Signup,05-03-2026
3847,KYC Verification,06-03-2026
3848,App Install,22-03-2026
3849,App Install,19-07-2026
3849,Signup,20-07-2026
3849,KYC Verification,20-07-2026
3849,First Transaction,23-07-2026
3850,App Install,10-05-2026
3850,Signup,10-05-2026
3850,KYC Verification,11-05-2026
3851,App Install,24-07-2026
3851,Signup,24-07-2026
3851,KYC Verification,25-07-2026
3851,First Transaction,27-07-2026
3852,App Install,08-06-2026
3853,App Install,23-04-2026
3853,Signup,24-04-2026
3854,App Install,29-06-2026
3854,Signup,30-06-2026
3854,KYC Verification,30-06-2026
3854,First Transaction,01-07-2026
3855,App Install,19-06-2026
3856,App Install,25-06-2026
3856,Signup,26-06-2026
3857,App Install,20-04-2026
3857,Signup,21-04-2026
3858,App Install,30-03-2026
3858,Signup,30-03-2026
3859,App Install,11-05-2026
3860,App Install,27-04-2026
3860,Signup,28-04-2026
3861,App Install,30-04-2026
3861,Signup,01-05-2026
3862,App Install,21-04-2026
3862,Signup,22-04-2026
3863,App Install,11-03-2026
3863,Signup,12-03-2026
3863,KYC Verification,14-03-2026
3863,First Transaction,17-03-2026
3864,App Install,14-03-2026
3865,App Install,09-07-2026
3865,Signup,10-07-2026
3866,App Install,05-04-2026
3867,App Install,26-07-2026
3867,Signup,27-07-2026
3867,KYC Verification,30-07-2026
3868,App Install,23-06-2026
3868,Signup,23-06-2026
3868,KYC Verification,25-06-2026
3869,App Install,07-05-2026
3869,Signup,08-05-2026
3869,KYC Verification,10-05-2026
3869,First Transaction,12-05-2026
3870,App Install,09-04-2026
3870,Signup,09-04-2026
3871,App Install,03-07-2026
3871,Signup,05-07-2026
3872,App Install,20-07-2026
3873,App Install,01-04-2026
3873,Signup,02-04-2026
3873,KYC Verification,05-04-2026
3873,First Transaction,07-04-2026
3873,Loan Application,08-04-2026
3874,App Install,05-03-2026
3874,Signup,05-03-2026
3874,KYC Verification,08-03-2026
3875,App Install,11-07-2026
3875,Signup,11-07-2026
3875,KYC Verification,14-07-2026
3875,First Transaction,18-07-2026
3876,App Install,09-04-2026
3876,Signup,10-04-2026
3876,KYC Verification,11-04-2026
3876,First Transaction,16-04-2026
3877,App Install,31-07-2026
3877,Signup,02-08-2026
3877,KYC Verification,05-08-2026
3877,First Transaction,09-08-2026
3878,App Install,04-04-2026
3878,Signup,04-04-2026
3878,KYC Verification,06-04-2026
3878,First Transaction,11-04-2026
3878,Loan Application,24-04-2026
3878,Loan Approved,29-04-2026
3879,App Install,01-04-2026
3879,Signup,02-04-2026
3879,KYC Verification,03-04-2026
3879,First Transaction,06-04-2026
3880,App Install,18-03-2026
3880,Signup,19-03-2026
3881,App Install,21-04-2026
3881,Signup,21-04-2026
3881,KYC Verification,23-04-2026
3881,First Transaction,28-04-2026
3882,App Install,24-04-2026
3882,Signup,25-04-2026
3883,App Install,16-06-2026
3883,Signup,17-06-2026
3884,App Install,26-06-2026
3884,Signup,28-06-2026
3885,App Install,21-05-2026
3885,Signup,22-05-2026
3886,App Install,11-03-2026
3886,Signup,11-03-2026
3887,App Install,03-07-2026
3887,Signup,05-07-2026
3887,KYC Verification,08-07-2026
3887,First Transaction,10-07-2026
3888,App Install,23-04-2026
3888,Signup,23-04-2026
3889,App Install,26-05-2026
3889,Signup,27-05-2026
3889,KYC Verification,28-05-2026
3889,First Transaction,31-05-2026
3890,App Install,06-03-2026
3890,Signup,07-03-2026
3890,KYC Verification,08-03-2026
3890,First Transaction,13-03-2026
3891,App Install,09-05-2026
3891,Signup,09-05-2026
3891,KYC Verification,11-05-2026
3892,App Install,29-04-2026
3892,Signup,30-04-2026
3892,KYC Verification,02-05-2026
3892,First Transaction,07-05-2026
3893,App Install,17-07-2026
3893,Signup,18-07-2026
3893,KYC Verification,19-07-2026
3894,App Install,17-03-2026
3894,Signup,17-03-2026
3894,KYC Verification,18-03-2026
3894,First Transaction,21-03-2026
3894,Loan Application,24-03-2026
3895,App Install,14-07-2026
3895,Signup,16-07-2026
3895,KYC Verification,16-07-2026
3895,First Transaction,18-07-2026
3895,Loan Application,01-08-2026
3895,Loan Approved,05-08-2026
3896,App Install,23-05-2026
3896,Signup,23-05-2026
3897,App Install,29-04-2026
3897,Signup,30-04-2026
3897,KYC Verification,02-05-2026
3897,First Transaction,03-05-2026
3898,App Install,21-05-2026
3898,Signup,21-05-2026
3899,App Install,19-05-2026
3899,Signup,21-05-2026
3900,App Install,14-04-2026
3900,Signup,16-04-2026
3900,KYC Verification,17-04-2026
3900,First Transaction,20-04-2026
3900,Loan Application,03-05-2026
3900,Loan Approved,04-05-2026
3901,App Install,22-07-2026
3901,Signup,23-07-2026
3901,KYC Verification,26-07-2026
3901,First Transaction,28-07-2026
3902,App Install,26-06-2026
3903,App Install,15-04-2026
3904,App Install,15-04-2026
3904,Signup,15-04-2026
3904,KYC Verification,17-04-2026
3904,First Transaction,20-04-2026
3904,Loan Application,02-05-2026
3905,App Install,24-07-2026
3905,Signup,26-07-2026
3905,KYC Verification,27-07-2026
3905,First Transaction,01-08-2026
3906,App Install,11-06-2026
3906,Signup,11-06-2026
3906,KYC Verification,13-06-2026
3906,First Transaction,15-06-2026
3907,App Install,12-06-2026
3907,Signup,14-06-2026
3908,App Install,17-03-2026
3908,Signup,18-03-2026
3909,App Install,17-03-2026
3909,Signup,18-03-2026
3909,KYC Verification,19-03-2026
3909,First Transaction,20-03-2026
3909,Loan Application,26-03-2026
3909,Loan Approved,27-03-2026
3910,App Install,10-07-2026
3911,App Install,19-07-2026
3911,Signup,21-07-2026
3911,KYC Verification,22-07-2026
3911,First Transaction,23-07-2026
3912,App Install,09-05-2026
3912,Signup,11-05-2026
3912,KYC Verification,12-05-2026
3912,First Transaction,15-05-2026
3913,App Install,08-07-2026
3914,App Install,29-05-2026
3915,App Install,13-04-2026
3915,Signup,14-04-2026
3916,App Install,13-06-2026
3916,Signup,13-06-2026
3916,KYC Verification,15-06-2026
3916,First Transaction,19-06-2026
3917,App Install,28-05-2026
3917,Signup,29-05-2026
3918,App Install,23-03-2026
3918,Signup,25-03-2026
3918,KYC Verification,25-03-2026
3918,First Transaction,29-03-2026
3918,Loan Application,12-04-2026
3918,Loan Approved,19-04-2026
3919,App Install,17-03-2026
3919,Signup,17-03-2026
3919,KYC Verification,19-03-2026
3919,First Transaction,23-03-2026
3920,App Install,11-04-2026
3920,Signup,12-04-2026
3920,KYC Verification,13-04-2026
3921,App Install,25-03-2026
3921,Signup,27-03-2026
3922,App Install,16-05-2026
3922,Signup,18-05-2026
3923,App Install,02-06-2026
3923,Signup,03-06-2026
3924,App Install,02-03-2026
3924,Signup,03-03-2026
3924,KYC Verification,04-03-2026
3924,First Transaction,09-03-2026
3925,App Install,06-06-2026
3925,Signup,08-06-2026
3925,KYC Verification,10-06-2026
3925,First Transaction,15-06-2026
3926,App Install,30-05-2026
3926,Signup,31-05-2026
3926,KYC Verification,01-06-2026
3927,App Install,16-07-2026
3927,Signup,18-07-2026
3928,App Install,08-05-2026
3928,Signup,09-05-2026
3929,App Install,24-07-2026
3929,Signup,24-07-2026
3929,KYC Verification,26-07-2026
3930,App Install,02-07-2026
3930,Signup,03-07-2026
3930,KYC Verification,05-07-2026
3930,First Transaction,08-07-2026
3931,App Install,10-04-2026
3931,Signup,10-04-2026
3931,KYC Verification,12-04-2026
3932,App Install,25-06-2026
3932,Signup,27-06-2026
3933,App Install,27-04-2026
3933,Signup,28-04-2026
3934,App Install,06-04-2026
3934,Signup,06-04-2026
3935,App Install,28-03-2026
3935,Signup,28-03-2026
3935,KYC Verification,31-03-2026
3935,First Transaction,03-04-2026
3936,App Install,06-06-2026
3936,Signup,08-06-2026
3936,KYC Verification,09-06-2026
3936,First Transaction,12-06-2026
3936,Loan Application,21-06-2026
3937,App Install,09-05-2026
3937,Signup,10-05-2026
3938,App Install,05-03-2026
3938,Signup,06-03-2026
3938,KYC Verification,08-03-2026
3939,App Install,30-03-2026
3939,Signup,01-04-2026
3940,App Install,10-03-2026
3940,Signup,11-03-2026
3940,KYC Verification,13-03-2026
3940,First Transaction,14-03-2026
3941,App Install,14-03-2026
3941,Signup,15-03-2026
3942,App Install,03-07-2026
3943,App Install,13-06-2026
3943,Signup,14-06-2026
3943,KYC Verification,17-06-2026
3944,App Install,12-06-2026
3945,App Install,29-04-2026
3946,App Install,31-07-2026
3946,Signup,02-08-2026
3946,KYC Verification,04-08-2026
3946,First Transaction,08-08-2026
3947,App Install,16-05-2026
3947,Signup,18-05-2026
3947,KYC Verification,19-05-2026
3947,First Transaction,22-05-2026
3948,App Install,29-07-2026
3948,Signup,29-07-2026
3948,KYC Verification,31-07-2026
3949,App Install,07-06-2026
3949,Signup,09-06-2026
3949,KYC Verification,09-06-2026
3949,First Transaction,11-06-2026
3950,App Install,04-03-2026
3950,Signup,04-03-2026
3950,KYC Verification,05-03-2026
3950,First Transaction,08-03-2026
3951,App Install,17-04-2026
3951,Signup,19-04-2026
3951,KYC Verification,21-04-2026
3951,First Transaction,22-04-2026
3951,Loan Application,29-04-2026
3952,App Install,15-03-2026
3952,Signup,15-03-2026
3952,KYC Verification,17-03-2026
3952,First Transaction,18-03-2026
3952,Loan Application,29-03-2026
3952,Loan Approved,31-03-2026
3953,App Install,18-04-2026
3953,Signup,20-04-2026
3953,KYC Verification,21-04-2026
3954,App Install,08-07-2026
3954,Signup,10-07-2026
3954,KYC Verification,11-07-2026
3954,First Transaction,12-07-2026
3955,App Install,18-06-2026
3956,App Install,31-03-2026
3956,Signup,01-04-2026
3957,App Install,26-05-2026
3957,Signup,27-05-2026
3957,KYC Verification,29-05-2026
3957,First Transaction,02-06-2026
3958,App Install,03-04-2026
3958,Signup,04-04-2026
3959,App Install,26-03-2026
3960,App Install,01-06-2026
3960,Signup,02-06-2026
3960,KYC Verification,03-06-2026
3960,First Transaction,06-06-2026
3961,App Install,13-06-2026
3961,Signup,15-06-2026
3961,KYC Verification,17-06-2026
3961,First Transaction,19-06-2026
3962,App Install,04-06-2026
3962,Signup,05-06-2026
3962,KYC Verification,05-06-2026
3962,First Transaction,10-06-2026
3963,App Install,09-03-2026
3963,Signup,10-03-2026
3963,KYC Verification,13-03-2026
3963,First Transaction,16-03-2026
3963,Loan Application,22-03-2026
3964,App Install,05-07-2026
3965,App Install,30-03-2026
3965,Signup,31-03-2026
3966,App Install,05-04-2026
3967,App Install,05-05-2026
3968,App Install,18-04-2026
3968,Signup,19-04-2026
3969,App Install,15-05-2026
3970,App Install,15-06-2026
3971,App Install,29-07-2026
3971,Signup,30-07-2026
3971,KYC Verification,30-07-2026
3971,First Transaction,03-08-2026
3971,Loan Application,14-08-2026
3971,Loan Approved,17-08-2026
3972,App Install,27-05-2026
3973,App Install,16-05-2026
3973,Signup,18-05-2026
3974,App Install,02-05-2026
3974,Signup,03-05-2026
3975,App Install,03-06-2026
3976,App Install,22-05-2026
3976,Signup,23-05-2026
3977,App Install,19-04-2026
3978,App Install,31-05-2026
3979,App Install,29-05-2026
3979,Signup,31-05-2026
3979,KYC Verification,31-05-2026
3979,First Transaction,01-06-2026
3980,App Install,22-07-2026
3980,Signup,23-07-2026
3980,KYC Verification,26-07-2026
3981,App Install,27-03-2026
3981,Signup,28-03-2026
3981,KYC Verification,29-03-2026
3981,First Transaction,30-03-2026
3982,App Install,06-04-2026
3982,Signup,06-04-2026
3982,KYC Verification,07-04-2026
3982,First Transaction,08-04-2026
3983,App Install,19-05-2026
3983,Signup,19-05-2026
3983,KYC Verification,22-05-2026
3984,App Install,06-06-2026
3984,Signup,07-06-2026
3985,App Install,20-03-2026
3985,Signup,21-03-2026
3986,App Install,08-06-2026
3986,Signup,09-06-2026
3986,KYC Verification,10-06-2026
3987,App Install,09-07-2026
3987,Signup,10-07-2026
3987,KYC Verification,13-07-2026
3987,First Transaction,14-07-2026
3988,App Install,11-04-2026
3989,App Install,24-07-2026
3990,App Install,25-06-2026
3991,App Install,23-05-2026
3992,App Install,30-07-2026
3992,Signup,01-08-2026
3992,KYC Verification,02-08-2026
3992,First Transaction,06-08-2026
3993,App Install,18-06-2026
3993,Signup,18-06-2026
3994,App Install,30-07-2026
3994,Signup,31-07-2026
3995,App Install,28-03-2026
3995,Signup,29-03-2026
3996,App Install,02-05-2026
3996,Signup,02-05-2026
3997,App Install,22-07-2026
3998,App Install,14-03-2026
3998,Signup,15-03-2026
3998,KYC Verification,16-03-2026
3998,First Transaction,19-03-2026
3999,App Install,24-07-2026
3999,Signup,25-07-2026
3999,KYC Verification,27-07-2026
3999,First Transaction,01-08-2026
3999,Loan Application,07-08-2026
3999,Loan Approved,12-08-2026
4000,App Install,16-05-2026
4000,Signup,17-05-2026
4001,App Install,07-04-2026
4001,Signup,08-04-2026
4001,KYC Verification,08-04-2026
4001,First Transaction,11-04-2026
4002,App Install,28-03-2026
4002,Signup,29-03-2026
4002,KYC Verification,30-03-2026
4002,First Transaction,31-03-2026
4003,App Install,04-06-2026
4003,Signup,06-06-2026
4003,KYC Verification,07-06-2026
4003,First Transaction,09-06-2026
4004,App Install,18-06-2026
4005,App Install,26-06-2026
4005,Signup,28-06-2026
4005,KYC Verification,29-06-2026
4005,First Transaction,30-06-2026
4006,App Install,10-06-2026
4006,Signup,11-06-2026
4006,KYC Verification,13-06-2026
4007,App Install,17-06-2026
4007,Signup,19-06-2026
4007,KYC Verification,20-06-2026
4007,First Transaction,25-06-2026
4008,App Install,19-07-2026
4008,Signup,20-07-2026
4009,App Install,12-07-2026
4010,App Install,22-07-2026
4010,Signup,23-07-2026
4010,KYC Verification,24-07-2026
4011,App Install,21-05-2026
4012,App Install,10-03-2026
4012,Signup,10-03-2026
4012,KYC Verification,13-03-2026
4012,First Transaction,14-03-2026
4012,Loan Application,25-03-2026
4013,App Install,27-04-2026
4013,Signup,29-04-2026
4014,App Install,07-07-2026
4014,Signup,08-07-2026
4014,KYC Verification,08-07-2026
4014,First Transaction,10-07-2026
4015,App Install,31-07-2026
4015,Signup,01-08-2026
4015,KYC Verification,02-08-2026
4015,First Transaction,03-08-2026
4016,App Install,09-06-2026
4016,Signup,11-06-2026
4016,KYC Verification,13-06-2026
4016,First Transaction,17-06-2026
4017,App Install,11-05-2026
4018,App Install,02-07-2026
4019,App Install,23-06-2026
4020,App Install,30-06-2026
4020,Signup,01-07-2026
4020,KYC Verification,03-07-2026
4020,First Transaction,05-07-2026
4021,App Install,12-07-2026
4021,Signup,13-07-2026
4021,KYC Verification,15-07-2026
4021,First Transaction,20-07-2026
4021,Loan Application,02-08-2026
4021,Loan Approved,04-08-2026
4022,App Install,18-04-2026
4022,Signup,18-04-2026
4022,KYC Verification,19-04-2026
4022,First Transaction,22-04-2026
4022,Loan Application,27-04-2026
4023,App Install,15-06-2026
4024,App Install,05-05-2026
4024,Signup,05-05-2026
4025,App Install,09-04-2026
4026,App Install,05-06-2026
4026,Signup,07-06-2026
4026,KYC Verification,07-06-2026
4026,First Transaction,12-06-2026
4027,App Install,13-07-2026
4028,App Install,17-06-2026
4028,Signup,18-06-2026
4028,KYC Verification,19-06-2026
4029,App Install,10-07-2026
4029,Signup,11-07-2026
4029,KYC Verification,12-07-2026
4029,First Transaction,14-07-2026
4030,App Install,19-05-2026
4030,Signup,21-05-2026
4031,App Install,01-05-2026
4031,Signup,01-05-2026
4032,App Install,07-05-2026
4033,App Install,29-04-2026
4033,Signup,30-04-2026
4034,App Install,24-03-2026
4034,Signup,26-03-2026
4034,KYC Verification,27-03-2026
4034,First Transaction,31-03-2026
4035,App Install,27-07-2026
4035,Signup,28-07-2026
4035,KYC Verification,31-07-2026
4035,First Transaction,05-08-2026
4035,Loan Application,12-08-2026
4035,Loan Approved,17-08-2026
4036,App Install,03-06-2026
4036,Signup,05-06-2026
4036,KYC Verification,05-06-2026
4037,App Install,11-04-2026
4037,Signup,11-04-2026
4037,KYC Verification,12-04-2026
4037,First Transaction,14-04-2026
4038,App Install,29-05-2026
4038,Signup,30-05-2026
4038,KYC Verification,02-06-2026
4039,App Install,19-05-2026
4039,Signup,20-05-2026
4039,KYC Verification,20-05-2026
4039,First Transaction,23-05-2026
4039,Loan Application,25-05-2026
4040,App Install,26-04-2026
4040,Signup,26-04-2026
4041,App Install,01-04-2026
4041,Signup,03-04-2026
4042,App Install,24-05-2026
4043,App Install,02-07-2026
4043,Signup,03-07-2026
4043,KYC Verification,05-07-2026
4043,First Transaction,06-07-2026
4043,Loan Application,18-07-2026
4044,App Install,27-05-2026
4044,Signup,29-05-2026
4045,App Install,29-05-2026
4045,Signup,30-05-2026
4045,KYC Verification,31-05-2026
4046,App Install,20-05-2026
4046,Signup,22-05-2026
4047,App Install,02-07-2026
4047,Signup,03-07-2026
4047,KYC Verification,04-07-2026
4047,First Transaction,07-07-2026
4047,Loan Application,11-07-2026
4047,Loan Approved,15-07-2026
4048,App Install,20-03-2026
4048,Signup,20-03-2026
4049,App Install,28-03-2026
4049,Signup,29-03-2026
4049,KYC Verification,31-03-2026
4049,First Transaction,03-04-2026
4049,Loan Application,05-04-2026
4049,Loan Approved,12-04-2026
4050,App Install,31-07-2026
4051,App Install,16-06-2026
4051,Signup,17-06-2026
4052,App Install,31-03-2026
4052,Signup,01-04-2026
4052,KYC Verification,03-04-2026
4053,App Install,16-05-2026
4053,Signup,18-05-2026
4054,App Install,20-07-2026
4055,App Install,12-07-2026
4055,Signup,13-07-2026
4055,KYC Verification,14-07-2026
4055,First Transaction,19-07-2026
4055,Loan Application,01-08-2026
4056,App Install,20-07-2026
4056,Signup,22-07-2026
4056,KYC Verification,22-07-2026
4057,App Install,19-06-2026
4058,App Install,25-04-2026
4059,App Install,17-03-2026
4059,Signup,17-03-2026
4059,KYC Verification,20-03-2026
4059,First Transaction,21-03-2026
4060,App Install,09-03-2026
4060,Signup,10-03-2026
4061,App Install,22-04-2026
4061,Signup,22-04-2026
4062,App Install,10-06-2026
4062,Signup,11-06-2026
4062,KYC Verification,14-06-2026
4063,App Install,14-03-2026
4063,Signup,14-03-2026
4063,KYC Verification,16-03-2026
4063,First Transaction,21-03-2026
4064,App Install,18-04-2026
4064,Signup,18-04-2026
4065,App Install,19-04-2026
4065,Signup,19-04-2026
4065,KYC Verification,22-04-2026
4065,First Transaction,26-04-2026
4066,App Install,12-03-2026
4066,Signup,12-03-2026
4066,KYC Verification,13-03-2026
4066,First Transaction,15-03-2026
4066,Loan Application,25-03-2026
4067,App Install,25-04-2026
4068,App Install,16-03-2026
4068,Signup,17-03-2026
4068,KYC Verification,19-03-2026
4069,App Install,05-05-2026
4069,Signup,05-05-2026
4069,KYC Verification,06-05-2026
4070,App Install,22-04-2026
4071,App Install,08-04-2026
4071,Signup,09-04-2026
4071,KYC Verification,11-04-2026
4072,App Install,23-06-2026
4073,App Install,30-06-2026
4073,Signup,02-07-2026
4073,KYC Verification,02-07-2026
4074,App Install,09-07-2026
4074,Signup,11-07-2026
4074,KYC Verification,12-07-2026
4074,First Transaction,13-07-2026
4075,App Install,28-07-2026
4075,Signup,29-07-2026
4076,App Install,24-04-2026
4076,Signup,25-04-2026
4076,KYC Verification,25-04-2026
4076,First Transaction,27-04-2026
4077,App Install,14-06-2026
4077,Signup,14-06-2026
4078,App Install,24-07-2026
4078,Signup,25-07-2026
4078,KYC Verification,25-07-2026
4078,First Transaction,26-07-2026
4079,App Install,08-07-2026
4079,Signup,10-07-2026
4080,App Install,19-06-2026
4080,Signup,19-06-2026
4080,KYC Verification,21-06-2026
4080,First Transaction,25-06-2026
4080,Loan Application,27-06-2026
4080,Loan Approved,02-07-2026
4081,App Install,28-03-2026
4081,Signup,30-03-2026
4082,App Install,18-03-2026
4082,Signup,19-03-2026
4082,KYC Verification,22-03-2026
4082,First Transaction,24-03-2026
4082,Loan Application,04-04-2026
4082,Loan Approved,06-04-2026
4083,App Install,05-06-2026
4084,App Install,08-07-2026
4085,App Install,01-05-2026
4085,Signup,02-05-2026
4085,KYC Verification,03-05-2026
4086,App Install,21-07-2026
4086,Signup,21-07-2026
4086,KYC Verification,22-07-2026
4086,First Transaction,25-07-2026
4087,App Install,17-04-2026
4087,Signup,18-04-2026
4087,KYC Verification,21-04-2026
4087,First Transaction,26-04-2026
4088,App Install,28-06-2026
4088,Signup,30-06-2026
4089,App Install,02-07-2026
4089,Signup,04-07-2026
4089,KYC Verification,06-07-2026
4089,First Transaction,07-07-2026
4089,Loan Application,11-07-2026
4089,Loan Approved,16-07-2026
4090,App Install,27-05-2026
4090,Signup,27-05-2026
4091,App Install,17-06-2026
4091,Signup,18-06-2026
4091,KYC Verification,21-06-2026
4091,First Transaction,26-06-2026
4091,Loan Application,10-07-2026
4092,App Install,24-07-2026
4092,Signup,25-07-2026
4092,KYC Verification,26-07-2026
4092,First Transaction,29-07-2026
4092,Loan Application,03-08-2026
4092,Loan Approved,08-08-2026
4093,App Install,08-05-2026
4093,Signup,09-05-2026
4093,KYC Verification,12-05-2026
4094,App Install,09-07-2026
4094,Signup,10-07-2026
4094,KYC Verification,12-07-2026
4094,First Transaction,15-07-2026
4095,App Install,01-03-2026
4095,Signup,03-03-2026
4095,KYC Verification,05-03-2026
4096,App Install,02-05-2026
4096,Signup,02-05-2026
4097,App Install,31-03-2026
4098,App Install,10-05-2026
4098,Signup,12-05-2026
4099,App Install,03-06-2026
4099,Signup,04-06-2026
4100,App Install,29-07-2026
4101,App Install,29-04-2026
4101,Signup,30-04-2026
4102,App Install,13-03-2026
4102,Signup,14-03-2026
4103,App Install,31-03-2026
4104,App Install,08-07-2026
4105,App Install,19-05-2026
4105,Signup,20-05-2026
4105,KYC Verification,21-05-2026
4105,First Transaction,26-05-2026
4106,App Install,28-05-2026
4106,Signup,29-05-2026
4106,KYC Verification,01-06-2026
4106,First Transaction,03-06-2026
4106,Loan Application,06-06-2026
4106,Loan Approved,10-06-2026
4107,App Install,19-05-2026
4107,Signup,19-05-2026
4107,KYC Verification,22-05-2026
4107,First Transaction,27-05-2026
4107,Loan Application,04-06-2026
4107,Loan Approved,09-06-2026
4108,App Install,13-05-2026
4108,Signup,14-05-2026
4108,KYC Verification,16-05-2026
4108,First Transaction,19-05-2026
4109,App Install,20-04-2026
4109,Signup,21-04-2026
4109,KYC Verification,22-04-2026
4109,First Transaction,26-04-2026
4109,Loan Application,06-05-2026
4109,Loan Approved,12-05-2026
4110,App Install,27-06-2026
4110,Signup,27-06-2026
4110,KYC Verification,29-06-2026
4110,First Transaction,04-07-2026
4111,App Install,21-05-2026
4112,App Install,25-06-2026
4112,Signup,25-06-2026
4112,KYC Verification,28-06-2026
4112,First Transaction,01-07-2026
4112,Loan Application,08-07-2026
4113,App Install,21-06-2026
4113,Signup,22-06-2026
4113,KYC Verification,25-06-2026
4114,App Install,25-07-2026
4114,Signup,25-07-2026
4114,KYC Verification,27-07-2026
4114,First Transaction,31-07-2026
4114,Loan Application,14-08-2026
4115,App Install,14-03-2026
4116,App Install,03-06-2026
4117,App Install,05-04-2026
4118,App Install,13-07-2026
4119,App Install,24-06-2026
4119,Signup,24-06-2026
4119,KYC Verification,26-06-2026
4119,First Transaction,27-06-2026
4119,Loan Application,01-07-2026
4120,App Install,19-03-2026
4121,App Install,19-07-2026
4121,Signup,21-07-2026
4121,KYC Verification,21-07-2026
4121,First Transaction,24-07-2026
4122,App Install,31-05-2026
4122,Signup,31-05-2026
4122,KYC Verification,01-06-2026
4122,First Transaction,04-06-2026
4123,App Install,17-03-2026
4123,Signup,17-03-2026
4124,App Install,14-04-2026
4124,Signup,14-04-2026
4125,App Install,13-06-2026
4125,Signup,13-06-2026
4125,KYC Verification,14-06-2026
4126,App Install,05-05-2026
4126,Signup,05-05-2026
4126,KYC Verification,08-05-2026
4126,First Transaction,12-05-2026
4127,App Install,04-04-2026
4128,App Install,29-05-2026
4129,App Install,04-04-2026
4129,Signup,05-04-2026
4129,KYC Verification,07-04-2026
4129,First Transaction,11-04-2026
4129,Loan Application,25-04-2026
4129,Loan Approved,29-04-2026
4130,App Install,21-07-2026
4130,Signup,22-07-2026
4131,App Install,12-04-2026
4132,App Install,03-07-2026
4132,Signup,04-07-2026
4132,KYC Verification,05-07-2026
4133,App Install,19-07-2026
4133,Signup,21-07-2026
4133,KYC Verification,21-07-2026
4133,First Transaction,24-07-2026
4134,App Install,25-06-2026
4135,App Install,29-05-2026
4135,Signup,30-05-2026
4135,KYC Verification,01-06-2026
4136,App Install,18-03-2026
4136,Signup,19-03-2026
4137,App Install,29-04-2026
4137,Signup,30-04-2026
4137,KYC Verification,30-04-2026
4137,First Transaction,02-05-2026
4138,App Install,30-06-2026
4138,Signup,30-06-2026
4138,KYC Verification,03-07-2026
4138,First Transaction,04-07-2026
4139,App Install,26-03-2026
4139,Signup,26-03-2026
4140,App Install,27-04-2026
4140,Signup,27-04-2026
4141,App Install,20-06-2026
4141,Signup,22-06-2026
4141,KYC Verification,24-06-2026
4141,First Transaction,28-06-2026
4142,App Install,21-07-2026
4143,App Install,03-03-2026
4144,App Install,25-03-2026
4145,App Install,28-04-2026
4145,Signup,30-04-2026
4145,KYC Verification,03-05-2026
4146,App Install,30-07-2026
4147,App Install,29-07-2026
4148,App Install,02-04-2026
4148,Signup,04-04-2026
4149,App Install,07-06-2026
4150,App Install,11-07-2026
4151,App Install,05-03-2026
4151,Signup,07-03-2026
4151,KYC Verification,08-03-2026
4151,First Transaction,10-03-2026
4151,Loan Application,19-03-2026
4151,Loan Approved,25-03-2026
4152,App Install,05-05-2026
4152,Signup,06-05-2026
4152,KYC Verification,06-05-2026
4152,First Transaction,09-05-2026
4153,App Install,19-05-2026
4153,Signup,20-05-2026
4153,KYC Verification,22-05-2026
4153,First Transaction,27-05-2026
4153,Loan Application,03-06-2026
4153,Loan Approved,05-06-2026
4154,App Install,27-03-2026
4154,Signup,28-03-2026
4154,KYC Verification,31-03-2026
4154,First Transaction,02-04-2026
4155,App Install,02-03-2026
4155,Signup,02-03-2026
4155,KYC Verification,04-03-2026
4156,App Install,21-07-2026
4156,Signup,22-07-2026
4156,KYC Verification,23-07-2026
4156,First Transaction,24-07-2026
4157,App Install,30-03-2026
4157,Signup,31-03-2026
4157,KYC Verification,31-03-2026
4157,First Transaction,03-04-2026
4158,App Install,11-06-2026
4158,Signup,13-06-2026
4159,App Install,24-06-2026
4159,Signup,25-06-2026
4160,App Install,14-05-2026
4161,App Install,19-03-2026
4162,App Install,11-04-2026
4162,Signup,13-04-2026
4162,KYC Verification,13-04-2026
4162,First Transaction,18-04-2026
4162,Loan Application,22-04-2026
4162,Loan Approved,29-04-2026
4163,App Install,23-03-2026
4163,Signup,24-03-2026
4163,KYC Verification,25-03-2026
4163,First Transaction,29-03-2026
4164,App Install,01-03-2026
4164,Signup,02-03-2026
4165,App Install,05-04-2026
4165,Signup,06-04-2026
4166,App Install,22-03-2026
4166,Signup,22-03-2026
4167,App Install,15-03-2026
4168,App Install,24-06-2026
4169,App Install,30-07-2026
4169,Signup,30-07-2026
4170,App Install,20-03-2026
4170,Signup,20-03-2026
4170,KYC Verification,23-03-2026
4170,First Transaction,26-03-2026
4171,App Install,04-03-2026
4171,Signup,06-03-2026
4171,KYC Verification,06-03-2026
4171,First Transaction,10-03-2026
4171,Loan Application,20-03-2026
4171,Loan Approved,25-03-2026
4172,App Install,29-03-2026
4172,Signup,29-03-2026
4172,KYC Verification,31-03-2026
4172,First Transaction,01-04-2026
4172,Loan Application,15-04-2026
4173,App Install,01-05-2026
4173,Signup,02-05-2026
4173,KYC Verification,04-05-2026
4173,First Transaction,08-05-2026
4173,Loan Application,18-05-2026
4173,Loan Approved,21-05-2026
4174,App Install,14-06-2026
4174,Signup,15-06-2026
4175,App Install,12-05-2026
4175,Signup,13-05-2026
4176,App Install,20-06-2026
4176,Signup,22-06-2026
4177,App Install,29-05-2026
4177,Signup,30-05-2026
4177,KYC Verification,31-05-2026
4177,First Transaction,03-06-2026
4178,App Install,23-04-2026
4179,App Install,28-03-2026
4179,Signup,29-03-2026
4180,App Install,25-06-2026
4180,Signup,26-06-2026
4181,App Install,16-04-2026
4182,App Install,03-06-2026
4182,Signup,03-06-2026
4183,App Install,15-06-2026
4183,Signup,16-06-2026
4183,KYC Verification,17-06-2026
4184,App Install,06-03-2026
4184,Signup,07-03-2026
4184,KYC Verification,09-03-2026
4184,First Transaction,12-03-2026
4185,App Install,28-06-2026
4185,Signup,28-06-2026
4185,KYC Verification,01-07-2026
4185,First Transaction,04-07-2026
4186,App Install,12-04-2026
4186,Signup,14-04-2026
4186,KYC Verification,14-04-2026
4186,First Transaction,19-04-2026
4187,App Install,31-05-2026
4187,Signup,31-05-2026
4187,KYC Verification,01-06-2026
4187,First Transaction,03-06-2026
4187,Loan Application,06-06-2026
4188,App Install,17-03-2026
4188,Signup,19-03-2026
4188,KYC Verification,22-03-2026
4188,First Transaction,26-03-2026
4188,Loan Application,09-04-2026
4189,App Install,28-07-2026
4189,Signup,30-07-2026
4190,App Install,30-07-2026
4190,Signup,31-07-2026
4190,KYC Verification,03-08-2026
4191,App Install,27-03-2026
4191,Signup,29-03-2026
4191,KYC Verification,31-03-2026
4191,First Transaction,05-04-2026
4191,Loan Application,08-04-2026
4191,Loan Approved,11-04-2026
4192,App Install,07-03-2026
4192,Signup,08-03-2026
4192,KYC Verification,10-03-2026
4192,First Transaction,14-03-2026
4193,App Install,18-05-2026
4193,Signup,19-05-2026
4194,App Install,25-05-2026
4194,Signup,25-05-2026
4194,KYC Verification,25-05-2026
4195,App Install,15-05-2026
4195,Signup,17-05-2026
4195,KYC Verification,18-05-2026
4195,First Transaction,21-05-2026
4196,App Install,12-04-2026
4196,Signup,14-04-2026
4196,KYC Verification,14-04-2026
4196,First Transaction,18-04-2026
4196,Loan Application,23-04-2026
4196,Loan Approved,24-04-2026
4197,App Install,25-07-2026
4197,Signup,26-07-2026
4197,KYC Verification,27-07-2026
4198,App Install,27-05-2026
4199,App Install,05-03-2026
4200,App Install,24-04-2026
4200,Signup,26-04-2026
4201,App Install,15-07-2026
4201,Signup,17-07-2026
4202,App Install,10-03-2026
4202,Signup,12-03-2026
4202,KYC Verification,13-03-2026
4202,First Transaction,18-03-2026
4202,Loan Application,21-03-2026
4202,Loan Approved,27-03-2026
4203,App Install,22-06-2026
4204,App Install,06-03-2026
4204,Signup,07-03-2026
4204,KYC Verification,09-03-2026
4204,First Transaction,12-03-2026
4205,App Install,19-03-2026
4205,Signup,21-03-2026
4205,KYC Verification,24-03-2026
4205,First Transaction,26-03-2026
4205,Loan Application,07-04-2026
4206,App Install,28-04-2026
4207,App Install,02-07-2026
4208,App Install,03-07-2026
4209,App Install,12-03-2026
4209,Signup,13-03-2026
4209,KYC Verification,15-03-2026
4210,App Install,02-05-2026
4210,Signup,02-05-2026
4210,KYC Verification,04-05-2026
4210,First Transaction,08-05-2026
4211,App Install,27-04-2026
4212,App Install,19-06-2026
4212,Signup,19-06-2026
4212,KYC Verification,22-06-2026
4213,App Install,10-05-2026
4213,Signup,10-05-2026
4214,App Install,14-06-2026
4214,Signup,15-06-2026
4214,KYC Verification,18-06-2026
4214,First Transaction,23-06-2026
4214,Loan Application,27-06-2026
4214,Loan Approved,04-07-2026
4215,App Install,30-06-2026
4215,Signup,02-07-2026
4216,App Install,18-07-2026
4216,Signup,18-07-2026
4217,App Install,13-05-2026
4217,Signup,15-05-2026
4217,KYC Verification,16-05-2026
4217,First Transaction,19-05-2026
4217,Loan Application,31-05-2026
4218,App Install,01-03-2026
4218,Signup,01-03-2026
4218,KYC Verification,04-03-2026
4218,First Transaction,08-03-2026
4218,Loan Application,19-03-2026
4218,Loan Approved,21-03-2026
4219,App Install,22-04-2026
4219,Signup,23-04-2026
4219,KYC Verification,23-04-2026
4219,First Transaction,28-04-2026
4220,App Install,24-07-2026
4221,App Install,08-04-2026
4221,Signup,10-04-2026
4221,KYC Verification,11-04-2026
4221,First Transaction,15-04-2026
4222,App Install,23-03-2026
4222,Signup,23-03-2026
4222,KYC Verification,26-03-2026
4222,First Transaction,27-03-2026
4223,App Install,05-03-2026
4223,Signup,06-03-2026
4224,App Install,04-03-2026
4224,Signup,05-03-2026
4224,KYC Verification,06-03-2026
4225,App Install,21-04-2026
4225,Signup,23-04-2026
4225,KYC Verification,24-04-2026
4226,App Install,08-05-2026
4226,Signup,08-05-2026
4226,KYC Verification,08-05-2026
4226,First Transaction,09-05-2026
4226,Loan Application,11-05-2026
4226,Loan Approved,16-05-2026
4227,App Install,22-06-2026
4227,Signup,23-06-2026
4228,App Install,26-03-2026
4229,App Install,25-06-2026
4230,App Install,20-07-2026
4230,Signup,20-07-2026
4231,App Install,05-04-2026
4231,Signup,05-04-2026
4231,KYC Verification,08-04-2026
4231,First Transaction,09-04-2026
4232,App Install,17-03-2026
4232,Signup,17-03-2026
4233,App Install,02-06-2026
4233,Signup,03-06-2026
4234,App Install,01-08-2026
4235,App Install,10-06-2026
4235,Signup,11-06-2026
4235,KYC Verification,14-06-2026
4235,First Transaction,16-06-2026
4235,Loan Application,23-06-2026
4235,Loan Approved,25-06-2026
4236,App Install,18-07-2026
4236,Signup,20-07-2026
4237,App Install,14-06-2026
4237,Signup,16-06-2026
4237,KYC Verification,16-06-2026
4237,First Transaction,17-06-2026
4238,App Install,07-06-2026
4238,Signup,08-06-2026
4238,KYC Verification,10-06-2026
4238,First Transaction,15-06-2026
4238,Loan Application,23-06-2026
4238,Loan Approved,25-06-2026
4239,App Install,15-03-2026
4240,App Install,18-03-2026
4241,App Install,24-07-2026
4241,Signup,25-07-2026
4242,App Install,28-03-2026
4242,Signup,28-03-2026
4242,KYC Verification,31-03-2026
4242,First Transaction,02-04-2026
4242,Loan Application,04-04-2026
4242,Loan Approved,08-04-2026
4243,App Install,17-04-2026
4243,Signup,17-04-2026
4244,App Install,09-06-2026
4244,Signup,11-06-2026
4244,KYC Verification,13-06-2026
4244,First Transaction,15-06-2026
4245,App Install,06-06-2026
4245,Signup,08-06-2026
4246,App Install,30-06-2026
4246,Signup,30-06-2026
4247,App Install,16-04-2026
4248,App Install,11-06-2026
4248,Signup,11-06-2026
4249,App Install,16-04-2026
4249,Signup,18-04-2026
4250,App Install,05-03-2026
4251,App Install,20-05-2026
4251,Signup,22-05-2026
4251,KYC Verification,24-05-2026
4251,First Transaction,28-05-2026
4252,App Install,06-07-2026
4252,Signup,07-07-2026
4252,KYC Verification,09-07-2026
4253,App Install,19-07-2026
4253,Signup,20-07-2026
4254,App Install,24-07-2026
4255,App Install,28-06-2026
4256,App Install,31-03-2026
4257,App Install,27-03-2026
4257,Signup,27-03-2026
4257,KYC Verification,29-03-2026
4257,First Transaction,01-04-2026
4258,App Install,31-05-2026
4258,Signup,01-06-2026
4259,App Install,05-04-2026
4260,App Install,23-05-2026
4260,Signup,24-05-2026
4261,App Install,15-04-2026
4261,Signup,15-04-2026
4261,KYC Verification,15-04-2026
4262,App Install,19-06-2026
4263,App Install,16-03-2026
4263,Signup,18-03-2026
4264,App Install,10-05-2026
4265,App Install,19-03-2026
4265,Signup,19-03-2026
4266,App Install,30-07-2026
4266,Signup,31-07-2026
4266,KYC Verification,31-07-2026
4266,First Transaction,03-08-2026
4266,Loan Application,06-08-2026
4266,Loan Approved,12-08-2026
4267,App Install,20-05-2026
4268,App Install,09-05-2026
4268,Signup,11-05-2026
4269,App Install,17-05-2026
4269,Signup,19-05-2026
4269,KYC Verification,19-05-2026
4269,First Transaction,20-05-2026
4270,App Install,17-05-2026
4270,Signup,19-05-2026
4271,App Install,11-04-2026
4272,App Install,07-07-2026
4273,App Install,17-04-2026
4273,Signup,18-04-2026
4273,KYC Verification,19-04-2026
4273,First Transaction,20-04-2026
4274,App Install,22-07-2026
4274,Signup,24-07-2026
4274,KYC Verification,26-07-2026
4274,First Transaction,29-07-2026
4275,App Install,24-06-2026
4276,App Install,06-06-2026
4276,Signup,08-06-2026
4276,KYC Verification,10-06-2026
4276,First Transaction,11-06-2026
4276,Loan Application,20-06-2026
4276,Loan Approved,26-06-2026
4277,App Install,01-05-2026
4277,Signup,02-05-2026
4277,KYC Verification,03-05-2026
4277,First Transaction,08-05-2026
4277,Loan Application,09-05-2026
4277,Loan Approved,15-05-2026
4278,App Install,25-03-2026
4278,Signup,25-03-2026
4278,KYC Verification,28-03-2026
4279,App Install,09-04-2026
4280,App Install,10-03-2026
4280,Signup,11-03-2026
4281,App Install,01-08-2026
4281,Signup,02-08-2026
4282,App Install,21-03-2026
4282,Signup,22-03-2026
4283,App Install,27-07-2026
4283,Signup,28-07-2026
4284,App Install,20-04-2026
4284,Signup,22-04-2026
4284,KYC Verification,24-04-2026
4284,First Transaction,27-04-2026
4284,Loan Application,06-05-2026
4284,Loan Approved,07-05-2026
4285,App Install,11-05-2026
4285,Signup,12-05-2026
4285,KYC Verification,12-05-2026
4286,App Install,25-07-2026
4286,Signup,27-07-2026
4286,KYC Verification,27-07-2026
4286,First Transaction,28-07-2026
4287,App Install,24-06-2026
4287,Signup,25-06-2026
4287,KYC Verification,26-06-2026
4287,First Transaction,28-06-2026
4288,App Install,14-03-2026
4288,Signup,16-03-2026
4288,KYC Verification,18-03-2026
4289,App Install,30-03-2026
4289,Signup,30-03-2026
4289,KYC Verification,31-03-2026
4289,First Transaction,01-04-2026
4290,App Install,19-06-2026
4290,Signup,20-06-2026
4290,KYC Verification,22-06-2026
4291,App Install,07-03-2026
4292,App Install,11-04-2026
4292,Signup,11-04-2026
4292,KYC Verification,13-04-2026
4292,First Transaction,14-04-2026
4293,App Install,19-04-2026
4293,Signup,20-04-2026
4294,App Install,14-04-2026
4295,App Install,27-06-2026
4295,Signup,29-06-2026
4296,App Install,16-06-2026
4296,Signup,17-06-2026
4297,App Install,13-07-2026
4297,Signup,13-07-2026
4297,KYC Verification,14-07-2026
4297,First Transaction,18-07-2026
4297,Loan Application,25-07-2026
4298,App Install,26-05-2026
4298,Signup,26-05-2026
4298,KYC Verification,29-05-2026
4299,App Install,18-05-2026
4299,Signup,18-05-2026
4299,KYC Verification,19-05-2026
4299,First Transaction,21-05-2026
4299,Loan Application,01-06-2026
4299,Loan Approved,04-06-2026
4300,App Install,25-03-2026
4301,App Install,10-06-2026
4301,Signup,10-06-2026
4302,App Install,22-06-2026
4302,Signup,23-06-2026
4303,App Install,09-05-2026
4303,Signup,10-05-2026
4303,KYC Verification,10-05-2026
4304,App Install,11-03-2026
4304,Signup,13-03-2026
4304,KYC Verification,13-03-2026
4305,App Install,10-05-2026
4305,Signup,10-05-2026
4305,KYC Verification,13-05-2026
4306,App Install,09-06-2026
4307,App Install,15-06-2026
4307,Signup,16-06-2026
4307,KYC Verification,17-06-2026
4307,First Transaction,21-06-2026
4308,App Install,24-03-2026
4309,App Install,27-06-2026
4310,App Install,25-04-2026
4310,Signup,27-04-2026
4310,KYC Verification,29-04-2026
4311,App Install,30-03-2026
4311,Signup,31-03-2026
4311,KYC Verification,02-04-2026
4311,First Transaction,05-04-2026
4311,Loan Application,16-04-2026
4311,Loan Approved,23-04-2026
4312,App Install,02-04-2026
4312,Signup,03-04-2026
4312,KYC Verification,04-04-2026
4312,First Transaction,06-04-2026
4313,App Install,27-04-2026
4313,Signup,28-04-2026
4313,KYC Verification,01-05-2026
4313,First Transaction,06-05-2026
4313,Loan Application,18-05-2026
4313,Loan Approved,23-05-2026
4314,App Install,28-06-2026
4314,Signup,29-06-2026
4315,App Install,15-05-2026
4315,Signup,17-05-2026
4315,KYC Verification,19-05-2026
4315,First Transaction,20-05-2026
4316,App Install,05-04-2026
4316,Signup,07-04-2026
4316,KYC Verification,10-04-2026
4316,First Transaction,14-04-2026
4317,App Install,09-06-2026
4317,Signup,11-06-2026
4317,KYC Verification,13-06-2026
4317,First Transaction,16-06-2026
4317,Loan Application,20-06-2026
4317,Loan Approved,27-06-2026
4318,App Install,30-05-2026
4319,App Install,01-08-2026
4319,Signup,02-08-2026
4319,KYC Verification,03-08-2026
4319,First Transaction,05-08-2026
4320,App Install,08-05-2026
4321,App Install,14-03-2026
4321,Signup,16-03-2026
4321,KYC Verification,18-03-2026
4322,App Install,04-05-2026
4323,App Install,16-03-2026
4324,App Install,13-07-2026
4324,Signup,14-07-2026
4325,App Install,01-07-2026
4325,Signup,02-07-2026
4325,KYC Verification,05-07-2026
4325,First Transaction,08-07-2026
4326,App Install,21-05-2026
4326,Signup,22-05-2026
4326,KYC Verification,23-05-2026
4326,First Transaction,28-05-2026
4327,App Install,17-07-2026
4327,Signup,19-07-2026
4327,KYC Verification,20-07-2026
4327,First Transaction,23-07-2026
4328,App Install,23-05-2026
4328,Signup,24-05-2026
4329,App Install,11-06-2026
4329,Signup,11-06-2026
4329,KYC Verification,14-06-2026
4329,First Transaction,16-06-2026
4330,App Install,16-05-2026
4330,Signup,18-05-2026
4331,App Install,24-05-2026
4331,Signup,25-05-2026
4332,App Install,04-05-2026
4332,Signup,04-05-2026
4333,App Install,11-03-2026
4333,Signup,13-03-2026
4333,KYC Verification,14-03-2026
4333,First Transaction,18-03-2026
4334,App Install,24-03-2026
4334,Signup,24-03-2026
4335,App Install,21-06-2026
4335,Signup,22-06-2026
4335,KYC Verification,22-06-2026
4335,First Transaction,24-06-2026
4336,App Install,17-03-2026
4336,Signup,18-03-2026
4336,KYC Verification,19-03-2026
4337,App Install,16-05-2026
4337,Signup,17-05-2026
4337,KYC Verification,17-05-2026
4337,First Transaction,21-05-2026
4337,Loan Application,04-06-2026
4337,Loan Approved,06-06-2026
4338,App Install,22-06-2026
4338,Signup,22-06-2026
4338,KYC Verification,23-06-2026
4338,First Transaction,28-06-2026
4339,App Install,04-06-2026
4339,Signup,06-06-2026
4340,App Install,28-07-2026
4340,Signup,30-07-2026
4340,KYC Verification,31-07-2026
4341,App Install,15-06-2026
4341,Signup,15-06-2026
4341,KYC Verification,18-06-2026
4342,App Install,30-06-2026
4342,Signup,30-06-2026
4342,KYC Verification,03-07-2026
4342,First Transaction,08-07-2026
4343,App Install,14-05-2026
4344,App Install,08-06-2026
4344,Signup,08-06-2026
4345,App Install,16-06-2026
4346,App Install,31-05-2026
4346,Signup,01-06-2026
4346,KYC Verification,02-06-2026
4346,First Transaction,06-06-2026
4347,App Install,10-07-2026
4348,App Install,13-03-2026
4349,App Install,14-05-2026
4349,Signup,15-05-2026
4350,App Install,30-04-2026
4351,App Install,16-07-2026
4351,Signup,17-07-2026
4351,KYC Verification,19-07-2026
4352,App Install,28-06-2026
4352,Signup,30-06-2026
4352,KYC Verification,02-07-2026
4352,First Transaction,07-07-2026
4353,App Install,01-03-2026
4353,Signup,02-03-2026
4354,App Install,29-07-2026
4354,Signup,31-07-2026
4354,KYC Verification,03-08-2026
4354,First Transaction,05-08-2026
4354,Loan Application,09-08-2026
4354,Loan Approved,11-08-2026
4355,App Install,27-05-2026
4355,Signup,27-05-2026
4355,KYC Verification,28-05-2026
4356,App Install,18-03-2026
4356,Signup,19-03-2026
4357,App Install,09-03-2026
4357,Signup,10-03-2026
4358,App Install,15-05-2026
4359,App Install,23-07-2026
4360,App Install,17-04-2026
4360,Signup,17-04-2026
4361,App Install,03-05-2026
4361,Signup,03-05-2026
4361,KYC Verification,04-05-2026
4361,First Transaction,08-05-2026
4361,Loan Application,11-05-2026
4362,App Install,20-03-2026
4362,Signup,21-03-2026
4363,App Install,04-07-2026
4363,Signup,06-07-2026
4363,KYC Verification,09-07-2026
4363,First Transaction,10-07-2026
4364,App Install,12-06-2026
4364,Signup,13-06-2026
4364,KYC Verification,14-06-2026
4364,First Transaction,16-06-2026
4365,App Install,01-03-2026
4365,Signup,02-03-2026
4366,App Install,02-06-2026
4366,Signup,04-06-2026
4366,KYC Verification,05-06-2026
4367,App Install,06-04-2026
4367,Signup,06-04-2026
4367,KYC Verification,07-04-2026
4367,First Transaction,08-04-2026
4368,App Install,21-05-2026
4368,Signup,23-05-2026
4368,KYC Verification,23-05-2026
4368,First Transaction,24-05-2026
4369,App Install,06-05-2026
4369,Signup,08-05-2026
4370,App Install,31-03-2026
4370,Signup,01-04-2026
4371,App Install,01-06-2026
4372,App Install,16-06-2026
4373,App Install,12-03-2026
4373,Signup,13-03-2026
4373,KYC Verification,16-03-2026
4373,First Transaction,20-03-2026
4374,App Install,12-06-2026
4374,Signup,13-06-2026
4374,KYC Verification,16-06-2026
4374,First Transaction,17-06-2026
4374,Loan Application,21-06-2026
4375,App Install,23-07-2026
4375,Signup,25-07-2026
4376,App Install,28-04-2026
4376,Signup,30-04-2026
4376,KYC Verification,02-05-2026
4377,App Install,04-03-2026
4377,Signup,04-03-2026
4377,KYC Verification,07-03-2026
4377,First Transaction,08-03-2026
4378,App Install,14-06-2026
4378,Signup,16-06-2026
4378,KYC Verification,18-06-2026
4379,App Install,25-05-2026
4379,Signup,26-05-2026
4379,KYC Verification,28-05-2026
4379,First Transaction,30-05-2026
4379,Loan Application,13-06-2026
4380,App Install,11-03-2026
4380,Signup,13-03-2026
4380,KYC Verification,14-03-2026
4381,App Install,26-05-2026
4382,App Install,19-07-2026
4382,Signup,19-07-2026
4383,App Install,09-06-2026
4383,Signup,10-06-2026
4383,KYC Verification,11-06-2026
4383,First Transaction,13-06-2026
4383,Loan Application,20-06-2026
4383,Loan Approved,21-06-2026
4384,App Install,31-05-2026
4384,Signup,31-05-2026
4385,App Install,23-07-2026
4385,Signup,24-07-2026
4385,KYC Verification,25-07-2026
4385,First Transaction,29-07-2026
4386,App Install,07-04-2026
4386,Signup,09-04-2026
4386,KYC Verification,10-04-2026
4386,First Transaction,11-04-2026
4386,Loan Application,24-04-2026
4387,App Install,08-03-2026
4387,Signup,09-03-2026
4388,App Install,12-06-2026
4389,App Install,25-03-2026
4389,Signup,26-03-2026
4389,KYC Verification,27-03-2026
4389,First Transaction,30-03-2026
4390,App Install,02-03-2026
4390,Signup,03-03-2026
4390,KYC Verification,05-03-2026
4390,First Transaction,08-03-2026
4391,App Install,12-05-2026
4391,Signup,14-05-2026
4391,KYC Verification,16-05-2026
4391,First Transaction,21-05-2026
4391,Loan Application,28-05-2026
4392,App Install,17-03-2026
4393,App Install,07-06-2026
4393,Signup,09-06-2026
4393,KYC Verification,10-06-2026
4393,First Transaction,15-06-2026
4393,Loan Application,17-06-2026
4393,Loan Approved,22-06-2026
4394,App Install,02-03-2026
4395,App Install,09-06-2026
4395,Signup,09-06-2026
4395,KYC Verification,12-06-2026
4395,First Transaction,16-06-2026
4396,App Install,13-06-2026
4396,Signup,14-06-2026
4396,KYC Verification,16-06-2026
4396,First Transaction,18-06-2026
4397,App Install,05-05-2026
4397,Signup,05-05-2026
4397,KYC Verification,05-05-2026
4397,First Transaction,06-05-2026
4398,App Install,18-06-2026
4398,Signup,19-06-2026
4398,KYC Verification,21-06-2026
4398,First Transaction,22-06-2026
4398,Loan Application,03-07-2026
4399,App Install,17-06-2026
4399,Signup,18-06-2026
4399,KYC Verification,20-06-2026
4399,First Transaction,23-06-2026
4399,Loan Application,04-07-2026
4400,App Install,20-03-2026
4400,Signup,20-03-2026
4401,App Install,03-05-2026
4401,Signup,05-05-2026
4401,KYC Verification,08-05-2026
4401,First Transaction,12-05-2026
4402,App Install,11-07-2026
4402,Signup,13-07-2026
4402,KYC Verification,15-07-2026
4402,First Transaction,20-07-2026
4402,Loan Application,27-07-2026
4403,App Install,07-06-2026
4403,Signup,07-06-2026
4404,App Install,27-07-2026
4404,Signup,28-07-2026
4405,App Install,08-04-2026
4405,Signup,09-04-2026
4405,KYC Verification,11-04-2026
4405,First Transaction,14-04-2026
4405,Loan Application,25-04-2026
4405,Loan Approved,26-04-2026
4406,App Install,04-05-2026
4407,App Install,14-07-2026
4407,Signup,16-07-2026
4407,KYC Verification,17-07-2026
4407,First Transaction,21-07-2026
4407,Loan Application,03-08-2026
4408,App Install,11-03-2026
4408,Signup,11-03-2026
4409,App Install,02-07-2026
4410,App Install,15-05-2026
4410,Signup,17-05-2026
4410,KYC Verification,19-05-2026
4410,First Transaction,24-05-2026
4411,App Install,17-04-2026
4411,Signup,18-04-2026
4411,KYC Verification,20-04-2026
4411,First Transaction,22-04-2026
4412,App Install,01-07-2026
4413,App Install,11-06-2026
4413,Signup,12-06-2026
4414,App Install,10-06-2026
4415,App Install,03-05-2026
4416,App Install,27-05-2026
4416,Signup,28-05-2026
4417,App Install,03-03-2026
4418,App Install,24-04-2026
4418,Signup,25-04-2026
4418,KYC Verification,28-04-2026
4418,First Transaction,01-05-2026
4419,App Install,12-06-2026
4420,App Install,05-05-2026
4420,Signup,07-05-2026
4420,KYC Verification,09-05-2026
4420,First Transaction,13-05-2026
4421,App Install,16-03-2026
4422,App Install,19-03-2026
4422,Signup,20-03-2026
4422,KYC Verification,22-03-2026
4422,First Transaction,26-03-2026
4422,Loan Application,03-04-2026
4423,App Install,17-07-2026
4424,App Install,03-03-2026
4425,App Install,31-05-2026
4425,Signup,01-06-2026
4425,KYC Verification,03-06-2026
4425,First Transaction,04-06-2026
4426,App Install,17-06-2026
4426,Signup,18-06-2026
4426,KYC Verification,19-06-2026
4426,First Transaction,24-06-2026
4427,App Install,21-03-2026
4427,Signup,22-03-2026
4427,KYC Verification,23-03-2026
4427,First Transaction,28-03-2026
4428,App Install,04-07-2026
4428,Signup,04-07-2026
4428,KYC Verification,04-07-2026
4428,First Transaction,07-07-2026
4428,Loan Application,20-07-2026
4428,Loan Approved,27-07-2026
4429,App Install,21-03-2026
4429,Signup,21-03-2026
4430,App Install,28-04-2026
4431,App Install,12-05-2026
4431,Signup,12-05-2026
4432,App Install,07-03-2026
4432,Signup,09-03-2026
4432,KYC Verification,12-03-2026
4433,App Install,08-07-2026
4434,App Install,28-07-2026
4434,Signup,29-07-2026
4434,KYC Verification,29-07-2026
4434,First Transaction,03-08-2026
4434,Loan Application,11-08-2026
4434,Loan Approved,15-08-2026
4435,App Install,06-07-2026
4436,App Install,05-07-2026
4437,App Install,31-07-2026
4437,Signup,31-07-2026
4438,App Install,03-06-2026
4438,Signup,04-06-2026
4438,KYC Verification,04-06-2026
4438,First Transaction,08-06-2026
4439,App Install,09-06-2026
4439,Signup,10-06-2026
4440,App Install,10-06-2026
4441,App Install,21-04-2026
4442,App Install,07-06-2026
4443,App Install,20-07-2026
4444,App Install,13-03-2026
4444,Signup,15-03-2026
4445,App Install,08-04-2026
4445,Signup,09-04-2026
4445,KYC Verification,11-04-2026
4445,First Transaction,14-04-2026
4446,App Install,17-03-2026
4446,Signup,17-03-2026
4446,KYC Verification,20-03-2026
4446,First Transaction,23-03-2026
4447,App Install,05-06-2026
4447,Signup,06-06-2026
4448,App Install,04-03-2026
4448,Signup,05-03-2026
4448,KYC Verification,06-03-2026
4448,First Transaction,11-03-2026
4449,App Install,29-06-2026
4449,Signup,29-06-2026
4449,KYC Verification,02-07-2026
4449,First Transaction,03-07-2026
4449,Loan Application,11-07-2026
4450,App Install,27-06-2026
4450,Signup,28-06-2026
4450,KYC Verification,30-06-2026
4450,First Transaction,01-07-2026
4451,App Install,14-03-2026
4452,App Install,27-06-2026
4452,Signup,27-06-2026
4453,App Install,04-06-2026
4454,App Install,18-06-2026
4454,Signup,19-06-2026
4454,KYC Verification,20-06-2026
4455,App Install,26-05-2026
4455,Signup,27-05-2026
4455,KYC Verification,28-05-2026
4455,First Transaction,02-06-2026
4456,App Install,09-04-2026
4456,Signup,11-04-2026
4456,KYC Verification,12-04-2026
4456,First Transaction,13-04-2026
4457,App Install,17-07-2026
4457,Signup,18-07-2026
4457,KYC Verification,19-07-2026
4457,First Transaction,22-07-2026
4457,Loan Application,02-08-2026
4457,Loan Approved,03-08-2026
4458,App Install,08-03-2026
4459,App Install,20-04-2026
4459,Signup,21-04-2026
4460,App Install,20-06-2026
4460,Signup,21-06-2026
4460,KYC Verification,24-06-2026
4461,App Install,15-07-2026
4461,Signup,17-07-2026
4462,App Install,23-04-2026
4462,Signup,24-04-2026
4462,KYC Verification,27-04-2026
4462,First Transaction,01-05-2026
4463,App Install,11-04-2026
4463,Signup,13-04-2026
4463,KYC Verification,13-04-2026
4463,First Transaction,15-04-2026
4464,App Install,31-07-2026
4464,Signup,01-08-2026
4464,KYC Verification,01-08-2026
4464,First Transaction,05-08-2026
4465,App Install,12-04-2026
4466,App Install,20-06-2026
4466,Signup,21-06-2026
4466,KYC Verification,23-06-2026
4466,First Transaction,27-06-2026
4467,App Install,20-06-2026
4468,App Install,05-03-2026
4469,App Install,26-06-2026
4469,Signup,27-06-2026
4469,KYC Verification,29-06-2026
4469,First Transaction,01-07-2026
4469,Loan Application,15-07-2026
4469,Loan Approved,21-07-2026
4470,App Install,27-06-2026
4471,App Install,09-03-2026
4471,Signup,09-03-2026
4471,KYC Verification,12-03-2026
4471,First Transaction,17-03-2026
4471,Loan Application,29-03-2026
4472,App Install,29-07-2026
4472,Signup,31-07-2026
4473,App Install,24-06-2026
4473,Signup,25-06-2026
4473,KYC Verification,28-06-2026
4474,App Install,30-04-2026
4475,App Install,04-06-2026
4475,Signup,04-06-2026
4475,KYC Verification,06-06-2026
4475,First Transaction,11-06-2026
4476,App Install,25-06-2026
4476,Signup,26-06-2026
4476,KYC Verification,28-06-2026
4476,First Transaction,29-06-2026
4476,Loan Application,13-07-2026
4477,App Install,23-03-2026
4477,Signup,24-03-2026
4477,KYC Verification,27-03-2026
4477,First Transaction,28-03-2026
4478,App Install,11-06-2026
4478,Signup,12-06-2026
4479,App Install,15-07-2026
4479,Signup,16-07-2026
4479,KYC Verification,17-07-2026
4480,App Install,13-07-2026
4481,App Install,11-03-2026
4481,Signup,11-03-2026
4482,App Install,27-04-2026
4482,Signup,29-04-2026
4483,App Install,15-07-2026
4483,Signup,16-07-2026
4483,KYC Verification,18-07-2026
4484,App Install,21-04-2026
4484,Signup,22-04-2026
4484,KYC Verification,23-04-2026
4484,First Transaction,24-04-2026
4485,App Install,18-05-2026
4486,App Install,10-04-2026
4486,Signup,11-04-2026
4486,KYC Verification,13-04-2026
4486,First Transaction,16-04-2026
4487,App Install,18-06-2026
4487,Signup,19-06-2026
4487,KYC Verification,20-06-2026
4487,First Transaction,25-06-2026
4488,App Install,27-04-2026
4489,App Install,22-07-2026
4490,App Install,11-07-2026
4490,Signup,11-07-2026
4490,KYC Verification,13-07-2026
4490,First Transaction,14-07-2026
4491,App Install,18-06-2026
4491,Signup,19-06-2026
4491,KYC Verification,20-06-2026
4491,First Transaction,23-06-2026
4491,Loan Application,27-06-2026
4491,Loan Approved,28-06-2026
4492,App Install,20-06-2026
4493,App Install,13-03-2026
4494,App Install,28-06-2026
4494,Signup,28-06-2026
4495,App Install,26-05-2026
4495,Signup,27-05-2026
4495,KYC Verification,29-05-2026
4495,First Transaction,31-05-2026
4495,Loan Application,09-06-2026
4495,Loan Approved,11-06-2026
4496,App Install,26-07-2026
4496,Signup,28-07-2026
4496,KYC Verification,28-07-2026
4496,First Transaction,31-07-2026
4497,App Install,27-04-2026
4497,Signup,28-04-2026
4497,KYC Verification,29-04-2026
4497,First Transaction,02-05-2026
4498,App Install,10-03-2026
4499,App Install,14-04-2026
4500,App Install,30-06-2026
4500,Signup,01-07-2026
4500,KYC Verification,02-07-2026
4500,First Transaction,07-07-2026
4500,Loan Application,20-07-2026
4501,App Install,22-06-2026
4501,Signup,23-06-2026
4502,App Install,06-03-2026
4502,Signup,07-03-2026
4502,KYC Verification,08-03-2026
4503,App Install,13-05-2026
4504,App Install,25-05-2026
4504,Signup,26-05-2026
4505,App Install,20-05-2026
4505,Signup,21-05-2026
4505,KYC Verification,23-05-2026
4505,First Transaction,28-05-2026
4506,App Install,05-04-2026
4507,App Install,09-03-2026
4508,App Install,10-03-2026
4508,Signup,11-03-2026
4509,App Install,07-06-2026
4510,App Install,02-07-2026
4510,Signup,03-07-2026
4510,KYC Verification,04-07-2026
4510,First Transaction,07-07-2026
4511,App Install,21-05-2026
4511,Signup,23-05-2026
4511,KYC Verification,25-05-2026
4511,First Transaction,29-05-2026
4511,Loan Application,07-06-2026
4512,App Install,17-06-2026
4512,Signup,18-06-2026
4512,KYC Verification,21-06-2026
4512,First Transaction,26-06-2026
4513,App Install,20-06-2026
4513,Signup,21-06-2026
4514,App Install,18-05-2026
4514,Signup,19-05-2026
4515,App Install,15-04-2026
4515,Signup,16-04-2026
4515,KYC Verification,19-04-2026
4515,First Transaction,23-04-2026
4515,Loan Application,25-04-2026
4515,Loan Approved,26-04-2026
4516,App Install,06-04-2026
4516,Signup,07-04-2026
4516,KYC Verification,09-04-2026
4516,First Transaction,14-04-2026
4516,Loan Application,23-04-2026
4516,Loan Approved,27-04-2026
4517,App Install,05-07-2026
4518,App Install,02-04-2026
4518,Signup,03-04-2026
4518,KYC Verification,04-04-2026
4519,App Install,07-04-2026
4519,Signup,07-04-2026
4519,KYC Verification,07-04-2026
4520,App Install,01-08-2026
4520,Signup,02-08-2026
4520,KYC Verification,02-08-2026
4521,App Install,17-04-2026
4521,Signup,19-04-2026
4522,App Install,07-07-2026
4522,Signup,08-07-2026
4522,KYC Verification,09-07-2026
4523,App Install,01-04-2026
4523,Signup,02-04-2026
4523,KYC Verification,04-04-2026
4523,First Transaction,07-04-2026
4524,App Install,18-03-2026
4524,Signup,19-03-2026
4524,KYC Verification,21-03-2026
4525,App Install,09-06-2026
4525,Signup,11-06-2026
4526,App Install,22-04-2026
4526,Signup,24-04-2026
4526,KYC Verification,25-04-2026
4526,First Transaction,26-04-2026
4526,Loan Application,08-05-2026
4527,App Install,12-03-2026
4527,Signup,13-03-2026
4527,KYC Verification,13-03-2026
4528,App Install,22-03-2026
4528,Signup,23-03-2026
4528,KYC Verification,23-03-2026
4528,First Transaction,28-03-2026
4528,Loan Application,30-03-2026
4528,Loan Approved,04-04-2026
4529,App Install,14-04-2026
4529,Signup,14-04-2026
4529,KYC Verification,16-04-2026
4529,First Transaction,20-04-2026
4529,Loan Application,27-04-2026
4529,Loan Approved,02-05-2026
4530,App Install,06-05-2026
4530,Signup,06-05-2026
4531,App Install,17-05-2026
4531,Signup,19-05-2026
4531,KYC Verification,20-05-2026
4532,App Install,01-07-2026
4532,Signup,02-07-2026
4532,KYC Verification,04-07-2026
4532,First Transaction,07-07-2026
4533,App Install,30-04-2026
4533,Signup,01-05-2026
4534,App Install,29-07-2026
4534,Signup,30-07-2026
4535,App Install,12-07-2026
4535,Signup,14-07-2026
4535,KYC Verification,15-07-2026
4535,First Transaction,18-07-2026
4536,App Install,10-06-2026
4537,App Install,24-05-2026
4537,Signup,25-05-2026
4537,KYC Verification,27-05-2026
4538,App Install,16-03-2026
4539,App Install,06-07-2026
4540,App Install,26-06-2026
4540,Signup,27-06-2026
4540,KYC Verification,28-06-2026
4540,First Transaction,03-07-2026
4540,Loan Application,06-07-2026
4541,App Install,02-05-2026
4541,Signup,03-05-2026
4541,KYC Verification,06-05-2026
4542,App Install,11-05-2026
4543,App Install,11-03-2026
4543,Signup,11-03-2026
4543,KYC Verification,12-03-2026
4543,First Transaction,13-03-2026
4543,Loan Application,26-03-2026
4543,Loan Approved,27-03-2026
4544,App Install,30-06-2026
4544,Signup,01-07-2026
4544,KYC Verification,01-07-2026
4544,First Transaction,04-07-2026
4545,App Install,21-03-2026
4545,Signup,22-03-2026
4545,KYC Verification,24-03-2026
4545,First Transaction,29-03-2026
4546,App Install,22-05-2026
4546,Signup,22-05-2026
4546,KYC Verification,23-05-2026
4546,First Transaction,25-05-2026
4546,Loan Application,03-06-2026
4546,Loan Approved,05-06-2026
4547,App Install,06-05-2026
4548,App Install,18-04-2026
4548,Signup,20-04-2026
4548,KYC Verification,20-04-2026
4548,First Transaction,24-04-2026
4549,App Install,13-07-2026
4549,Signup,14-07-2026
4550,App Install,27-03-2026
4550,Signup,28-03-2026
4550,KYC Verification,31-03-2026
4550,First Transaction,05-04-2026
4551,App Install,02-04-2026
4551,Signup,03-04-2026
4552,App Install,11-05-2026
4552,Signup,13-05-2026
4553,App Install,02-05-2026
4553,Signup,02-05-2026
4553,KYC Verification,03-05-2026
4554,App Install,03-03-2026
4554,Signup,03-03-2026
4554,KYC Verification,06-03-2026
4555,App Install,02-04-2026
4555,Signup,03-04-2026
4555,KYC Verification,03-04-2026
4556,App Install,15-06-2026
4556,Signup,15-06-2026
4556,KYC Verification,18-06-2026
4556,First Transaction,19-06-2026
4556,Loan Application,24-06-2026
4557,App Install,04-03-2026
4557,Signup,06-03-2026
4557,KYC Verification,08-03-2026
4557,First Transaction,13-03-2026
4557,Loan Application,24-03-2026
4557,Loan Approved,26-03-2026
4558,App Install,19-04-2026
4559,App Install,02-03-2026
4559,Signup,02-03-2026
4559,KYC Verification,05-03-2026
4559,First Transaction,06-03-2026
4559,Loan Application,16-03-2026
4560,App Install,30-07-2026
4560,Signup,01-08-2026
4560,KYC Verification,01-08-2026
4560,First Transaction,02-08-2026
4561,App Install,13-04-2026
4562,App Install,08-07-2026
4562,Signup,09-07-2026
4562,KYC Verification,09-07-2026
4563,App Install,27-03-2026
4564,App Install,13-03-2026
4564,Signup,13-03-2026
4564,KYC Verification,16-03-2026
4565,App Install,16-05-2026
4565,Signup,18-05-2026
4565,KYC Verification,18-05-2026
4565,First Transaction,20-05-2026
4565,Loan Application,25-05-2026
4565,Loan Approved,26-05-2026
4566,App Install,05-05-2026
4566,Signup,06-05-2026
4566,KYC Verification,07-05-2026
4567,App Install,14-07-2026
4567,Signup,14-07-2026
4568,App Install,02-06-2026
4568,Signup,02-06-2026
4568,KYC Verification,04-06-2026
4568,First Transaction,09-06-2026
4569,App Install,05-05-2026
4569,Signup,06-05-2026
4570,App Install,28-04-2026
4570,Signup,28-04-2026
4571,App Install,30-03-2026
4571,Signup,31-03-2026
4572,App Install,29-06-2026
4572,Signup,29-06-2026
4572,KYC Verification,02-07-2026
4573,App Install,18-04-2026
4574,App Install,20-03-2026
4574,Signup,20-03-2026
4574,KYC Verification,23-03-2026
4575,App Install,21-04-2026
4575,Signup,22-04-2026
4576,App Install,01-08-2026
4577,App Install,06-03-2026
4577,Signup,08-03-2026
4577,KYC Verification,09-03-2026
4578,App Install,17-04-2026
4578,Signup,19-04-2026
4578,KYC Verification,22-04-2026
4579,App Install,16-03-2026
4579,Signup,17-03-2026
4579,KYC Verification,19-03-2026
4579,First Transaction,21-03-2026
4579,Loan Application,30-03-2026
4580,App Install,31-07-2026
4580,Signup,02-08-2026
4580,KYC Verification,03-08-2026
4580,First Transaction,06-08-2026
4581,App Install,26-05-2026
4581,Signup,26-05-2026
4582,App Install,03-05-2026
4582,Signup,04-05-2026
4583,App Install,11-03-2026
4584,App Install,07-07-2026
4584,Signup,09-07-2026
4584,KYC Verification,09-07-2026
4585,App Install,27-04-2026
4586,App Install,30-07-2026
4587,App Install,10-03-2026
4588,App Install,07-07-2026
4589,App Install,05-06-2026
4589,Signup,05-06-2026
4589,KYC Verification,06-06-2026
4589,First Transaction,11-06-2026
4589,Loan Application,12-06-2026
4590,App Install,15-03-2026
4590,Signup,15-03-2026
4590,KYC Verification,18-03-2026
4590,First Transaction,20-03-2026
4591,App Install,20-07-2026
4592,App Install,18-06-2026
4592,Signup,20-06-2026
4593,App Install,20-05-2026
4593,Signup,22-05-2026
4594,App Install,23-06-2026
4595,App Install,09-04-2026
4595,Signup,10-04-2026
4595,KYC Verification,13-04-2026
4595,First Transaction,18-04-2026
4596,App Install,03-07-2026
4596,Signup,04-07-2026
4597,App Install,28-05-2026
4598,App Install,30-07-2026
4599,App Install,23-05-2026
4600,App Install,22-04-2026
4600,Signup,23-04-2026
4600,KYC Verification,25-04-2026
4600,First Transaction,26-04-2026
4600,Loan Application,29-04-2026
4600,Loan Approved,02-05-2026
4601,App Install,29-04-2026
4601,Signup,30-04-2026
4601,KYC Verification,02-05-2026
4601,First Transaction,07-05-2026
4602,App Install,26-04-2026
4602,Signup,26-04-2026
4602,KYC Verification,28-04-2026
4602,First Transaction,30-04-2026
4603,App Install,22-06-2026
4604,App Install,10-05-2026
4604,Signup,11-05-2026
4605,App Install,27-06-2026
4606,App Install,28-07-2026
4606,Signup,30-07-2026
4606,KYC Verification,31-07-2026
4606,First Transaction,03-08-2026
4607,App Install,26-04-2026
4608,App Install,13-03-2026
4609,App Install,09-07-2026
4609,Signup,10-07-2026
4609,KYC Verification,12-07-2026
4609,First Transaction,15-07-2026
4609,Loan Application,28-07-2026
4610,App Install,15-04-2026
4610,Signup,17-04-2026
4611,App Install,27-07-2026
4611,Signup,28-07-2026
4611,KYC Verification,28-07-2026
4612,App Install,16-04-2026
4612,Signup,16-04-2026
4612,KYC Verification,19-04-2026
4612,First Transaction,21-04-2026
4612,Loan Application,04-05-2026
4612,Loan Approved,06-05-2026
4613,App Install,25-06-2026
4613,Signup,25-06-2026
4613,KYC Verification,26-06-2026
4613,First Transaction,29-06-2026
4614,App Install,02-03-2026
4614,Signup,03-03-2026
4614,KYC Verification,05-03-2026
4614,First Transaction,06-03-2026
4615,App Install,11-04-2026
4615,Signup,12-04-2026
4616,App Install,02-03-2026
4616,Signup,03-03-2026
4616,KYC Verification,04-03-2026
4616,First Transaction,06-03-2026
4617,App Install,15-05-2026
4618,App Install,19-04-2026
4618,Signup,20-04-2026
4619,App Install,16-04-2026
4619,Signup,18-04-2026
4619,KYC Verification,18-04-2026
4619,First Transaction,23-04-2026
4619,Loan Application,01-05-2026
4619,Loan Approved,06-05-2026
4620,App Install,10-07-2026
4621,App Install,12-03-2026
4622,App Install,16-04-2026
4622,Signup,18-04-2026
4622,KYC Verification,19-04-2026
4623,App Install,29-04-2026
4623,Signup,30-04-2026
4624,App Install,18-06-2026
4624,Signup,19-06-2026
4625,App Install,11-03-2026
4625,Signup,12-03-2026
4626,App Install,22-04-2026
4626,Signup,23-04-2026
4626,KYC Verification,25-04-2026
4627,App Install,09-05-2026
4627,Signup,11-05-2026
4628,App Install,02-04-2026
4628,Signup,02-04-2026
4628,KYC Verification,03-04-2026
4628,First Transaction,07-04-2026
4629,App Install,09-06-2026
4629,Signup,10-06-2026
4629,KYC Verification,11-06-2026
4630,App Install,16-04-2026
4630,Signup,16-04-2026
4630,KYC Verification,18-04-2026
4631,App Install,10-06-2026
4631,Signup,12-06-2026
4631,KYC Verification,13-06-2026
4631,First Transaction,18-06-2026
4632,App Install,29-04-2026
4632,Signup,30-04-2026
4633,App Install,01-03-2026
4633,Signup,02-03-2026
4634,App Install,24-03-2026
4634,Signup,24-03-2026
4635,App Install,23-07-2026
4635,Signup,24-07-2026
4636,App Install,01-03-2026
4636,Signup,01-03-2026
4636,KYC Verification,03-03-2026
4636,First Transaction,08-03-2026
4637,App Install,01-03-2026
4637,Signup,02-03-2026
4638,App Install,01-06-2026
4639,App Install,26-04-2026
4639,Signup,28-04-2026
4640,App Install,21-05-2026
4640,Signup,23-05-2026
4640,KYC Verification,24-05-2026
4640,First Transaction,25-05-2026
4640,Loan Application,05-06-2026
4641,App Install,01-05-2026
4642,App Install,04-07-2026
4642,Signup,05-07-2026
4643,App Install,02-06-2026
4644,App Install,06-03-2026
4644,Signup,08-03-2026
4645,App Install,24-06-2026
4645,Signup,26-06-2026
4645,KYC Verification,28-06-2026
4645,First Transaction,03-07-2026
4645,Loan Application,08-07-2026
4646,App Install,20-04-2026
4646,Signup,21-04-2026
4646,KYC Verification,22-04-2026
4646,First Transaction,23-04-2026
4647,App Install,02-04-2026
4648,App Install,20-04-2026
4648,Signup,22-04-2026
4649,App Install,02-04-2026
4649,Signup,03-04-2026
4650,App Install,06-03-2026
4650,Signup,07-03-2026
4650,KYC Verification,09-03-2026
4650,First Transaction,14-03-2026
4650,Loan Application,18-03-2026
4650,Loan Approved,25-03-2026
4651,App Install,18-03-2026
4651,Signup,19-03-2026
4651,KYC Verification,20-03-2026
4652,App Install,15-05-2026
4652,Signup,16-05-2026
4652,KYC Verification,18-05-2026
4652,First Transaction,19-05-2026
4653,App Install,20-03-2026
4653,Signup,22-03-2026
4653,KYC Verification,23-03-2026
4653,First Transaction,26-03-2026
4653,Loan Application,30-03-2026
4653,Loan Approved,02-04-2026
4654,App Install,04-04-2026
4655,App Install,11-04-2026
4655,Signup,11-04-2026
4655,KYC Verification,12-04-2026
4655,First Transaction,13-04-2026
4656,App Install,21-03-2026
4656,Signup,21-03-2026
4656,KYC Verification,22-03-2026
4657,App Install,02-03-2026
4657,Signup,02-03-2026
4657,KYC Verification,04-03-2026
4657,First Transaction,08-03-2026
4658,App Install,06-05-2026
4658,Signup,06-05-2026
4658,KYC Verification,08-05-2026
4658,First Transaction,13-05-2026
4659,App Install,14-04-2026
4659,Signup,15-04-2026
4659,KYC Verification,17-04-2026
4660,App Install,11-05-2026
4660,Signup,12-05-2026
4660,KYC Verification,13-05-2026
4660,First Transaction,18-05-2026
4661,App Install,10-07-2026
4662,App Install,14-04-2026
4662,Signup,16-04-2026
4662,KYC Verification,17-04-2026
4663,App Install,03-07-2026
4663,Signup,05-07-2026
4663,KYC Verification,08-07-2026
4663,First Transaction,10-07-2026
4664,App Install,06-06-2026
4665,App Install,05-07-2026
4665,Signup,05-07-2026
4666,App Install,02-03-2026
4666,Signup,03-03-2026
4666,KYC Verification,03-03-2026
4666,First Transaction,08-03-2026
4666,Loan Application,13-03-2026
4666,Loan Approved,15-03-2026
4667,App Install,29-03-2026
4667,Signup,31-03-2026
4668,App Install,01-06-2026
4668,Signup,02-06-2026
4669,App Install,14-03-2026
4669,Signup,14-03-2026
4669,KYC Verification,16-03-2026
4669,First Transaction,20-03-2026
4669,Loan Application,27-03-2026
4669,Loan Approved,02-04-2026
4670,App Install,28-07-2026
4670,Signup,29-07-2026
4670,KYC Verification,31-07-2026
4670,First Transaction,03-08-2026
4671,App Install,06-05-2026
4671,Signup,07-05-2026
4671,KYC Verification,08-05-2026
4672,App Install,16-03-2026
4672,Signup,17-03-2026
4673,App Install,11-05-2026
4674,App Install,09-07-2026
4675,App Install,01-08-2026
4675,Signup,02-08-2026
4676,App Install,20-05-2026
4676,Signup,22-05-2026
4676,KYC Verification,23-05-2026
4677,App Install,08-03-2026
4677,Signup,09-03-2026
4678,App Install,11-04-2026
4679,App Install,27-07-2026
4679,Signup,28-07-2026
4680,App Install,12-06-2026
4681,App Install,28-07-2026
4681,Signup,29-07-2026
4682,App Install,04-04-2026
4682,Signup,06-04-2026
4682,KYC Verification,08-04-2026
4682,First Transaction,10-04-2026
4683,App Install,28-04-2026
4684,App Install,01-06-2026
4684,Signup,02-06-2026
4684,KYC Verification,03-06-2026
4684,First Transaction,04-06-2026
4685,App Install,08-07-2026
4685,Signup,08-07-2026
4685,KYC Verification,09-07-2026
4685,First Transaction,12-07-2026
4686,App Install,16-07-2026
4686,Signup,16-07-2026
4687,App Install,24-07-2026
4687,Signup,25-07-2026
4688,App Install,27-06-2026
4688,Signup,29-06-2026
4688,KYC Verification,29-06-2026
4688,First Transaction,04-07-2026
4688,Loan Application,07-07-2026
4688,Loan Approved,10-07-2026
4689,App Install,27-05-2026
4689,Signup,28-05-2026
4689,KYC Verification,29-05-2026
4689,First Transaction,30-05-2026
4690,App Install,24-04-2026
4690,Signup,25-04-2026
4690,KYC Verification,26-04-2026
4691,App Install,25-03-2026
4691,Signup,25-03-2026
4691,KYC Verification,28-03-2026
4691,First Transaction,01-04-2026
4692,App Install,22-07-2026
4692,Signup,23-07-2026
4692,KYC Verification,23-07-2026
4692,First Transaction,24-07-2026
4692,Loan Application,02-08-2026
4692,Loan Approved,08-08-2026
4693,App Install,09-06-2026
4693,Signup,09-06-2026
4694,App Install,26-03-2026
4694,Signup,27-03-2026
4694,KYC Verification,28-03-2026
4694,First Transaction,31-03-2026
4695,App Install,11-07-2026
4695,Signup,12-07-2026
4695,KYC Verification,14-07-2026
4695,First Transaction,15-07-2026
4696,App Install,10-06-2026
4697,App Install,02-03-2026
4697,Signup,04-03-2026
4698,App Install,11-07-2026
4698,Signup,11-07-2026
4699,App Install,01-08-2026
4699,Signup,02-08-2026
4699,KYC Verification,04-08-2026
4699,First Transaction,07-08-2026
4699,Loan Application,21-08-2026
4699,Loan Approved,28-08-2026
4700,App Install,25-04-2026
4701,App Install,02-04-2026
4701,Signup,03-04-2026
4701,KYC Verification,05-04-2026
4701,First Transaction,06-04-2026
4702,App Install,06-06-2026
4702,Signup,07-06-2026
4702,KYC Verification,08-06-2026
4702,First Transaction,12-06-2026
4702,Loan Application,20-06-2026
4702,Loan Approved,24-06-2026
4703,App Install,01-06-2026
4704,App Install,03-06-2026
4704,Signup,04-06-2026
4704,KYC Verification,06-06-2026
4704,First Transaction,09-06-2026
4704,Loan Application,12-06-2026
4704,Loan Approved,17-06-2026
4705,App Install,25-07-2026
4705,Signup,26-07-2026
4705,KYC Verification,26-07-2026
4706,App Install,12-04-2026
4707,App Install,12-06-2026
4707,Signup,12-06-2026
4707,KYC Verification,15-06-2026
4707,First Transaction,16-06-2026
4708,App Install,11-06-2026
4709,App Install,03-07-2026
4709,Signup,03-07-2026
4709,KYC Verification,04-07-2026
4709,First Transaction,07-07-2026
4710,App Install,21-03-2026
4711,App Install,17-06-2026
4711,Signup,17-06-2026
4711,KYC Verification,17-06-2026
4711,First Transaction,22-06-2026
4712,App Install,26-07-2026
4712,Signup,28-07-2026
4712,KYC Verification,30-07-2026
4712,First Transaction,02-08-2026
4713,App Install,31-07-2026
4713,Signup,02-08-2026
4714,App Install,17-05-2026
4714,Signup,17-05-2026
4714,KYC Verification,17-05-2026
4714,First Transaction,21-05-2026
4714,Loan Application,28-05-2026
4715,App Install,07-07-2026
4715,Signup,08-07-2026
4715,KYC Verification,10-07-2026
4716,App Install,08-05-2026
4716,Signup,09-05-2026
4717,App Install,09-07-2026
4717,Signup,11-07-2026
4717,KYC Verification,13-07-2026
4718,App Install,19-06-2026
4719,App Install,20-07-2026
4720,App Install,13-06-2026
4720,Signup,15-06-2026
4720,KYC Verification,16-06-2026
4720,First Transaction,18-06-2026
4721,App Install,02-05-2026
4721,Signup,04-05-2026
4722,App Install,24-03-2026
4722,Signup,24-03-2026
4722,KYC Verification,26-03-2026
4722,First Transaction,28-03-2026
4722,Loan Application,04-04-2026
4723,App Install,02-04-2026
4723,Signup,03-04-2026
4724,App Install,21-07-2026
4724,Signup,22-07-2026
4724,KYC Verification,24-07-2026
4724,First Transaction,27-07-2026
4725,App Install,23-06-2026
4725,Signup,24-06-2026
4725,KYC Verification,26-06-2026
4725,First Transaction,29-06-2026
4726,App Install,15-04-2026
4726,Signup,17-04-2026
4726,KYC Verification,18-04-2026
4726,First Transaction,23-04-2026
4726,Loan Application,02-05-2026
4726,Loan Approved,07-05-2026
4727,App Install,18-05-2026
4728,App Install,10-04-2026
4728,Signup,11-04-2026
4728,KYC Verification,12-04-2026
4728,First Transaction,17-04-2026
4729,App Install,22-05-2026
4730,App Install,25-05-2026
4731,App Install,22-04-2026
4731,Signup,23-04-2026
4731,KYC Verification,24-04-2026
4731,First Transaction,28-04-2026
4731,Loan Application,11-05-2026
4732,App Install,26-06-2026
4732,Signup,27-06-2026
4732,KYC Verification,29-06-2026
4732,First Transaction,01-07-2026
4732,Loan Application,14-07-2026
4732,Loan Approved,21-07-2026
4733,App Install,29-06-2026
4733,Signup,29-06-2026
4733,KYC Verification,30-06-2026
4734,App Install,02-04-2026
4735,App Install,06-04-2026
4735,Signup,08-04-2026
4735,KYC Verification,09-04-2026
4735,First Transaction,13-04-2026
4736,App Install,23-04-2026
4736,Signup,24-04-2026
4736,KYC Verification,25-04-2026
4736,First Transaction,30-04-2026
4737,App Install,07-04-2026
4737,Signup,08-04-2026
4737,KYC Verification,09-04-2026
4738,App Install,13-07-2026
4738,Signup,15-07-2026
4739,App Install,13-07-2026
4739,Signup,13-07-2026
4739,KYC Verification,14-07-2026
4739,First Transaction,17-07-2026
4739,Loan Application,25-07-2026
4739,Loan Approved,29-07-2026
4740,App Install,26-04-2026
4740,Signup,27-04-2026
4740,KYC Verification,30-04-2026
4740,First Transaction,04-05-2026
4740,Loan Application,16-05-2026
4741,App Install,10-04-2026
4741,Signup,11-04-2026
4741,KYC Verification,14-04-2026
4741,First Transaction,17-04-2026
4742,App Install,04-05-2026
4742,Signup,04-05-2026
4742,KYC Verification,07-05-2026
4742,First Transaction,11-05-2026
4742,Loan Application,15-05-2026
4743,App Install,17-03-2026
4743,Signup,17-03-2026
4743,KYC Verification,19-03-2026
4743,First Transaction,23-03-2026
4744,App Install,04-04-2026
4744,Signup,05-04-2026
4745,App Install,13-05-2026
4745,Signup,15-05-2026
4745,KYC Verification,17-05-2026
4746,App Install,26-04-2026
4746,Signup,26-04-2026
4746,KYC Verification,29-04-2026
4746,First Transaction,03-05-2026
4747,App Install,20-03-2026
4747,Signup,21-03-2026
4748,App Install,09-03-2026
4748,Signup,10-03-2026
4749,App Install,29-05-2026
4749,Signup,30-05-2026
4749,KYC Verification,30-05-2026
4750,App Install,02-06-2026
4750,Signup,03-06-2026
4750,KYC Verification,04-06-2026
4750,First Transaction,06-06-2026
4750,Loan Application,13-06-2026
4751,App Install,19-04-2026
4752,App Install,28-05-2026
4752,Signup,29-05-2026
4752,KYC Verification,30-05-2026
4752,First Transaction,31-05-2026
4753,App Install,20-05-2026
4753,Signup,22-05-2026
4753,KYC Verification,22-05-2026
4753,First Transaction,24-05-2026
4754,App Install,17-07-2026
4754,Signup,18-07-2026
4754,KYC Verification,20-07-2026
4754,First Transaction,25-07-2026
4754,Loan Application,05-08-2026
4754,Loan Approved,06-08-2026
4755,App Install,27-04-2026
4755,Signup,28-04-2026
4755,KYC Verification,28-04-2026
4755,First Transaction,01-05-2026
4756,App Install,25-05-2026
4757,App Install,10-06-2026
4757,Signup,11-06-2026
4757,KYC Verification,12-06-2026
4757,First Transaction,15-06-2026
4758,App Install,06-04-2026
4758,Signup,08-04-2026
4759,App Install,03-03-2026
4759,Signup,05-03-2026
4759,KYC Verification,07-03-2026
4759,First Transaction,11-03-2026
4760,App Install,01-03-2026
4760,Signup,02-03-2026
4760,KYC Verification,04-03-2026
4760,First Transaction,09-03-2026
4761,App Install,13-07-2026
4761,Signup,13-07-2026
4762,App Install,01-07-2026
4762,Signup,02-07-2026
4762,KYC Verification,03-07-2026
4762,First Transaction,07-07-2026
4762,Loan Application,12-07-2026
4762,Loan Approved,13-07-2026
4763,App Install,27-07-2026
4764,App Install,12-05-2026
4764,Signup,14-05-2026
4765,App Install,14-06-2026
4765,Signup,15-06-2026
4766,App Install,03-07-2026
4766,Signup,05-07-2026
4766,KYC Verification,07-07-2026
4766,First Transaction,09-07-2026
4767,App Install,14-07-2026
4767,Signup,15-07-2026
4767,KYC Verification,15-07-2026
4767,First Transaction,19-07-2026
4767,Loan Application,31-07-2026
4768,App Install,28-03-2026
4768,Signup,29-03-2026
4769,App Install,25-05-2026
4769,Signup,26-05-2026
4769,KYC Verification,28-05-2026
4770,App Install,27-06-2026
4770,Signup,28-06-2026
4770,KYC Verification,30-06-2026
4771,App Install,31-05-2026
4772,App Install,03-03-2026
4773,App Install,26-07-2026
4773,Signup,27-07-2026
4773,KYC Verification,28-07-2026
4773,First Transaction,30-07-2026
4773,Loan Application,06-08-2026
4774,App Install,19-06-2026
4774,Signup,21-06-2026
4774,KYC Verification,22-06-2026
4774,First Transaction,24-06-2026
4775,App Install,07-03-2026
4775,Signup,09-03-2026
4775,KYC Verification,11-03-2026
4776,App Install,21-06-2026
4777,App Install,10-06-2026
4777,Signup,11-06-2026
4777,KYC Verification,12-06-2026
4778,App Install,21-06-2026
4779,App Install,07-04-2026
4779,Signup,08-04-2026
4780,App Install,24-06-2026
4780,Signup,26-06-2026
4781,App Install,06-03-2026
4781,Signup,07-03-2026
4781,KYC Verification,08-03-2026
4781,First Transaction,11-03-2026
4781,Loan Application,19-03-2026
4782,App Install,23-04-2026
4782,Signup,24-04-2026
4782,KYC Verification,25-04-2026
4782,First Transaction,26-04-2026
4782,Loan Application,05-05-2026
4783,App Install,01-07-2026
4783,Signup,03-07-2026
4783,KYC Verification,05-07-2026
4784,App Install,09-04-2026
4785,App Install,27-06-2026
4786,App Install,11-07-2026
4786,Signup,13-07-2026
4787,App Install,13-03-2026
4787,Signup,14-03-2026
4788,App Install,01-04-2026
4788,Signup,01-04-2026
4789,App Install,27-07-2026
4789,Signup,28-07-2026
4790,App Install,06-03-2026
4791,App Install,25-04-2026
4791,Signup,26-04-2026
4792,App Install,01-03-2026
4793,App Install,22-05-2026
4793,Signup,23-05-2026
4793,KYC Verification,24-05-2026
4793,First Transaction,25-05-2026
4793,Loan Application,05-06-2026
4793,Loan Approved,08-06-2026
4794,App Install,18-06-2026
4794,Signup,19-06-2026
4794,KYC Verification,22-06-2026
4794,First Transaction,27-06-2026
4794,Loan Application,11-07-2026
4794,Loan Approved,17-07-2026
4795,App Install,17-04-2026
4796,App Install,27-04-2026
4796,Signup,28-04-2026
4796,KYC Verification,01-05-2026
4796,First Transaction,05-05-2026
4797,App Install,11-03-2026
4798,App Install,17-07-2026
4799,App Install,13-07-2026
4799,Signup,15-07-2026
4800,App Install,11-06-2026
4800,Signup,11-06-2026
4800,KYC Verification,13-06-2026
4801,App Install,03-07-2026
4802,App Install,12-03-2026
4802,Signup,12-03-2026
4803,App Install,28-04-2026
4803,Signup,29-04-2026
4803,KYC Verification,29-04-2026
4803,First Transaction,04-05-2026
4803,Loan Application,12-05-2026
4804,App Install,28-07-2026
4804,Signup,30-07-2026
4805,App Install,24-03-2026
4805,Signup,24-03-2026
4805,KYC Verification,25-03-2026
4805,First Transaction,30-03-2026
4805,Loan Application,01-04-2026
4806,App Install,06-04-2026
4807,App Install,31-03-2026
4807,Signup,02-04-2026
4807,KYC Verification,03-04-2026
4807,First Transaction,05-04-2026
4808,App Install,19-03-2026
4808,Signup,20-03-2026
4809,App Install,05-03-2026
4809,Signup,06-03-2026
4809,KYC Verification,09-03-2026
4809,First Transaction,13-03-2026
4809,Loan Application,24-03-2026
4810,App Install,28-05-2026
4810,Signup,29-05-2026
4810,KYC Verification,31-05-2026
4810,First Transaction,02-06-2026
4810,Loan Application,16-06-2026
4810,Loan Approved,22-06-2026
4811,App Install,13-07-2026
4811,Signup,14-07-2026
4812,App Install,15-04-2026
4813,App Install,11-06-2026
4813,Signup,13-06-2026
4813,KYC Verification,15-06-2026
4813,First Transaction,20-06-2026
4814,App Install,10-03-2026
4814,Signup,12-03-2026
4815,App Install,22-04-2026
4816,App Install,22-06-2026
4817,App Install,07-07-2026
4818,App Install,03-06-2026
4818,Signup,05-06-2026
4818,KYC Verification,06-06-2026
4818,First Transaction,10-06-2026
4819,App Install,26-07-2026
4819,Signup,26-07-2026
4819,KYC Verification,27-07-2026
4819,First Transaction,30-07-2026
4820,App Install,18-07-2026
4820,Signup,19-07-2026
4820,KYC Verification,20-07-2026
4820,First Transaction,21-07-2026
4820,Loan Application,31-07-2026
4820,Loan Approved,03-08-2026
4821,App Install,20-05-2026
4822,App Install,09-05-2026
4823,App Install,21-07-2026
4824,App Install,17-03-2026
4824,Signup,18-03-2026
4825,App Install,07-03-2026
4825,Signup,08-03-2026
4825,KYC Verification,10-03-2026
4825,First Transaction,14-03-2026
4825,Loan Application,15-03-2026
4825,Loan Approved,21-03-2026
4826,App Install,31-03-2026
4826,Signup,02-04-2026
4827,App Install,03-07-2026
4827,Signup,03-07-2026
4827,KYC Verification,05-07-2026
4827,First Transaction,08-07-2026
4828,App Install,01-08-2026
4829,App Install,28-07-2026
4830,App Install,11-04-2026
4830,Signup,11-04-2026
4831,App Install,29-04-2026
4832,App Install,05-06-2026
4832,Signup,05-06-2026
4832,KYC Verification,08-06-2026
4832,First Transaction,11-06-2026
4832,Loan Application,13-06-2026
4833,App Install,08-06-2026
4833,Signup,08-06-2026
4834,App Install,21-03-2026
4834,Signup,22-03-2026
4834,KYC Verification,23-03-2026
4834,First Transaction,26-03-2026
4835,App Install,18-05-2026
4836,App Install,06-06-2026
4836,Signup,06-06-2026
4836,KYC Verification,08-06-2026
4836,First Transaction,12-06-2026
4837,App Install,03-07-2026
4838,App Install,13-03-2026
4838,Signup,15-03-2026
4838,KYC Verification,17-03-2026
4838,First Transaction,21-03-2026
4839,App Install,10-05-2026
4839,Signup,10-05-2026
4839,KYC Verification,12-05-2026
4839,First Transaction,16-05-2026
4839,Loan Application,22-05-2026
4839,Loan Approved,29-05-2026
4840,App Install,06-07-2026
4840,Signup,06-07-2026
4841,App Install,16-07-2026
4841,Signup,17-07-2026
4842,App Install,30-05-2026
4843,App Install,24-04-2026
4844,App Install,17-07-2026
4845,App Install,04-03-2026
4845,Signup,04-03-2026
4845,KYC Verification,05-03-2026
4845,First Transaction,09-03-2026
4845,Loan Application,14-03-2026
4845,Loan Approved,20-03-2026
4846,App Install,07-06-2026
4846,Signup,07-06-2026
4846,KYC Verification,09-06-2026
4846,First Transaction,14-06-2026
4846,Loan Application,28-06-2026
4846,Loan Approved,02-07-2026
4847,App Install,01-05-2026
4847,Signup,01-05-2026
4847,KYC Verification,02-05-2026
4847,First Transaction,03-05-2026
4848,App Install,02-04-2026
4848,Signup,02-04-2026
4849,App Install,02-06-2026
4849,Signup,04-06-2026
4849,KYC Verification,06-06-2026
4849,First Transaction,07-06-2026
4850,App Install,02-06-2026
4851,App Install,25-03-2026
4851,Signup,27-03-2026
4851,KYC Verification,29-03-2026
4852,App Install,26-07-2026
4853,App Install,18-06-2026
4854,App Install,23-03-2026
4854,Signup,24-03-2026
4854,KYC Verification,26-03-2026
4855,App Install,17-07-2026
4855,Signup,18-07-2026
4856,App Install,05-04-2026
4856,Signup,06-04-2026
4857,App Install,04-05-2026
4857,Signup,05-05-2026
4857,KYC Verification,07-05-2026
4857,First Transaction,12-05-2026
4858,App Install,30-03-2026
4858,Signup,01-04-2026
4858,KYC Verification,02-04-2026
4858,First Transaction,07-04-2026
4859,App Install,20-07-2026
4860,App Install,08-06-2026
4860,Signup,09-06-2026
4861,App Install,15-06-2026
4861,Signup,15-06-2026
4861,KYC Verification,15-06-2026
4861,First Transaction,17-06-2026
4862,App Install,06-07-2026
4862,Signup,07-07-2026
4862,KYC Verification,07-07-2026
4862,First Transaction,11-07-2026
4862,Loan Application,17-07-2026
4862,Loan Approved,18-07-2026
4863,App Install,09-03-2026
4863,Signup,10-03-2026
4864,App Install,09-03-2026
4864,Signup,11-03-2026
4865,App Install,25-07-2026
4865,Signup,25-07-2026
4866,App Install,25-03-2026
4866,Signup,26-03-2026
4866,KYC Verification,27-03-2026
4867,App Install,06-04-2026
4867,Signup,08-04-2026
4867,KYC Verification,10-04-2026
4867,First Transaction,14-04-2026
4868,App Install,07-07-2026
4869,App Install,23-06-2026
4869,Signup,23-06-2026
4869,KYC Verification,26-06-2026
4870,App Install,02-03-2026
4870,Signup,02-03-2026
4870,KYC Verification,03-03-2026
4870,First Transaction,07-03-2026
4870,Loan Application,12-03-2026
4871,App Install,10-07-2026
4871,Signup,11-07-2026
4871,KYC Verification,11-07-2026
4872,App Install,09-06-2026
4872,Signup,10-06-2026
4872,KYC Verification,12-06-2026
4872,First Transaction,17-06-2026
4872,Loan Application,18-06-2026
4872,Loan Approved,24-06-2026
4873,App Install,02-06-2026
4873,Signup,03-06-2026
4873,KYC Verification,05-06-2026
4873,First Transaction,06-06-2026
4873,Loan Application,08-06-2026
4873,Loan Approved,12-06-2026
4874,App Install,08-04-2026
4874,Signup,09-04-2026
4875,App Install,20-04-2026
4875,Signup,20-04-2026
4876,App Install,08-05-2026
4876,Signup,09-05-2026
4876,KYC Verification,09-05-2026
4876,First Transaction,12-05-2026
4877,App Install,05-06-2026
4878,App Install,18-05-2026
4878,Signup,18-05-2026
4879,App Install,11-07-2026
4879,Signup,11-07-2026
4879,KYC Verification,13-07-2026
4879,First Transaction,16-07-2026
4880,App Install,23-03-2026
4880,Signup,24-03-2026
4880,KYC Verification,26-03-2026
4880,First Transaction,28-03-2026
4881,App Install,28-05-2026
4881,Signup,30-05-2026
4881,KYC Verification,02-06-2026
4881,First Transaction,03-06-2026
4882,App Install,10-05-2026
4882,Signup,12-05-2026
4882,KYC Verification,13-05-2026
4883,App Install,31-05-2026
4883,Signup,01-06-2026
4883,KYC Verification,01-06-2026
4883,First Transaction,05-06-2026
4883,Loan Application,18-06-2026
4883,Loan Approved,21-06-2026
4884,App Install,10-03-2026
4884,Signup,11-03-2026
4885,App Install,17-04-2026
4886,App Install,16-07-2026
4887,App Install,03-04-2026
4888,App Install,25-04-2026
4888,Signup,26-04-2026
4888,KYC Verification,27-04-2026
4888,First Transaction,29-04-2026
4889,App Install,20-05-2026
4889,Signup,22-05-2026
4889,KYC Verification,23-05-2026
4889,First Transaction,24-05-2026
4890,App Install,29-07-2026
4891,App Install,20-06-2026
4891,Signup,21-06-2026
4891,KYC Verification,22-06-2026
4891,First Transaction,27-06-2026
4892,App Install,09-04-2026
4892,Signup,11-04-2026
4892,KYC Verification,12-04-2026
4892,First Transaction,13-04-2026
4893,App Install,16-04-2026
4894,App Install,02-04-2026
4895,App Install,01-04-2026
4895,Signup,03-04-2026
4895,KYC Verification,03-04-2026
4895,First Transaction,08-04-2026
4896,App Install,03-07-2026
4896,Signup,05-07-2026
4897,App Install,16-03-2026
4897,Signup,18-03-2026
4898,App Install,15-07-2026
4899,App Install,13-06-2026
4900,App Install,26-05-2026
4900,Signup,28-05-2026
4900,KYC Verification,28-05-2026
4901,App Install,15-05-2026
4901,Signup,16-05-2026
4901,KYC Verification,16-05-2026
4901,First Transaction,19-05-2026
4902,App Install,04-03-2026
4902,Signup,06-03-2026
4903,App Install,14-05-2026
4904,App Install,22-07-2026
4904,Signup,24-07-2026
4905,App Install,20-03-2026
4905,Signup,21-03-2026
4905,KYC Verification,23-03-2026
4906,App Install,11-06-2026
4906,Signup,11-06-2026
4906,KYC Verification,12-06-2026
4907,App Install,25-06-2026
4908,App Install,23-05-2026
4909,App Install,12-03-2026
4910,App Install,13-05-2026
4910,Signup,14-05-2026
4911,App Install,04-05-2026
4911,Signup,04-05-2026
4912,App Install,13-07-2026
4912,Signup,13-07-2026
4912,KYC Verification,16-07-2026
4912,First Transaction,18-07-2026
4912,Loan Application,31-07-2026
4913,App Install,13-04-2026
4913,Signup,14-04-2026
4914,App Install,06-04-2026
4914,Signup,07-04-2026
4915,App Install,07-03-2026
4915,Signup,07-03-2026
4915,KYC Verification,08-03-2026
4915,First Transaction,13-03-2026
4916,App Install,02-06-2026
4917,App Install,15-06-2026
4917,Signup,16-06-2026
4917,KYC Verification,16-06-2026
4917,First Transaction,19-06-2026
4917,Loan Application,01-07-2026
4917,Loan Approved,07-07-2026
4918,App Install,25-05-2026
4918,Signup,26-05-2026
4918,KYC Verification,26-05-2026
4918,First Transaction,28-05-2026
4919,App Install,19-03-2026
4919,Signup,19-03-2026
4920,App Install,29-07-2026
4921,App Install,14-03-2026
4921,Signup,16-03-2026
4921,KYC Verification,18-03-2026
4921,First Transaction,22-03-2026
4922,App Install,31-05-2026
4923,App Install,15-06-2026
4923,Signup,16-06-2026
4924,App Install,03-04-2026
4924,Signup,04-04-2026
4925,App Install,08-04-2026
4926,App Install,07-05-2026
4926,Signup,09-05-2026
4926,KYC Verification,10-05-2026
4926,First Transaction,14-05-2026
4927,App Install,09-03-2026
4927,Signup,10-03-2026
4927,KYC Verification,13-03-2026
4928,App Install,11-04-2026
4929,App Install,09-06-2026
4930,App Install,22-06-2026
4930,Signup,23-06-2026
4931,App Install,21-03-2026
4931,Signup,21-03-2026
4931,KYC Verification,23-03-2026
4931,First Transaction,25-03-2026
4932,App Install,28-07-2026
4932,Signup,29-07-2026
4933,App Install,01-03-2026
4933,Signup,02-03-2026
4933,KYC Verification,04-03-2026
4933,First Transaction,07-03-2026
4933,Loan Application,21-03-2026
4933,Loan Approved,26-03-2026
4934,App Install,07-05-2026
4934,Signup,07-05-2026
4934,KYC Verification,08-05-2026
4935,App Install,22-06-2026
4935,Signup,24-06-2026
4935,KYC Verification,25-06-2026
4936,App Install,25-03-2026
4936,Signup,27-03-2026
4937,App Install,30-04-2026
4937,Signup,01-05-2026
4938,App Install,13-06-2026
4939,App Install,12-04-2026
4939,Signup,12-04-2026
4939,KYC Verification,13-04-2026
4939,First Transaction,14-04-2026
4939,Loan Application,20-04-2026
4939,Loan Approved,22-04-2026
4940,App Install,11-05-2026
4940,Signup,12-05-2026
4940,KYC Verification,13-05-2026
4940,First Transaction,15-05-2026
4941,App Install,17-03-2026
4941,Signup,18-03-2026
4942,App Install,26-07-2026
4942,Signup,27-07-2026
4942,KYC Verification,30-07-2026
4942,First Transaction,01-08-2026
4943,App Install,26-06-2026
4943,Signup,28-06-2026
4943,KYC Verification,01-07-2026
4943,First Transaction,06-07-2026
4944,App Install,09-04-2026
4945,App Install,22-05-2026
4945,Signup,23-05-2026
4946,App Install,10-03-2026
4947,App Install,24-06-2026
4947,Signup,25-06-2026
4947,KYC Verification,26-06-2026
4947,First Transaction,30-06-2026
4948,App Install,16-05-2026
4948,Signup,17-05-2026
4948,KYC Verification,18-05-2026
4948,First Transaction,22-05-2026
4949,App Install,04-07-2026
4949,Signup,05-07-2026
4949,KYC Verification,07-07-2026
4949,First Transaction,11-07-2026
4949,Loan Application,21-07-2026
4949,Loan Approved,28-07-2026
4950,App Install,27-07-2026
4950,Signup,28-07-2026
4950,KYC Verification,29-07-2026
4951,App Install,06-04-2026
4951,Signup,07-04-2026
4951,KYC Verification,09-04-2026
4951,First Transaction,13-04-2026
4952,App Install,20-03-2026
4952,Signup,20-03-2026
4952,KYC Verification,22-03-2026
4952,First Transaction,23-03-2026
4953,App Install,09-04-2026
4953,Signup,09-04-2026
4953,KYC Verification,09-04-2026
4953,First Transaction,12-04-2026
4953,Loan Application,22-04-2026
4953,Loan Approved,26-04-2026
4954,App Install,27-04-2026
4955,App Install,04-03-2026
4956,App Install,19-07-2026
4956,Signup,20-07-2026
4957,App Install,18-04-2026
4957,Signup,19-04-2026
4957,KYC Verification,21-04-2026
4957,First Transaction,22-04-2026
4957,Loan Application,05-05-2026
4958,App Install,15-03-2026
4958,Signup,16-03-2026
4958,KYC Verification,19-03-2026
4958,First Transaction,23-03-2026
4958,Loan Application,04-04-2026
4958,Loan Approved,06-04-2026
4959,App Install,23-06-2026
4959,Signup,23-06-2026
4959,KYC Verification,24-06-2026
4959,First Transaction,27-06-2026
4959,Loan Application,10-07-2026
4959,Loan Approved,11-07-2026
4960,App Install,17-05-2026
4960,Signup,18-05-2026
4961,App Install,17-04-2026
4961,Signup,17-04-2026
4962,App Install,08-04-2026
4962,Signup,08-04-2026
4963,App Install,21-05-2026
4963,Signup,22-05-2026
4963,KYC Verification,24-05-2026
4964,App Install,17-07-2026
4964,Signup,18-07-2026
4965,App Install,24-05-2026
4965,Signup,25-05-2026
4965,KYC Verification,28-05-2026
4966,App Install,06-05-2026
4966,Signup,08-05-2026
4966,KYC Verification,11-05-2026
4966,First Transaction,16-05-2026
4967,App Install,11-05-2026
4968,App Install,15-03-2026
4968,Signup,17-03-2026
4969,App Install,25-06-2026
4969,Signup,26-06-2026
4969,KYC Verification,28-06-2026
4970,App Install,18-04-2026
4970,Signup,19-04-2026
4971,App Install,04-07-2026
4972,App Install,13-05-2026
4972,Signup,15-05-2026
4973,App Install,26-05-2026
4973,Signup,27-05-2026
4973,KYC Verification,29-05-2026
4973,First Transaction,02-06-2026
4973,Loan Application,12-06-2026
4974,App Install,20-04-2026
4974,Signup,21-04-2026
4974,KYC Verification,22-04-2026
4974,First Transaction,25-04-2026
4975,App Install,10-05-2026
4975,Signup,11-05-2026
4975,KYC Verification,13-05-2026
4975,First Transaction,14-05-2026
4975,Loan Application,23-05-2026
4975,Loan Approved,25-05-2026
4976,App Install,21-06-2026
4977,App Install,19-03-2026
4977,Signup,19-03-2026
4977,KYC Verification,21-03-2026
4977,First Transaction,23-03-2026
4977,Loan Application,04-04-2026
4978,App Install,30-05-2026
4979,App Install,08-07-2026
4979,Signup,08-07-2026
4979,KYC Verification,10-07-2026
4979,First Transaction,14-07-2026
4980,App Install,11-05-2026
4980,Signup,13-05-2026
4980,KYC Verification,13-05-2026
4980,First Transaction,16-05-2026
4980,Loan Application,18-05-2026
4980,Loan Approved,24-05-2026
4981,App Install,07-04-2026
4981,Signup,08-04-2026
4981,KYC Verification,09-04-2026
4981,First Transaction,10-04-2026
4982,App Install,20-03-2026
4982,Signup,20-03-2026
4982,KYC Verification,21-03-2026
4982,First Transaction,26-03-2026
4983,App Install,01-06-2026
4984,App Install,28-06-2026
4985,App Install,21-06-2026
4985,Signup,22-06-2026
4986,App Install,14-06-2026
4986,Signup,15-06-2026
4986,KYC Verification,18-06-2026
4987,App Install,15-07-2026
4988,App Install,21-05-2026
4988,Signup,21-05-2026
4989,App Install,07-03-2026
4990,App Install,07-05-2026
4990,Signup,08-05-2026
4990,KYC Verification,11-05-2026
4990,First Transaction,14-05-2026
4990,Loan Application,25-05-2026
4991,App Install,30-07-2026
4991,Signup,01-08-2026
4992,App Install,05-05-2026
4992,Signup,07-05-2026
4992,KYC Verification,09-05-2026
4992,First Transaction,10-05-2026
4992,Loan Application,12-05-2026
4992,Loan Approved,19-05-2026
4993,App Install,16-07-2026
4993,Signup,17-07-2026
4993,KYC Verification,17-07-2026
4993,First Transaction,18-07-2026
4993,Loan Application,21-07-2026
4993,Loan Approved,27-07-2026
4994,App Install,02-04-2026
4994,Signup,04-04-2026
4994,KYC Verification,06-04-2026
4994,First Transaction,09-04-2026
4995,App Install,08-06-2026
4995,Signup,10-06-2026
4996,App Install,27-04-2026
4996,Signup,28-04-2026
4996,KYC Verification,30-04-2026
4996,First Transaction,03-05-2026
4996,Loan Application,13-05-2026
4996,Loan Approved,20-05-2026
4997,App Install,25-07-2026
4997,Signup,27-07-2026
4998,App Install,29-03-2026
4999,App Install,04-04-2026
4999,Signup,05-04-2026
4999,KYC Verification,06-04-2026
5000,App Install,13-05-2026
5001,App Install,01-03-2026
5001,Signup,03-03-2026
5001,KYC Verification,03-03-2026
5001,First Transaction,05-03-2026
5002,App Install,05-06-2026
5002,Signup,05-06-2026
5002,KYC Verification,07-06-2026
5002,First Transaction,08-06-2026
5003,App Install,03-07-2026
5003,Signup,04-07-2026
5004,App Install,06-07-2026
5005,App Install,17-07-2026
5005,Signup,17-07-2026
5006,App Install,14-04-2026
5006,Signup,15-04-2026
5006,KYC Verification,16-04-2026
5007,App Install,05-06-2026
5007,Signup,06-06-2026
5007,KYC Verification,06-06-2026
5007,First Transaction,11-06-2026
5007,Loan Application,20-06-2026
5008,App Install,23-06-2026
5008,Signup,25-06-2026
5009,App Install,07-04-2026
5009,Signup,08-04-2026
5009,KYC Verification,09-04-2026
5009,First Transaction,12-04-2026
5010,App Install,25-03-2026
5011,App Install,27-03-2026
5011,Signup,28-03-2026
5012,App Install,04-06-2026
5013,App Install,14-05-2026
5013,Signup,15-05-2026
5013,KYC Verification,16-05-2026
5013,First Transaction,17-05-2026
5013,Loan Application,18-05-2026
5013,Loan Approved,24-05-2026
5014,App Install,17-04-2026
5014,Signup,19-04-2026
5014,KYC Verification,19-04-2026
5014,First Transaction,21-04-2026
5015,App Install,17-07-2026
5016,App Install,26-03-2026
5016,Signup,27-03-2026
5016,KYC Verification,28-03-2026
5016,First Transaction,02-04-2026
5017,App Install,13-05-2026
5017,Signup,14-05-2026
5017,KYC Verification,16-05-2026
5017,First Transaction,19-05-2026
5017,Loan Application,20-05-2026
5018,App Install,21-05-2026
5019,App Install,19-04-2026
5019,Signup,20-04-2026
5020,App Install,07-06-2026
5020,Signup,09-06-2026
5021,App Install,05-07-2026
5021,Signup,05-07-2026
5022,App Install,13-05-2026
5023,App Install,17-06-2026
5023,Signup,18-06-2026
5023,KYC Verification,18-06-2026
5024,App Install,16-03-2026
5024,Signup,18-03-2026
5024,KYC Verification,19-03-2026
5025,App Install,11-05-2026
5025,Signup,12-05-2026
5026,App Install,25-03-2026
5026,Signup,25-03-2026
5026,KYC Verification,25-03-2026
5026,First Transaction,30-03-2026
5027,App Install,22-06-2026
5028,App Install,01-08-2026
5029,App Install,30-05-2026
5029,Signup,01-06-2026
5029,KYC Verification,01-06-2026
5029,First Transaction,06-06-2026
5030,App Install,16-05-2026
5030,Signup,18-05-2026
5030,KYC Verification,18-05-2026
5030,First Transaction,21-05-2026
5031,App Install,21-03-2026
5031,Signup,22-03-2026
5032,App Install,27-04-2026
5032,Signup,27-04-2026
5032,KYC Verification,29-04-2026
5032,First Transaction,04-05-2026
5032,Loan Application,16-05-2026
5032,Loan Approved,17-05-2026
5033,App Install,05-05-2026
5033,Signup,06-05-2026
5033,KYC Verification,07-05-2026
5033,First Transaction,10-05-2026
5034,App Install,28-03-2026
5034,Signup,29-03-2026
5034,KYC Verification,29-03-2026
5034,First Transaction,30-03-2026
5035,App Install,22-03-2026
5035,Signup,24-03-2026
5035,KYC Verification,25-03-2026
5035,First Transaction,27-03-2026
5036,App Install,16-07-2026
5037,App Install,25-04-2026
5037,Signup,27-04-2026
5037,KYC Verification,28-04-2026
5037,First Transaction,29-04-2026
5038,App Install,18-07-2026
5038,Signup,18-07-2026
5038,KYC Verification,20-07-2026
5039,App Install,04-03-2026
5039,Signup,06-03-2026
5040,App Install,23-03-2026
5040,Signup,24-03-2026
5040,KYC Verification,26-03-2026
5041,App Install,16-07-2026
5041,Signup,16-07-2026
5041,KYC Verification,17-07-2026
5041,First Transaction,18-07-2026
5042,App Install,17-05-2026
5043,App Install,09-06-2026
5044,App Install,11-04-2026
5045,App Install,23-03-2026
5045,Signup,24-03-2026
5045,KYC Verification,26-03-2026
5045,First Transaction,29-03-2026
5046,App Install,08-07-2026
5046,Signup,10-07-2026
5046,KYC Verification,12-07-2026
5046,First Transaction,16-07-2026
5047,App Install,08-05-2026
5047,Signup,10-05-2026
5047,KYC Verification,10-05-2026
5048,App Install,10-07-2026
5049,App Install,13-05-2026
5049,Signup,15-05-2026
5049,KYC Verification,16-05-2026
5049,First Transaction,18-05-2026
5049,Loan Application,21-05-2026
5049,Loan Approved,28-05-2026
5050,App Install,26-05-2026
5050,Signup,27-05-2026
5050,KYC Verification,30-05-2026
5050,First Transaction,31-05-2026
5051,App Install,12-07-2026
5052,App Install,06-05-2026
5052,Signup,06-05-2026
5052,KYC Verification,09-05-2026
5052,First Transaction,13-05-2026
5052,Loan Application,24-05-2026
5052,Loan Approved,25-05-2026
5053,App Install,21-07-2026
5053,Signup,22-07-2026
5053,KYC Verification,23-07-2026
5053,First Transaction,27-07-2026
5054,App Install,23-06-2026
5054,Signup,25-06-2026
5055,App Install,25-05-2026
5055,Signup,26-05-2026
5055,KYC Verification,27-05-2026
5056,App Install,14-05-2026
5056,Signup,15-05-2026
5056,KYC Verification,17-05-2026
5056,First Transaction,21-05-2026
5056,Loan Application,25-05-2026
5057,App Install,20-05-2026
5058,App Install,25-05-2026
5058,Signup,26-05-2026
5059,App Install,05-04-2026
5060,App Install,02-07-2026
5060,Signup,03-07-2026
5060,KYC Verification,05-07-2026
5060,First Transaction,06-07-2026
5061,App Install,02-06-2026
5061,Signup,03-06-2026
5062,App Install,07-04-2026
5062,Signup,08-04-2026
5062,KYC Verification,08-04-2026
5063,App Install,16-03-2026
5063,Signup,16-03-2026
5063,KYC Verification,18-03-2026
5063,First Transaction,20-03-2026
5063,Loan Application,26-03-2026
5063,Loan Approved,02-04-2026
5064,App Install,21-05-2026
5065,App Install,19-07-2026
5066,App Install,03-07-2026
5066,Signup,03-07-2026
5066,KYC Verification,06-07-2026
5067,App Install,14-07-2026
5067,Signup,15-07-2026
5067,KYC Verification,16-07-2026
5067,First Transaction,21-07-2026
5068,App Install,01-08-2026
5068,Signup,02-08-2026
5068,KYC Verification,02-08-2026
5068,First Transaction,06-08-2026
5068,Loan Application,10-08-2026
5068,Loan Approved,16-08-2026
5069,App Install,30-03-2026
5070,App Install,04-06-2026
5071,App Install,13-05-2026
5071,Signup,13-05-2026
5071,KYC Verification,15-05-2026
5071,First Transaction,18-05-2026
5072,App Install,26-06-2026
5072,Signup,28-06-2026
5072,KYC Verification,30-06-2026
5072,First Transaction,05-07-2026
5073,App Install,29-03-2026
5074,App Install,03-03-2026
5074,Signup,04-03-2026
5074,KYC Verification,06-03-2026
5074,First Transaction,10-03-2026
5075,App Install,08-04-2026
5075,Signup,09-04-2026
5076,App Install,01-08-2026
5076,Signup,02-08-2026
5076,KYC Verification,02-08-2026
5076,First Transaction,06-08-2026
5077,App Install,03-06-2026
5078,App Install,08-03-2026
5079,App Install,15-05-2026
5080,App Install,09-04-2026
5080,Signup,10-04-2026
5081,App Install,26-03-2026
5081,Signup,27-03-2026
5081,KYC Verification,29-03-2026
5081,First Transaction,01-04-2026
5081,Loan Application,13-04-2026
5082,App Install,04-03-2026
5082,Signup,04-03-2026
5083,App Install,07-05-2026
5084,App Install,27-07-2026
5084,Signup,28-07-2026
5085,App Install,07-05-2026
5085,Signup,09-05-2026
5086,App Install,30-04-2026
5087,App Install,02-06-2026
5087,Signup,03-06-2026
5087,KYC Verification,06-06-2026
5087,First Transaction,09-06-2026
5088,App Install,29-07-2026
5088,Signup,30-07-2026
5088,KYC Verification,31-07-2026
5088,First Transaction,05-08-2026
5089,App Install,18-07-2026
5089,Signup,19-07-2026
5089,KYC Verification,21-07-2026
5090,App Install,05-03-2026
5091,App Install,29-03-2026
5091,Signup,30-03-2026
5091,KYC Verification,02-04-2026
5091,First Transaction,04-04-2026
5092,App Install,04-05-2026
5093,App Install,31-05-2026
5094,App Install,22-06-2026
5094,Signup,23-06-2026
5095,App Install,12-07-2026
5095,Signup,13-07-2026
5095,KYC Verification,15-07-2026
5095,First Transaction,20-07-2026
5096,App Install,03-04-2026
5096,Signup,04-04-2026
5096,KYC Verification,05-04-2026
5096,First Transaction,07-04-2026
5096,Loan Application,11-04-2026
5096,Loan Approved,17-04-2026
5097,App Install,26-05-2026
5097,Signup,27-05-2026
5097,KYC Verification,28-05-2026
5098,App Install,11-07-2026
5098,Signup,11-07-2026
5098,KYC Verification,14-07-2026
5098,First Transaction,16-07-2026
5099,App Install,13-04-2026
5099,Signup,14-04-2026
5099,KYC Verification,14-04-2026
5100,App Install,07-07-2026
5100,Signup,07-07-2026
5100,KYC Verification,09-07-2026
5100,First Transaction,12-07-2026
5101,App Install,14-06-2026
5102,App Install,22-03-2026
5102,Signup,22-03-2026
5102,KYC Verification,23-03-2026
5102,First Transaction,27-03-2026
5102,Loan Application,10-04-2026
5102,Loan Approved,14-04-2026
5103,App Install,19-06-2026
5103,Signup,19-06-2026
5103,KYC Verification,22-06-2026
5103,First Transaction,26-06-2026
5103,Loan Application,10-07-2026
5103,Loan Approved,17-07-2026
5104,App Install,14-06-2026
5104,Signup,16-06-2026
5104,KYC Verification,18-06-2026
5104,First Transaction,22-06-2026
5104,Loan Application,29-06-2026
5104,Loan Approved,03-07-2026
5105,App Install,17-05-2026
5105,Signup,18-05-2026
5106,App Install,03-07-2026
5107,App Install,26-03-2026
5107,Signup,27-03-2026
5107,KYC Verification,28-03-2026
5108,App Install,04-06-2026
5108,Signup,05-06-2026
5108,KYC Verification,05-06-2026
5108,First Transaction,06-06-2026
5109,App Install,13-06-2026
5109,Signup,14-06-2026
5109,KYC Verification,16-06-2026
5110,App Install,02-04-2026
5111,App Install,31-05-2026
5111,Signup,01-06-2026
5111,KYC Verification,02-06-2026
5111,First Transaction,04-06-2026
5112,App Install,16-06-2026
5113,App Install,20-07-2026
5113,Signup,21-07-2026
5113,KYC Verification,21-07-2026
5113,First Transaction,26-07-2026
5113,Loan Application,31-07-2026
5114,App Install,13-03-2026
5114,Signup,14-03-2026
5114,KYC Verification,17-03-2026
5115,App Install,25-05-2026
5115,Signup,26-05-2026
5116,App Install,09-04-2026
5117,App Install,30-04-2026
5117,Signup,02-05-2026
5117,KYC Verification,03-05-2026
5117,First Transaction,08-05-2026
5117,Loan Application,10-05-2026
5117,Loan Approved,14-05-2026
5118,App Install,18-06-2026
5118,Signup,18-06-2026
5118,KYC Verification,19-06-2026
5118,First Transaction,20-06-2026
5118,Loan Application,25-06-2026
5118,Loan Approved,26-06-2026
5119,App Install,15-05-2026
5119,Signup,15-05-2026
5120,App Install,09-07-2026
5120,Signup,10-07-2026
5120,KYC Verification,11-07-2026
5120,First Transaction,14-07-2026
5121,App Install,18-03-2026
5122,App Install,18-07-2026
5122,Signup,20-07-2026
5122,KYC Verification,20-07-2026
5123,App Install,25-03-2026
5124,App Install,20-06-2026
5124,Signup,22-06-2026
5124,KYC Verification,23-06-2026
5124,First Transaction,24-06-2026
5124,Loan Application,02-07-2026
5124,Loan Approved,08-07-2026
5125,App Install,15-03-2026
5125,Signup,17-03-2026
5126,App Install,19-07-2026
5126,Signup,19-07-2026
5126,KYC Verification,20-07-2026
5126,First Transaction,25-07-2026
5127,App Install,13-03-2026
5128,App Install,03-07-2026
5129,App Install,17-04-2026
5130,App Install,05-05-2026
5131,App Install,30-03-2026
5131,Signup,01-04-2026
5132,App Install,03-04-2026
5132,Signup,04-04-2026
5132,KYC Verification,04-04-2026
5133,App Install,11-07-2026
5133,Signup,12-07-2026
5133,KYC Verification,14-07-2026
5133,First Transaction,19-07-2026
5133,Loan Application,26-07-2026
5134,App Install,29-03-2026
5134,Signup,29-03-2026
5135,App Install,12-06-2026
5135,Signup,13-06-2026
5136,App Install,21-03-2026
5136,Signup,22-03-2026
5136,KYC Verification,24-03-2026
5137,App Install,23-06-2026
5137,Signup,25-06-2026
5138,App Install,01-08-2026
5139,App Install,06-03-2026
5139,Signup,06-03-2026
5139,KYC Verification,09-03-2026
5139,First Transaction,11-03-2026
5140,App Install,11-04-2026
5140,Signup,12-04-2026
5140,KYC Verification,12-04-2026
5140,First Transaction,17-04-2026
5140,Loan Application,28-04-2026
5140,Loan Approved,30-04-2026
5141,App Install,15-07-2026
5142,App Install,29-04-2026
5142,Signup,29-04-2026
5143,App Install,01-03-2026
5143,Signup,02-03-2026
5143,KYC Verification,03-03-2026
5143,First Transaction,08-03-2026
5144,App Install,05-07-2026
5144,Signup,06-07-2026
5144,KYC Verification,08-07-2026
5145,App Install,10-03-2026
5145,Signup,12-03-2026
5145,KYC Verification,14-03-2026
5145,First Transaction,19-03-2026
5145,Loan Application,31-03-2026
5146,App Install,08-05-2026
5146,Signup,10-05-2026
5147,App Install,14-07-2026
5148,App Install,16-06-2026
5149,App Install,09-04-2026
5149,Signup,11-04-2026
5149,KYC Verification,11-04-2026
5149,First Transaction,13-04-2026
5150,App Install,29-07-2026
5150,Signup,30-07-2026
5151,App Install,29-07-2026
5151,Signup,30-07-2026
5151,KYC Verification,31-07-2026
5151,First Transaction,03-08-2026
5152,App Install,01-04-2026
5152,Signup,02-04-2026
5152,KYC Verification,03-04-2026
5152,First Transaction,06-04-2026
5153,App Install,22-03-2026
5153,Signup,23-03-2026
5153,KYC Verification,25-03-2026
5153,First Transaction,29-03-2026
5154,App Install,21-07-2026
5154,Signup,21-07-2026
5154,KYC Verification,23-07-2026
5154,First Transaction,27-07-2026
5155,App Install,06-03-2026
5156,App Install,14-03-2026
5156,Signup,15-03-2026
5156,KYC Verification,18-03-2026
5156,First Transaction,22-03-2026
5157,App Install,30-07-2026
5157,Signup,31-07-2026
5158,App Install,05-07-2026
5158,Signup,05-07-2026
5159,App Install,20-03-2026
5160,App Install,24-05-2026
5160,Signup,25-05-2026
5160,KYC Verification,26-05-2026
5160,First Transaction,30-05-2026
5161,App Install,06-03-2026
5161,Signup,08-03-2026
5161,KYC Verification,10-03-2026
5162,App Install,04-07-2026
5162,Signup,04-07-2026
5162,KYC Verification,06-07-2026
5162,First Transaction,08-07-2026
5162,Loan Application,15-07-2026
5162,Loan Approved,17-07-2026
5163,App Install,28-03-2026
5163,Signup,29-03-2026
5163,KYC Verification,31-03-2026
5163,First Transaction,02-04-2026
5163,Loan Application,10-04-2026
5163,Loan Approved,16-04-2026
5164,App Install,25-06-2026
5165,App Install,02-05-2026
5165,Signup,03-05-2026
5165,KYC Verification,06-05-2026
5166,App Install,12-03-2026
5166,Signup,13-03-2026
5166,KYC Verification,14-03-2026
5166,First Transaction,17-03-2026
5167,App Install,12-04-2026
5168,App Install,04-07-2026
5169,App Install,07-06-2026
5169,Signup,08-06-2026
5170,App Install,26-04-2026
5170,Signup,28-04-2026
5170,KYC Verification,29-04-2026
5170,First Transaction,01-05-2026
5171,App Install,14-04-2026
5171,Signup,14-04-2026
5172,App Install,01-07-2026
5172,Signup,01-07-2026
5172,KYC Verification,03-07-2026
5172,First Transaction,06-07-2026
5173,App Install,14-05-2026
5174,App Install,09-03-2026
5175,App Install,10-07-2026
5175,Signup,11-07-2026
5175,KYC Verification,11-07-2026
5175,First Transaction,16-07-2026
5176,App Install,23-03-2026
5176,Signup,23-03-2026
5176,KYC Verification,24-03-2026
5176,First Transaction,26-03-2026
5177,App Install,27-04-2026
5177,Signup,28-04-2026
5177,KYC Verification,29-04-2026
5178,App Install,05-07-2026
5178,Signup,06-07-2026
5178,KYC Verification,08-07-2026
5178,First Transaction,12-07-2026
5178,Loan Application,16-07-2026
5178,Loan Approved,22-07-2026
5179,App Install,25-03-2026
5179,Signup,26-03-2026
5179,KYC Verification,29-03-2026
5179,First Transaction,01-04-2026
5180,App Install,03-03-2026
5180,Signup,04-03-2026
5180,KYC Verification,06-03-2026
5180,First Transaction,11-03-2026
5181,App Install,21-03-2026
5181,Signup,23-03-2026
5181,KYC Verification,25-03-2026
5182,App Install,01-07-2026
5182,Signup,03-07-2026
5182,KYC Verification,04-07-2026
5182,First Transaction,05-07-2026
5182,Loan Application,19-07-2026
5182,Loan Approved,24-07-2026
5183,App Install,16-07-2026
5183,Signup,16-07-2026
5183,KYC Verification,18-07-2026
5184,App Install,06-07-2026
5184,Signup,07-07-2026
5184,KYC Verification,07-07-2026
5185,App Install,23-06-2026
5186,App Install,09-07-2026
5186,Signup,10-07-2026
5187,App Install,07-04-2026
5187,Signup,09-04-2026
5187,KYC Verification,11-04-2026
5187,First Transaction,16-04-2026
5187,Loan Application,20-04-2026
5187,Loan Approved,22-04-2026
5188,App Install,19-04-2026
5188,Signup,19-04-2026
5188,KYC Verification,20-04-2026
5188,First Transaction,25-04-2026
5189,App Install,17-05-2026
5189,Signup,17-05-2026
5190,App Install,25-04-2026
5190,Signup,25-04-2026
5190,KYC Verification,28-04-2026
5190,First Transaction,29-04-2026
5191,App Install,22-06-2026
5191,Signup,24-06-2026
5191,KYC Verification,26-06-2026
5191,First Transaction,30-06-2026
5191,Loan Application,04-07-2026
5191,Loan Approved,10-07-2026
5192,App Install,04-04-2026
5192,Signup,06-04-2026
5193,App Install,01-03-2026
5193,Signup,01-03-2026
5193,KYC Verification,03-03-2026
5193,First Transaction,04-03-2026
5193,Loan Application,16-03-2026
5193,Loan Approved,19-03-2026
5194,App Install,29-03-2026
5194,Signup,30-03-2026
5195,App Install,09-06-2026
5195,Signup,11-06-2026
5195,KYC Verification,11-06-2026
5195,First Transaction,15-06-2026
5196,App Install,19-05-2026
5196,Signup,20-05-2026
5197,App Install,04-07-2026
5197,Signup,05-07-2026
5197,KYC Verification,07-07-2026
5197,First Transaction,11-07-2026
5198,App Install,29-06-2026
5198,Signup,01-07-2026
5198,KYC Verification,04-07-2026
5198,First Transaction,09-07-2026
5199,App Install,21-05-2026
5199,Signup,22-05-2026
5200,App Install,01-04-2026
5200,Signup,01-04-2026
5200,KYC Verification,04-04-2026
5200,First Transaction,05-04-2026
5201,App Install,28-07-2026
5201,Signup,30-07-2026
5201,KYC Verification,02-08-2026
5201,First Transaction,07-08-2026
5202,App Install,21-03-2026
5202,Signup,21-03-2026
5202,KYC Verification,24-03-2026
5202,First Transaction,28-03-2026
5203,App Install,10-07-2026
5203,Signup,12-07-2026
5203,KYC Verification,14-07-2026
5203,First Transaction,17-07-2026
5203,Loan Application,31-07-2026
5203,Loan Approved,07-08-2026
5204,App Install,16-03-2026
5205,App Install,01-07-2026
5205,Signup,02-07-2026
5205,KYC Verification,04-07-2026
5205,First Transaction,09-07-2026
5205,Loan Application,23-07-2026
5205,Loan Approved,27-07-2026
5206,App Install,27-07-2026
5206,Signup,28-07-2026
5207,App Install,16-06-2026
5207,Signup,16-06-2026
5208,App Install,04-06-2026
5208,Signup,06-06-2026
5208,KYC Verification,08-06-2026
5208,First Transaction,13-06-2026
5209,App Install,02-07-2026
5209,Signup,03-07-2026
5210,App Install,09-05-2026
5211,App Install,24-07-2026
5212,App Install,13-03-2026
5212,Signup,14-03-2026
5212,KYC Verification,16-03-2026
5212,First Transaction,17-03-2026
5213,App Install,05-06-2026
5213,Signup,06-06-2026
5213,KYC Verification,09-06-2026
5214,App Install,13-05-2026
5214,Signup,15-05-2026
5215,App Install,06-05-2026
5215,Signup,08-05-2026
5215,KYC Verification,09-05-2026
5215,First Transaction,14-05-2026
5215,Loan Application,24-05-2026
5216,App Install,02-06-2026
5216,Signup,04-06-2026
5216,KYC Verification,04-06-2026
5216,First Transaction,06-06-2026
5217,App Install,06-03-2026
5217,Signup,07-03-2026
5217,KYC Verification,08-03-2026
5217,First Transaction,10-03-2026
5218,App Install,22-05-2026
5218,Signup,23-05-2026
5218,KYC Verification,25-05-2026
5218,First Transaction,28-05-2026
5219,App Install,08-03-2026
5220,App Install,03-06-2026
5220,Signup,04-06-2026
5220,KYC Verification,05-06-2026
5220,First Transaction,07-06-2026
5220,Loan Application,17-06-2026
5221,App Install,05-06-2026
5221,Signup,05-06-2026
5221,KYC Verification,06-06-2026
5222,App Install,19-03-2026
5222,Signup,21-03-2026
5222,KYC Verification,21-03-2026
5222,First Transaction,22-03-2026
5223,App Install,13-03-2026
5223,Signup,13-03-2026
5223,KYC Verification,16-03-2026
5223,First Transaction,17-03-2026
5223,Loan Application,22-03-2026
5224,App Install,05-05-2026
5224,Signup,06-05-2026
5224,KYC Verification,07-05-2026
5224,First Transaction,12-05-2026
5224,Loan Application,21-05-2026
5224,Loan Approved,24-05-2026
5225,App Install,24-07-2026
5226,App Install,15-07-2026
5227,App Install,19-05-2026
5227,Signup,19-05-2026
5228,App Install,29-04-2026
5228,Signup,29-04-2026
5228,KYC Verification,01-05-2026
5228,First Transaction,06-05-2026
5228,Loan Application,12-05-2026
5228,Loan Approved,13-05-2026
5229,App Install,14-06-2026
5229,Signup,16-06-2026
5230,App Install,02-06-2026
5230,Signup,02-06-2026
5231,App Install,29-06-2026
5231,Signup,30-06-2026
5232,App Install,18-07-2026
5232,Signup,19-07-2026
5232,KYC Verification,20-07-2026
5232,First Transaction,24-07-2026
5233,App Install,26-07-2026
5233,Signup,26-07-2026
5233,KYC Verification,28-07-2026
5233,First Transaction,30-07-2026
5234,App Install,14-03-2026
5235,App Install,16-07-2026
5236,App Install,23-06-2026
5236,Signup,24-06-2026
5237,App Install,10-06-2026
5237,Signup,10-06-2026
5237,KYC Verification,10-06-2026
5237,First Transaction,15-06-2026
5237,Loan Application,17-06-2026
5237,Loan Approved,20-06-2026
5238,App Install,27-06-2026
5238,Signup,27-06-2026
5238,KYC Verification,28-06-2026
5239,App Install,26-05-2026
5239,Signup,27-05-2026
5239,KYC Verification,29-05-2026
5239,First Transaction,01-06-2026
5239,Loan Application,02-06-2026
5240,App Install,15-07-2026
5241,App Install,14-04-2026
5242,App Install,19-07-2026
5242,Signup,19-07-2026
5242,KYC Verification,20-07-2026
5242,First Transaction,21-07-2026
5243,App Install,11-06-2026
5243,Signup,12-06-2026
5243,KYC Verification,14-06-2026
5243,First Transaction,15-06-2026
5244,App Install,03-04-2026
5244,Signup,05-04-2026
5244,KYC Verification,05-04-2026
5244,First Transaction,08-04-2026
5245,App Install,19-07-2026
5245,Signup,21-07-2026
5245,KYC Verification,23-07-2026
5245,First Transaction,25-07-2026
5246,App Install,11-03-2026
5247,App Install,12-06-2026
5247,Signup,13-06-2026
5248,App Install,06-03-2026
5248,Signup,07-03-2026
5248,KYC Verification,09-03-2026
5248,First Transaction,10-03-2026
5248,Loan Application,24-03-2026
5249,App Install,08-05-2026
5249,Signup,10-05-2026
5250,App Install,17-05-2026
5250,Signup,18-05-2026
5251,App Install,06-04-2026
5251,Signup,07-04-2026
5252,App Install,08-06-2026
5252,Signup,10-06-2026
5253,App Install,17-03-2026
5253,Signup,19-03-2026
5253,KYC Verification,20-03-2026
5253,First Transaction,24-03-2026
5254,App Install,14-07-2026
5254,Signup,15-07-2026
5254,KYC Verification,16-07-2026
5254,First Transaction,19-07-2026
5255,App Install,27-03-2026
5255,Signup,28-03-2026
5255,KYC Verification,28-03-2026
5255,First Transaction,30-03-2026
5256,App Install,06-03-2026
5256,Signup,07-03-2026
5256,KYC Verification,07-03-2026
5256,First Transaction,10-03-2026
5256,Loan Application,17-03-2026
5257,App Install,06-07-2026
5257,Signup,08-07-2026
5257,KYC Verification,09-07-2026
5257,First Transaction,12-07-2026
5257,Loan Application,22-07-2026
5257,Loan Approved,25-07-2026
5258,App Install,04-04-2026
5258,Signup,06-04-2026
5258,KYC Verification,07-04-2026
5258,First Transaction,12-04-2026
5258,Loan Application,24-04-2026
5258,Loan Approved,01-05-2026
5259,App Install,15-06-2026
5259,Signup,17-06-2026
5259,KYC Verification,20-06-2026
5259,First Transaction,22-06-2026
5259,Loan Application,24-06-2026
5260,App Install,22-06-2026
5260,Signup,23-06-2026
5260,KYC Verification,24-06-2026
5260,First Transaction,25-06-2026
5261,App Install,28-03-2026
5261,Signup,29-03-2026
5261,KYC Verification,31-03-2026
5262,App Install,10-04-2026
5262,Signup,11-04-2026
5262,KYC Verification,13-04-2026
5262,First Transaction,17-04-2026
5262,Loan Application,30-04-2026
5262,Loan Approved,02-05-2026
5263,App Install,22-05-2026
5263,Signup,23-05-2026
5263,KYC Verification,25-05-2026
5264,App Install,07-06-2026
5264,Signup,07-06-2026
5264,KYC Verification,08-06-2026
5264,First Transaction,13-06-2026
5264,Loan Application,20-06-2026
5264,Loan Approved,27-06-2026
5265,App Install,29-07-2026
5265,Signup,30-07-2026
5266,App Install,26-07-2026
5266,Signup,28-07-2026
5266,KYC Verification,29-07-2026
5266,First Transaction,31-07-2026
5267,App Install,17-05-2026
5267,Signup,18-05-2026
5267,KYC Verification,21-05-2026
5267,First Transaction,26-05-2026
5268,App Install,06-03-2026
5268,Signup,07-03-2026
5269,App Install,01-06-2026
5269,Signup,02-06-2026
5269,KYC Verification,05-06-2026
5269,First Transaction,06-06-2026
5270,App Install,01-08-2026
5270,Signup,03-08-2026
5270,KYC Verification,06-08-2026
5270,First Transaction,11-08-2026
5271,App Install,22-05-2026
5271,Signup,23-05-2026
5271,KYC Verification,24-05-2026
5272,App Install,15-06-2026
5272,Signup,16-06-2026
5273,App Install,30-07-2026
5273,Signup,31-07-2026
5273,KYC Verification,31-07-2026
5273,First Transaction,01-08-2026
5273,Loan Application,02-08-2026
5274,App Install,19-06-2026
5274,Signup,21-06-2026
5274,KYC Verification,23-06-2026
5274,First Transaction,25-06-2026
5274,Loan Application,28-06-2026
5275,App Install,06-04-2026
5275,Signup,07-04-2026
5275,KYC Verification,09-04-2026
5275,First Transaction,13-04-2026
5276,App Install,31-05-2026
5276,Signup,01-06-2026
5276,KYC Verification,04-06-2026
5276,First Transaction,06-06-2026
5276,Loan Application,13-06-2026
5276,Loan Approved,18-06-2026
5277,App Install,15-04-2026
5277,Signup,17-04-2026
5278,App Install,14-04-2026
5279,App Install,23-07-2026
5279,Signup,24-07-2026
5280,App Install,22-06-2026
5280,Signup,23-06-2026
5280,KYC Verification,24-06-2026
5280,First Transaction,27-06-2026
5281,App Install,06-04-2026
5281,Signup,07-04-2026
5281,KYC Verification,09-04-2026
5281,First Transaction,13-04-2026
5282,App Install,09-04-2026
5282,Signup,09-04-2026
5282,KYC Verification,10-04-2026
5282,First Transaction,12-04-2026
5283,App Install,03-06-2026
5283,Signup,03-06-2026
5284,App Install,24-03-2026
5284,Signup,25-03-2026
5285,App Install,04-03-2026
5285,Signup,04-03-2026
5285,KYC Verification,06-03-2026
5285,First Transaction,11-03-2026
5286,App Install,14-06-2026
5286,Signup,15-06-2026
5286,KYC Verification,16-06-2026
5286,First Transaction,20-06-2026
5286,Loan Application,27-06-2026
5286,Loan Approved,04-07-2026
5287,App Install,24-05-2026
5287,Signup,26-05-2026
5288,App Install,12-06-2026
5288,Signup,12-06-2026
5288,KYC Verification,15-06-2026
5289,App Install,08-03-2026
5289,Signup,10-03-2026
5289,KYC Verification,10-03-2026
5289,First Transaction,12-03-2026
5290,App Install,24-06-2026
5290,Signup,25-06-2026
5290,KYC Verification,26-06-2026
5290,First Transaction,28-06-2026
5291,App Install,22-04-2026
5291,Signup,24-04-2026
5292,App Install,11-07-2026
5292,Signup,12-07-2026
5292,KYC Verification,14-07-2026
5292,First Transaction,18-07-2026
5293,App Install,01-07-2026
5293,Signup,02-07-2026
5294,App Install,18-03-2026
5294,Signup,20-03-2026
5295,App Install,16-03-2026
5295,Signup,18-03-2026
5295,KYC Verification,20-03-2026
5296,App Install,13-07-2026
5296,Signup,15-07-2026
5296,KYC Verification,15-07-2026
5296,First Transaction,20-07-2026
5297,App Install,12-07-2026
5297,Signup,12-07-2026
5298,App Install,16-03-2026
5298,Signup,17-03-2026
5298,KYC Verification,17-03-2026
5298,First Transaction,18-03-2026
5298,Loan Application,27-03-2026
5298,Loan Approved,29-03-2026
5299,App Install,04-05-2026
5299,Signup,04-05-2026
5300,App Install,03-06-2026
5300,Signup,05-06-2026
5300,KYC Verification,05-06-2026
5300,First Transaction,08-06-2026
5301,App Install,11-03-2026
5301,Signup,12-03-2026
5301,KYC Verification,12-03-2026
5301,First Transaction,14-03-2026
5301,Loan Application,16-03-2026
5301,Loan Approved,23-03-2026
5302,App Install,23-06-2026
5302,Signup,24-06-2026
5303,App Install,17-06-2026
5303,Signup,18-06-2026
5303,KYC Verification,20-06-2026
5303,First Transaction,23-06-2026
5304,App Install,26-07-2026
5305,App Install,07-03-2026
5305,Signup,07-03-2026
5305,KYC Verification,09-03-2026
5305,First Transaction,10-03-2026
5306,App Install,13-05-2026
5306,Signup,15-05-2026
5306,KYC Verification,15-05-2026
5306,First Transaction,18-05-2026
5307,App Install,25-05-2026
5307,Signup,25-05-2026
5308,App Install,19-05-2026
5308,Signup,21-05-2026
5309,App Install,13-06-2026
5309,Signup,14-06-2026
5309,KYC Verification,17-06-2026
5310,App Install,19-05-2026
5311,App Install,05-03-2026
5311,Signup,06-03-2026
5311,KYC Verification,08-03-2026
5311,First Transaction,09-03-2026
5312,App Install,14-06-2026
5312,Signup,16-06-2026
5312,KYC Verification,16-06-2026
5313,App Install,19-05-2026
5313,Signup,21-05-2026
5313,KYC Verification,22-05-2026
5313,First Transaction,23-05-2026
5314,App Install,14-05-2026
5314,Signup,15-05-2026
5315,App Install,03-03-2026
5315,Signup,03-03-2026
5315,KYC Verification,06-03-2026
5315,First Transaction,08-03-2026
5316,App Install,05-05-2026
5316,Signup,07-05-2026
5316,KYC Verification,09-05-2026
5316,First Transaction,11-05-2026
5317,App Install,09-06-2026
5317,Signup,10-06-2026
5317,KYC Verification,10-06-2026
5318,App Install,19-06-2026
5318,Signup,21-06-2026
5319,App Install,30-04-2026
5319,Signup,01-05-2026
5320,App Install,17-06-2026
5321,App Install,22-07-2026
5322,App Install,26-03-2026
5323,App Install,13-03-2026
5323,Signup,15-03-2026
5324,App Install,15-05-2026
5324,Signup,16-05-2026
5325,App Install,11-07-2026
5326,App Install,04-06-2026
5326,Signup,05-06-2026
5327,App Install,23-05-2026
5327,Signup,25-05-2026
5327,KYC Verification,27-05-2026
5327,First Transaction,31-05-2026
5328,App Install,01-04-2026
5328,Signup,02-04-2026
5328,KYC Verification,03-04-2026
5328,First Transaction,04-04-2026
5329,App Install,24-04-2026
5329,Signup,25-04-2026
5330,App Install,21-07-2026
5330,Signup,23-07-2026
5330,KYC Verification,25-07-2026
5330,First Transaction,29-07-2026
5331,App Install,19-04-2026
5331,Signup,20-04-2026
5331,KYC Verification,20-04-2026
5332,App Install,09-03-2026
5332,Signup,09-03-2026
5332,KYC Verification,10-03-2026
5332,First Transaction,11-03-2026
5332,Loan Application,25-03-2026
5333,App Install,20-03-2026
5334,App Install,30-04-2026
5334,Signup,30-04-2026
5335,App Install,16-07-2026
5335,Signup,17-07-2026
5336,App Install,20-06-2026
5336,Signup,21-06-2026
5336,KYC Verification,23-06-2026
5337,App Install,29-04-2026
5338,App Install,21-05-2026
5338,Signup,22-05-2026
5338,KYC Verification,25-05-2026
5338,First Transaction,27-05-2026
5339,App Install,06-03-2026
5339,Signup,07-03-2026
5339,KYC Verification,08-03-2026
5340,App Install,03-05-2026
5340,Signup,04-05-2026
5341,App Install,12-05-2026
5341,Signup,12-05-2026
5341,KYC Verification,15-05-2026
5342,App Install,15-07-2026
5342,Signup,17-07-2026
5342,KYC Verification,18-07-2026
5343,App Install,12-04-2026
5344,App Install,29-05-2026
5344,Signup,29-05-2026
5344,KYC Verification,01-06-2026
5344,First Transaction,05-06-2026
5344,Loan Application,06-06-2026
5345,App Install,16-03-2026
5345,Signup,17-03-2026
5346,App Install,01-04-2026
5347,App Install,14-07-2026
5347,Signup,14-07-2026
5347,KYC Verification,17-07-2026
5347,First Transaction,21-07-2026
5347,Loan Application,02-08-2026
5347,Loan Approved,04-08-2026
5348,App Install,14-04-2026
5349,App Install,13-04-2026
5349,Signup,14-04-2026
5349,KYC Verification,15-04-2026
5350,App Install,14-05-2026
5351,App Install,03-03-2026
5351,Signup,04-03-2026
5351,KYC Verification,04-03-2026
5351,First Transaction,06-03-2026
5351,Loan Application,13-03-2026
5351,Loan Approved,20-03-2026
5352,App Install,08-03-2026
5352,Signup,09-03-2026
5352,KYC Verification,11-03-2026
5352,First Transaction,12-03-2026
5353,App Install,22-04-2026
5353,Signup,23-04-2026
5354,App Install,09-04-2026
5354,Signup,11-04-2026
5354,KYC Verification,14-04-2026
5354,First Transaction,18-04-2026
5354,Loan Application,20-04-2026
5355,App Install,26-07-2026
5355,Signup,26-07-2026
5356,App Install,25-07-2026
5357,App Install,15-05-2026
5357,Signup,15-05-2026
5357,KYC Verification,17-05-2026
5357,First Transaction,22-05-2026
5358,App Install,21-04-2026
5358,Signup,22-04-2026
5359,App Install,11-04-2026
5359,Signup,13-04-2026
5360,App Install,01-07-2026
5360,Signup,02-07-2026
5360,KYC Verification,05-07-2026
5360,First Transaction,09-07-2026
5360,Loan Application,23-07-2026
5361,App Install,01-05-2026
5361,Signup,02-05-2026
5361,KYC Verification,03-05-2026
5361,First Transaction,04-05-2026
5362,App Install,14-06-2026
5362,Signup,15-06-2026
5362,KYC Verification,15-06-2026
5363,App Install,13-04-2026
5363,Signup,15-04-2026
5363,KYC Verification,18-04-2026
5364,App Install,01-06-2026
5365,App Install,16-06-2026
5366,App Install,08-07-2026
5367,App Install,20-04-2026
5367,Signup,20-04-2026
5368,App Install,11-06-2026
5368,Signup,13-06-2026
5369,App Install,03-05-2026
5369,Signup,04-05-2026
5370,App Install,06-04-2026
5370,Signup,06-04-2026
5370,KYC Verification,09-04-2026
5371,App Install,19-03-2026
5371,Signup,20-03-2026
5371,KYC Verification,20-03-2026
5371,First Transaction,24-03-2026
5371,Loan Application,26-03-2026
5371,Loan Approved,28-03-2026
5372,App Install,04-05-2026
5372,Signup,05-05-2026
5372,KYC Verification,06-05-2026
5372,First Transaction,10-05-2026
5373,App Install,14-03-2026
5373,Signup,14-03-2026
5373,KYC Verification,17-03-2026
5373,First Transaction,20-03-2026
5374,App Install,30-05-2026
5374,Signup,01-06-2026
5375,App Install,17-07-2026
5375,Signup,19-07-2026
5375,KYC Verification,19-07-2026
5375,First Transaction,23-07-2026
5375,Loan Application,03-08-2026
5375,Loan Approved,04-08-2026
5376,App Install,10-05-2026
5376,Signup,11-05-2026
5376,KYC Verification,12-05-2026
5376,First Transaction,15-05-2026
5377,App Install,16-05-2026
5377,Signup,16-05-2026
5378,App Install,23-06-2026
5378,Signup,24-06-2026
5379,App Install,07-03-2026
5380,App Install,13-03-2026
5381,App Install,12-07-2026
5381,Signup,13-07-2026
5381,KYC Verification,14-07-2026
5381,First Transaction,19-07-2026
5382,App Install,18-06-2026
5383,App Install,13-06-2026
5383,Signup,14-06-2026
5384,App Install,31-05-2026
5385,App Install,19-06-2026
5385,Signup,19-06-2026
5385,KYC Verification,21-06-2026
5385,First Transaction,24-06-2026
5386,App Install,11-04-2026
5386,Signup,12-04-2026
5386,KYC Verification,12-04-2026
5386,First Transaction,14-04-2026
5387,App Install,31-07-2026
5387,Signup,01-08-2026
5388,App Install,21-05-2026
5388,Signup,22-05-2026
5388,KYC Verification,23-05-2026
5388,First Transaction,27-05-2026
5389,App Install,18-05-2026
5389,Signup,20-05-2026
5389,KYC Verification,22-05-2026
5389,First Transaction,23-05-2026
5389,Loan Application,05-06-2026
5390,App Install,13-05-2026
5390,Signup,15-05-2026
5390,KYC Verification,17-05-2026
5390,First Transaction,19-05-2026
5390,Loan Application,01-06-2026
5391,App Install,30-05-2026
5391,Signup,01-06-2026
5392,App Install,11-06-2026
5392,Signup,12-06-2026
5392,KYC Verification,13-06-2026
5392,First Transaction,17-06-2026
5393,App Install,11-05-2026
5394,App Install,04-06-2026
5394,Signup,04-06-2026
5395,App Install,24-06-2026
5395,Signup,24-06-2026
5396,App Install,03-05-2026
5396,Signup,03-05-2026
5397,App Install,24-06-2026
5398,App Install,07-07-2026
5398,Signup,08-07-2026
5399,App Install,06-06-2026
5399,Signup,07-06-2026
5400,App Install,13-07-2026
5400,Signup,13-07-2026
5400,KYC Verification,16-07-2026
5400,First Transaction,18-07-2026
5401,App Install,14-03-2026
5402,App Install,03-07-2026
5403,App Install,04-05-2026
5404,App Install,22-06-2026
5404,Signup,22-06-2026
5405,App Install,15-06-2026
5405,Signup,16-06-2026
5405,KYC Verification,17-06-2026
5405,First Transaction,19-06-2026
5406,App Install,22-03-2026
5406,Signup,24-03-2026
5407,App Install,04-06-2026
5407,Signup,05-06-2026
5407,KYC Verification,06-06-2026
5407,First Transaction,09-06-2026
5407,Loan Application,13-06-2026
5408,App Install,20-04-2026
5409,App Install,17-07-2026
5409,Signup,18-07-2026
5409,KYC Verification,19-07-2026
5409,First Transaction,20-07-2026
5410,App Install,19-06-2026
5410,Signup,19-06-2026
5410,KYC Verification,20-06-2026
5410,First Transaction,21-06-2026
5411,App Install,11-07-2026
5411,Signup,12-07-2026
5412,App Install,31-03-2026
5412,Signup,01-04-2026
5413,App Install,18-03-2026
5414,App Install,26-03-2026
5415,App Install,19-03-2026
5416,App Install,16-07-2026
5416,Signup,16-07-2026
5416,KYC Verification,16-07-2026
5416,First Transaction,21-07-2026
5416,Loan Application,31-07-2026
5416,Loan Approved,04-08-2026
5417,App Install,09-06-2026
5417,Signup,10-06-2026
5417,KYC Verification,12-06-2026
5418,App Install,05-04-2026
5419,App Install,16-03-2026
5419,Signup,17-03-2026
5419,KYC Verification,18-03-2026
5419,First Transaction,23-03-2026
5420,App Install,22-06-2026
5420,Signup,24-06-2026
5421,App Install,08-04-2026
5421,Signup,08-04-2026
5422,App Install,30-07-2026
5422,Signup,30-07-2026
5422,KYC Verification,02-08-2026
5422,First Transaction,05-08-2026
5422,Loan Application,08-08-2026
5422,Loan Approved,11-08-2026
5423,App Install,17-05-2026
5423,Signup,19-05-2026
5423,KYC Verification,20-05-2026
5423,First Transaction,23-05-2026
5424,App Install,16-06-2026
5424,Signup,17-06-2026
5424,KYC Verification,17-06-2026
5424,First Transaction,20-06-2026
5425,App Install,11-05-2026
5425,Signup,12-05-2026
5426,App Install,20-05-2026
5427,App Install,30-04-2026
5428,App Install,27-03-2026
5429,App Install,01-03-2026
5429,Signup,03-03-2026
5429,KYC Verification,04-03-2026
5429,First Transaction,06-03-2026
5430,App Install,29-06-2026
5430,Signup,01-07-2026
5430,KYC Verification,01-07-2026
5430,First Transaction,04-07-2026
5430,Loan Application,12-07-2026
5431,App Install,11-06-2026
5431,Signup,12-06-2026
5432,App Install,25-06-2026
5432,Signup,26-06-2026
5433,App Install,05-06-2026
5433,Signup,06-06-2026
5433,KYC Verification,06-06-2026
5433,First Transaction,07-06-2026
5433,Loan Application,21-06-2026
5433,Loan Approved,22-06-2026
5434,App Install,15-07-2026
5435,App Install,19-05-2026
5435,Signup,19-05-2026
5435,KYC Verification,20-05-2026
5435,First Transaction,25-05-2026
5435,Loan Application,28-05-2026
5435,Loan Approved,29-05-2026
5436,App Install,12-07-2026
5437,App Install,12-07-2026
5438,App Install,10-07-2026
5438,Signup,11-07-2026
5439,App Install,27-04-2026
5440,App Install,02-06-2026
5440,Signup,03-06-2026
5441,App Install,14-07-2026
5442,App Install,14-07-2026
5443,App Install,11-06-2026
5443,Signup,13-06-2026
5443,KYC Verification,15-06-2026
5443,First Transaction,19-06-2026
5444,App Install,18-05-2026
5444,Signup,19-05-2026
5444,KYC Verification,21-05-2026
5444,First Transaction,24-05-2026
5444,Loan Application,05-06-2026
5444,Loan Approved,12-06-2026
5445,App Install,11-05-2026
5446,App Install,24-07-2026
5447,App Install,10-04-2026
5447,Signup,11-04-2026
5447,KYC Verification,14-04-2026
5447,First Transaction,17-04-2026
5447,Loan Application,20-04-2026
5447,Loan Approved,22-04-2026
5448,App Install,14-07-2026
5448,Signup,15-07-2026
5448,KYC Verification,16-07-2026
5449,App Install,09-04-2026
5449,Signup,10-04-2026
5450,App Install,16-04-2026
5450,Signup,16-04-2026
5450,KYC Verification,17-04-2026
5451,App Install,25-05-2026
5451,Signup,27-05-2026
5451,KYC Verification,29-05-2026
5451,First Transaction,31-05-2026
5451,Loan Application,10-06-2026
5451,Loan Approved,17-06-2026
5452,App Install,03-03-2026
5453,App Install,01-06-2026
5453,Signup,02-06-2026
5454,App Install,21-03-2026
5454,Signup,22-03-2026
5455,App Install,04-04-2026
5455,Signup,06-04-2026
5455,KYC Verification,08-04-2026
5455,First Transaction,11-04-2026
5456,App Install,17-06-2026
5456,Signup,18-06-2026
5456,KYC Verification,20-06-2026
5456,First Transaction,24-06-2026
5456,Loan Application,27-06-2026
5456,Loan Approved,03-07-2026
5457,App Install,15-07-2026
5457,Signup,17-07-2026
5457,KYC Verification,17-07-2026
5457,First Transaction,18-07-2026
5457,Loan Application,27-07-2026
5457,Loan Approved,30-07-2026
5458,App Install,15-05-2026
5458,Signup,15-05-2026
5458,KYC Verification,16-05-2026
5458,First Transaction,21-05-2026
5458,Loan Application,28-05-2026
5459,App Install,01-08-2026
5459,Signup,02-08-2026
5460,App Install,04-04-2026
5461,App Install,13-03-2026
5461,Signup,13-03-2026
5461,KYC Verification,15-03-2026
5461,First Transaction,16-03-2026
5461,Loan Application,22-03-2026
5462,App Install,26-06-2026
5462,Signup,27-06-2026
5462,KYC Verification,29-06-2026
5463,App Install,14-04-2026
5464,App Install,29-06-2026
5464,Signup,30-06-2026
5465,App Install,09-03-2026
5465,Signup,11-03-2026
5465,KYC Verification,11-03-2026
5465,First Transaction,12-03-2026
5466,App Install,23-06-2026
5466,Signup,24-06-2026
5466,KYC Verification,25-06-2026
5466,First Transaction,28-06-2026
5466,Loan Application,02-07-2026
5466,Loan Approved,07-07-2026
5467,App Install,07-03-2026
5468,App Install,08-07-2026
5469,App Install,15-05-2026
5469,Signup,17-05-2026
5469,KYC Verification,19-05-2026
5469,First Transaction,21-05-2026
5469,Loan Application,02-06-2026
5469,Loan Approved,04-06-2026
5470,App Install,23-07-2026
5470,Signup,24-07-2026
5470,KYC Verification,25-07-2026
5470,First Transaction,27-07-2026
5470,Loan Application,09-08-2026
5470,Loan Approved,16-08-2026
5471,App Install,19-07-2026
5471,Signup,19-07-2026
5472,App Install,24-06-2026
5472,Signup,25-06-2026
5473,App Install,24-06-2026
5473,Signup,24-06-2026
5473,KYC Verification,26-06-2026
5473,First Transaction,29-06-2026
5473,Loan Application,10-07-2026
5473,Loan Approved,15-07-2026
5474,App Install,08-07-2026
5474,Signup,10-07-2026
5474,KYC Verification,11-07-2026
5474,First Transaction,12-07-2026
5475,App Install,22-05-2026
5475,Signup,24-05-2026
5475,KYC Verification,27-05-2026
5475,First Transaction,29-05-2026
5476,App Install,18-03-2026
5477,App Install,18-05-2026
5477,Signup,18-05-2026
5477,KYC Verification,18-05-2026
5477,First Transaction,21-05-2026
5478,App Install,13-04-2026
5478,Signup,15-04-2026
5478,KYC Verification,16-04-2026
5479,App Install,14-05-2026
5480,App Install,02-04-2026
5481,App Install,19-03-2026
5481,Signup,21-03-2026
5481,KYC Verification,23-03-2026
5481,First Transaction,28-03-2026
5481,Loan Application,07-04-2026
5481,Loan Approved,11-04-2026
5482,App Install,30-03-2026
5482,Signup,01-04-2026
5482,KYC Verification,04-04-2026
5483,App Install,04-07-2026
5483,Signup,04-07-2026
5484,App Install,19-06-2026
5485,App Install,09-05-2026
5485,Signup,10-05-2026
5485,KYC Verification,12-05-2026
5485,First Transaction,17-05-2026
5485,Loan Application,20-05-2026
5486,App Install,20-07-2026
5486,Signup,21-07-2026
5486,KYC Verification,22-07-2026
5486,First Transaction,24-07-2026
5487,App Install,23-06-2026
5487,Signup,24-06-2026
5487,KYC Verification,25-06-2026
5487,First Transaction,28-06-2026
5488,App Install,03-03-2026
5489,App Install,05-04-2026
5490,App Install,05-06-2026
5490,Signup,05-06-2026
5490,KYC Verification,06-06-2026
5491,App Install,12-03-2026
5491,Signup,12-03-2026
5492,App Install,20-06-2026
5493,App Install,17-03-2026
5494,App Install,07-03-2026
5494,Signup,07-03-2026
5494,KYC Verification,07-03-2026
5495,App Install,13-03-2026
5495,Signup,14-03-2026
5495,KYC Verification,16-03-2026
5495,First Transaction,21-03-2026
5496,App Install,03-07-2026
5497,App Install,04-06-2026
5497,Signup,04-06-2026
5498,App Install,28-03-2026
5498,Signup,30-03-2026
5498,KYC Verification,31-03-2026
5498,First Transaction,01-04-2026
5498,Loan Application,07-04-2026
5499,App Install,01-06-2026
5499,Signup,01-06-2026
5500,App Install,21-04-2026
5500,Signup,23-04-2026
5500,KYC Verification,25-04-2026
5500,First Transaction,26-04-2026
5500,Loan Application,05-05-2026
5501,App Install,15-05-2026
5501,Signup,17-05-2026
5501,KYC Verification,18-05-2026
5502,App Install,05-04-2026
5503,App Install,26-04-2026
5503,Signup,27-04-2026
5504,App Install,01-04-2026
5504,Signup,03-04-2026
5504,KYC Verification,05-04-2026
5505,App Install,16-06-2026
5506,App Install,11-06-2026
5506,Signup,11-06-2026
5506,KYC Verification,14-06-2026
5506,First Transaction,15-06-2026
5507,App Install,08-07-2026
5507,Signup,09-07-2026
5507,KYC Verification,09-07-2026
5507,First Transaction,11-07-2026
5508,App Install,29-06-2026
5508,Signup,30-06-2026
5509,App Install,07-07-2026
5509,Signup,08-07-2026
5510,App Install,20-06-2026
5510,Signup,21-06-2026
5511,App Install,19-03-2026
5512,App Install,20-04-2026
5512,Signup,21-04-2026
5512,KYC Verification,23-04-2026
5512,First Transaction,24-04-2026
5512,Loan Application,01-05-2026
5512,Loan Approved,08-05-2026
5513,App Install,12-03-2026
5513,Signup,13-03-2026
5514,App Install,26-04-2026
5514,Signup,28-04-2026
5515,App Install,18-06-2026
5515,Signup,20-06-2026
5515,KYC Verification,22-06-2026
5515,First Transaction,27-06-2026
5516,App Install,01-07-2026
5516,Signup,01-07-2026
5516,KYC Verification,03-07-2026
5517,App Install,12-07-2026
5517,Signup,13-07-2026
5518,App Install,18-06-2026
5518,Signup,19-06-2026
5518,KYC Verification,21-06-2026
5518,First Transaction,23-06-2026
5518,Loan Application,04-07-2026
5518,Loan Approved,05-07-2026
5519,App Install,28-03-2026
5519,Signup,30-03-2026
5520,App Install,29-04-2026
5520,Signup,01-05-2026
5521,App Install,14-07-2026
5521,Signup,16-07-2026
5521,KYC Verification,19-07-2026
5521,First Transaction,24-07-2026
5522,App Install,26-04-2026
5522,Signup,28-04-2026
5522,KYC Verification,30-04-2026
5522,First Transaction,02-05-2026
5522,Loan Application,06-05-2026
5522,Loan Approved,09-05-2026
5523,App Install,11-06-2026
5524,App Install,12-05-2026
5524,Signup,13-05-2026
5524,KYC Verification,14-05-2026
5524,First Transaction,18-05-2026
5525,App Install,08-04-2026
5526,App Install,28-05-2026
5527,App Install,23-06-2026
5528,App Install,13-04-2026
5528,Signup,14-04-2026
5528,KYC Verification,15-04-2026
5529,App Install,15-07-2026
5529,Signup,15-07-2026
5530,App Install,03-07-2026
5530,Signup,05-07-2026
5531,App Install,17-07-2026
5531,Signup,18-07-2026
5531,KYC Verification,19-07-2026
5531,First Transaction,22-07-2026
5532,App Install,16-03-2026
5532,Signup,17-03-2026
5532,KYC Verification,18-03-2026
5532,First Transaction,19-03-2026
5533,App Install,21-04-2026
5533,Signup,23-04-2026
5533,KYC Verification,26-04-2026
5533,First Transaction,01-05-2026
5533,Loan Application,14-05-2026
5534,App Install,21-03-2026
5534,Signup,22-03-2026
5535,App Install,18-05-2026
5535,Signup,20-05-2026
5536,App Install,26-06-2026
5536,Signup,27-06-2026
5536,KYC Verification,30-06-2026
5537,App Install,09-05-2026
5537,Signup,10-05-2026
5537,KYC Verification,12-05-2026
5537,First Transaction,14-05-2026
5537,Loan Application,25-05-2026
5538,App Install,07-05-2026
5539,App Install,11-07-2026
5540,App Install,17-07-2026
5541,App Install,04-07-2026
5542,App Install,23-06-2026
5542,Signup,25-06-2026
5543,App Install,20-07-2026
5543,Signup,21-07-2026
5543,KYC Verification,21-07-2026
5544,App Install,28-03-2026
5544,Signup,28-03-2026
5544,KYC Verification,29-03-2026
5545,App Install,26-04-2026
5546,App Install,20-03-2026
5546,Signup,21-03-2026
5546,KYC Verification,22-03-2026
5546,First Transaction,23-03-2026
5547,App Install,02-07-2026
5547,Signup,03-07-2026
5547,KYC Verification,05-07-2026
5547,First Transaction,07-07-2026
5547,Loan Application,12-07-2026
5547,Loan Approved,19-07-2026
5548,App Install,16-03-2026
5548,Signup,18-03-2026
5548,KYC Verification,19-03-2026
5549,App Install,10-06-2026
5550,App Install,10-05-2026
5550,Signup,10-05-2026
5551,App Install,28-05-2026
5551,Signup,30-05-2026
5552,App Install,05-07-2026
5553,App Install,26-05-2026
5553,Signup,28-05-2026
5553,KYC Verification,30-05-2026
5553,First Transaction,02-06-2026
5553,Loan Application,15-06-2026
5553,Loan Approved,22-06-2026
5554,App Install,14-07-2026
5555,App Install,14-07-2026
5555,Signup,15-07-2026
5556,App Install,08-07-2026
5556,Signup,08-07-2026
5556,KYC Verification,10-07-2026
5556,First Transaction,13-07-2026
5557,App Install,02-04-2026
5558,App Install,22-03-2026
5559,App Install,19-06-2026
5559,Signup,21-06-2026
5559,KYC Verification,23-06-2026
5559,First Transaction,25-06-2026
5560,App Install,03-04-2026
5560,Signup,03-04-2026
5561,App Install,19-06-2026
5562,App Install,08-03-2026
5562,Signup,08-03-2026
5563,App Install,12-07-2026
5564,App Install,13-06-2026
5564,Signup,13-06-2026
5564,KYC Verification,15-06-2026
5564,First Transaction,19-06-2026
5565,App Install,08-06-2026
5565,Signup,09-06-2026
5566,App Install,18-03-2026
5567,App Install,28-05-2026
5567,Signup,28-05-2026
5567,KYC Verification,29-05-2026
5567,First Transaction,03-06-2026
5567,Loan Application,14-06-2026
5568,App Install,31-07-2026
5568,Signup,02-08-2026
5569,App Install,07-06-2026
5569,Signup,07-06-2026
5570,App Install,19-07-2026
5570,Signup,20-07-2026
5570,KYC Verification,23-07-2026
5570,First Transaction,24-07-2026
5571,App Install,19-05-2026
5571,Signup,20-05-2026
5572,App Install,19-05-2026
5572,Signup,20-05-2026
5573,App Install,27-05-2026
5573,Signup,28-05-2026
5574,App Install,18-05-2026
5575,App Install,17-07-2026
5576,App Install,03-06-2026
5576,Signup,04-06-2026
5577,App Install,15-06-2026
5577,Signup,17-06-2026
5577,KYC Verification,19-06-2026
5577,First Transaction,22-06-2026
5577,Loan Application,29-06-2026
5578,App Install,28-04-2026
5578,Signup,30-04-2026
5578,KYC Verification,30-04-2026
5578,First Transaction,03-05-2026
5579,App Install,04-06-2026
5579,Signup,05-06-2026
5580,App Install,20-03-2026
5581,App Install,18-06-2026
5581,Signup,18-06-2026
5582,App Install,22-04-2026
5582,Signup,23-04-2026
5582,KYC Verification,25-04-2026
5582,First Transaction,27-04-2026
5583,App Install,12-03-2026
5583,Signup,13-03-2026
5583,KYC Verification,14-03-2026
5583,First Transaction,17-03-2026
5583,Loan Application,21-03-2026
5584,App Install,12-06-2026
5584,Signup,14-06-2026
5584,KYC Verification,14-06-2026
5584,First Transaction,18-06-2026
5585,App Install,12-07-2026
5585,Signup,14-07-2026
5586,App Install,11-04-2026
5586,Signup,13-04-2026
5586,KYC Verification,14-04-2026
5586,First Transaction,17-04-2026
5586,Loan Application,21-04-2026
5586,Loan Approved,24-04-2026
5587,App Install,28-06-2026
5587,Signup,29-06-2026
5587,KYC Verification,30-06-2026
5587,First Transaction,02-07-2026
5588,App Install,11-05-2026
5588,Signup,12-05-2026
5589,App Install,18-06-2026
5589,Signup,20-06-2026
5589,KYC Verification,22-06-2026
5589,First Transaction,23-06-2026
5590,App Install,29-06-2026
5590,Signup,30-06-2026
5590,KYC Verification,03-07-2026
5591,App Install,13-07-2026
5591,Signup,15-07-2026
5592,App Install,25-03-2026
5592,Signup,26-03-2026
5593,App Install,18-03-2026
5593,Signup,19-03-2026
5594,App Install,10-05-2026
5595,App Install,10-03-2026
5595,Signup,10-03-2026
5595,KYC Verification,11-03-2026
5595,First Transaction,16-03-2026
5596,App Install,28-07-2026
5596,Signup,30-07-2026
5596,KYC Verification,30-07-2026
5596,First Transaction,01-08-2026
5597,App Install,13-06-2026
5597,Signup,14-06-2026
5598,App Install,28-03-2026
5598,Signup,29-03-2026
5598,KYC Verification,01-04-2026
5598,First Transaction,04-04-2026
5599,App Install,06-06-2026
5599,Signup,06-06-2026
5599,KYC Verification,08-06-2026
5599,First Transaction,13-06-2026
5600,App Install,10-07-2026
5600,Signup,11-07-2026
5600,KYC Verification,14-07-2026
5600,First Transaction,19-07-2026
5601,App Install,09-04-2026
5601,Signup,11-04-2026
5602,App Install,14-07-2026
5603,App Install,16-04-2026
5603,Signup,16-04-2026
5603,KYC Verification,17-04-2026
5604,App Install,14-05-2026
5604,Signup,15-05-2026
5605,App Install,17-04-2026
5605,Signup,19-04-2026
5606,App Install,30-03-2026
5606,Signup,01-04-2026
5606,KYC Verification,02-04-2026
5606,First Transaction,07-04-2026
5607,App Install,28-07-2026
5608,App Install,15-03-2026
5608,Signup,16-03-2026
5609,App Install,06-03-2026
5609,Signup,06-03-2026
5609,KYC Verification,07-03-2026
5609,First Transaction,11-03-2026
5610,App Install,07-06-2026
5611,App Install,19-05-2026
5611,Signup,21-05-2026
5611,KYC Verification,22-05-2026
5611,First Transaction,25-05-2026
5612,App Install,22-03-2026
5612,Signup,24-03-2026
5612,KYC Verification,26-03-2026
5613,App Install,26-06-2026
5613,Signup,28-06-2026
5613,KYC Verification,28-06-2026
5614,App Install,13-06-2026
5614,Signup,13-06-2026
5615,App Install,30-04-2026
5615,Signup,02-05-2026
5616,App Install,05-06-2026
5616,Signup,06-06-2026
5616,KYC Verification,07-06-2026
5616,First Transaction,12-06-2026
5616,Loan Application,13-06-2026
5616,Loan Approved,17-06-2026
5617,App Install,31-03-2026
5617,Signup,02-04-2026
5617,KYC Verification,03-04-2026
5617,First Transaction,08-04-2026
5618,App Install,10-07-2026
5619,App Install,23-06-2026
5619,Signup,23-06-2026
5619,KYC Verification,26-06-2026
5620,App Install,25-06-2026
5621,App Install,06-06-2026
5621,Signup,07-06-2026
5621,KYC Verification,09-06-2026
5621,First Transaction,12-06-2026
5621,Loan Application,21-06-2026
5621,Loan Approved,27-06-2026
5622,App Install,05-05-2026
5623,App Install,16-06-2026
5624,App Install,12-07-2026
5624,Signup,12-07-2026
5624,KYC Verification,14-07-2026
5624,First Transaction,19-07-2026
5625,App Install,12-07-2026
5625,Signup,14-07-2026
5625,KYC Verification,16-07-2026
5625,First Transaction,19-07-2026
5626,App Install,29-05-2026
5626,Signup,29-05-2026
5626,KYC Verification,29-05-2026
5627,App Install,06-05-2026
5627,Signup,08-05-2026
5627,KYC Verification,08-05-2026
5628,App Install,06-05-2026
5628,Signup,06-05-2026
5628,KYC Verification,09-05-2026
5629,App Install,18-03-2026
5630,App Install,08-05-2026
5630,Signup,10-05-2026
5630,KYC Verification,10-05-2026
5630,First Transaction,15-05-2026
5631,App Install,01-06-2026
5632,App Install,24-04-2026
5632,Signup,26-04-2026
5633,App Install,10-03-2026
5633,Signup,12-03-2026
5634,App Install,17-03-2026
5634,Signup,18-03-2026
5634,KYC Verification,20-03-2026
5634,First Transaction,21-03-2026
5635,App Install,12-07-2026
5635,Signup,14-07-2026
5635,KYC Verification,15-07-2026
5636,App Install,05-05-2026
5636,Signup,05-05-2026
5637,App Install,02-03-2026
5637,Signup,02-03-2026
5638,App Install,06-05-2026
5639,App Install,24-03-2026
5639,Signup,25-03-2026
5639,KYC Verification,27-03-2026
5639,First Transaction,30-03-2026
5639,Loan Application,09-04-2026
5640,App Install,30-07-2026
5640,Signup,01-08-2026
5640,KYC Verification,03-08-2026
5640,First Transaction,06-08-2026
5641,App Install,18-07-2026
5641,Signup,19-07-2026
5641,KYC Verification,22-07-2026
5641,First Transaction,26-07-2026
5641,Loan Application,08-08-2026
5641,Loan Approved,11-08-2026
5642,App Install,14-07-2026
5643,App Install,01-06-2026
5643,Signup,03-06-2026
5644,App Install,08-06-2026
5644,Signup,10-06-2026
5645,App Install,04-07-2026
5645,Signup,06-07-2026
5645,KYC Verification,09-07-2026
5645,First Transaction,14-07-2026
5645,Loan Application,28-07-2026
5645,Loan Approved,30-07-2026
5646,App Install,21-03-2026
5647,App Install,03-03-2026
5647,Signup,04-03-2026
5647,KYC Verification,05-03-2026
5647,First Transaction,10-03-2026
5648,App Install,17-05-2026
5648,Signup,18-05-2026
5648,KYC Verification,19-05-2026
5648,First Transaction,24-05-2026
5648,Loan Application,05-06-2026
5649,App Install,27-07-2026
5650,App Install,07-03-2026
5651,App Install,28-07-2026
5651,Signup,29-07-2026
5651,KYC Verification,30-07-2026
5651,First Transaction,04-08-2026
5652,App Install,30-05-2026
5652,Signup,31-05-2026
5652,KYC Verification,01-06-2026
5652,First Transaction,06-06-2026
5652,Loan Application,19-06-2026
5653,App Install,22-06-2026
5654,App Install,11-06-2026
5654,Signup,11-06-2026
5654,KYC Verification,12-06-2026
5654,First Transaction,15-06-2026
5655,App Install,29-06-2026
5655,Signup,29-06-2026
5655,KYC Verification,30-06-2026
5655,First Transaction,05-07-2026
5655,Loan Application,14-07-2026
5655,Loan Approved,15-07-2026
5656,App Install,01-06-2026
5656,Signup,03-06-2026
5657,App Install,10-04-2026
5658,App Install,20-07-2026
5659,App Install,21-07-2026
5660,App Install,06-05-2026
5660,Signup,08-05-2026
5660,KYC Verification,09-05-2026
5660,First Transaction,10-05-2026
5660,Loan Application,11-05-2026
5660,Loan Approved,16-05-2026
5661,App Install,05-03-2026
5661,Signup,07-03-2026
5662,App Install,02-04-2026
5662,Signup,02-04-2026
5662,KYC Verification,04-04-2026
5662,First Transaction,06-04-2026
5663,App Install,30-06-2026
5663,Signup,30-06-2026
5663,KYC Verification,01-07-2026
5664,App Install,28-03-2026
5665,App Install,12-05-2026
5665,Signup,13-05-2026
5665,KYC Verification,15-05-2026
5665,First Transaction,16-05-2026
5666,App Install,14-06-2026
5667,App Install,17-06-2026
5667,Signup,17-06-2026
5668,App Install,21-03-2026
5669,App Install,28-06-2026
5669,Signup,28-06-2026
5669,KYC Verification,30-06-2026
5669,First Transaction,02-07-2026
5669,Loan Application,15-07-2026
5670,App Install,10-03-2026
5670,Signup,11-03-2026
5671,App Install,17-06-2026
5672,App Install,04-07-2026
5672,Signup,05-07-2026
5672,KYC Verification,06-07-2026
5673,App Install,05-03-2026
5673,Signup,06-03-2026
5674,App Install,20-07-2026
5674,Signup,22-07-2026
5674,KYC Verification,23-07-2026
5674,First Transaction,24-07-2026
5675,App Install,30-03-2026
5675,Signup,30-03-2026
5675,KYC Verification,01-04-2026
5675,First Transaction,06-04-2026
5676,App Install,03-03-2026
5676,Signup,04-03-2026
5676,KYC Verification,05-03-2026
5676,First Transaction,06-03-2026
5677,App Install,09-07-2026
5678,App Install,05-03-2026
5678,Signup,05-03-2026
5679,App Install,15-06-2026
5679,Signup,16-06-2026
5680,App Install,15-07-2026
5680,Signup,16-07-2026
5680,KYC Verification,19-07-2026
5680,First Transaction,23-07-2026
5680,Loan Application,29-07-2026
5681,App Install,13-04-2026
5682,App Install,26-04-2026
5682,Signup,27-04-2026
5682,KYC Verification,29-04-2026
5683,App Install,27-07-2026
5683,Signup,28-07-2026
5683,KYC Verification,29-07-2026
5683,First Transaction,02-08-2026
5684,App Install,27-05-2026
5684,Signup,28-05-2026
5684,KYC Verification,30-05-2026
5684,First Transaction,01-06-2026
5684,Loan Application,10-06-2026
5685,App Install,09-03-2026
5685,Signup,11-03-2026
5686,App Install,28-05-2026
5686,Signup,28-05-2026
5686,KYC Verification,31-05-2026
5686,First Transaction,02-06-2026
5686,Loan Application,13-06-2026
5686,Loan Approved,18-06-2026
5687,App Install,29-04-2026
5687,Signup,01-05-2026
5687,KYC Verification,01-05-2026
5687,First Transaction,04-05-2026
5687,Loan Application,08-05-2026
5688,App Install,12-04-2026
5688,Signup,13-04-2026
5688,KYC Verification,14-04-2026
5688,First Transaction,19-04-2026
5689,App Install,30-06-2026
5689,Signup,02-07-2026
5689,KYC Verification,04-07-2026
5690,App Install,18-03-2026
5690,Signup,18-03-2026
5690,KYC Verification,20-03-2026
5690,First Transaction,21-03-2026
5691,App Install,22-04-2026
5692,App Install,21-05-2026
5693,App Install,19-04-2026
5693,Signup,21-04-2026
5693,KYC Verification,24-04-2026
5693,First Transaction,26-04-2026
5694,App Install,11-07-2026
5694,Signup,13-07-2026
5695,App Install,14-04-2026
5695,Signup,15-04-2026
5695,KYC Verification,18-04-2026
5696,App Install,07-07-2026
5697,App Install,25-04-2026
5697,Signup,25-04-2026
5698,App Install,16-07-2026
5699,App Install,18-05-2026
5700,App Install,07-06-2026
5701,App Install,05-03-2026
5702,App Install,28-03-2026
5702,Signup,29-03-2026
5702,KYC Verification,01-04-2026
5702,First Transaction,02-04-2026
5702,Loan Application,10-04-2026
5703,App Install,20-05-2026
5703,Signup,22-05-2026
5703,KYC Verification,22-05-2026
5704,App Install,14-04-2026
5704,Signup,16-04-2026
5705,App Install,04-07-2026
5706,App Install,20-06-2026
5706,Signup,21-06-2026
5706,KYC Verification,21-06-2026
5706,First Transaction,22-06-2026
5706,Loan Application,02-07-2026
5706,Loan Approved,07-07-2026
5707,App Install,19-03-2026
5707,Signup,19-03-2026
5708,App Install,17-04-2026
5708,Signup,18-04-2026
5708,KYC Verification,20-04-2026
5709,App Install,28-06-2026
5709,Signup,29-06-2026
5709,KYC Verification,30-06-2026
5710,App Install,04-07-2026
5711,App Install,12-06-2026
5711,Signup,12-06-2026
5712,App Install,05-07-2026
5712,Signup,07-07-2026
5713,App Install,18-04-2026
5714,App Install,08-05-2026
5715,App Install,20-03-2026
5716,App Install,15-07-2026
5717,App Install,23-03-2026
5717,Signup,23-03-2026
5717,KYC Verification,24-03-2026
5717,First Transaction,29-03-2026
5717,Loan Application,06-04-2026
5717,Loan Approved,09-04-2026
5718,App Install,21-03-2026
5719,App Install,08-07-2026
5719,Signup,09-07-2026
5720,App Install,20-03-2026
5721,App Install,18-06-2026
5722,App Install,16-06-2026
5722,Signup,18-06-2026
5722,KYC Verification,18-06-2026
5722,First Transaction,22-06-2026
5723,App Install,19-05-2026
5723,Signup,21-05-2026
5723,KYC Verification,23-05-2026
5723,First Transaction,25-05-2026
5724,App Install,06-04-2026
5725,App Install,30-07-2026
5725,Signup,31-07-2026
5725,KYC Verification,02-08-2026
5725,First Transaction,06-08-2026
5725,Loan Application,12-08-2026
5726,App Install,29-07-2026
5727,App Install,06-03-2026
5727,Signup,06-03-2026
5727,KYC Verification,07-03-2026
5727,First Transaction,10-03-2026
5727,Loan Application,16-03-2026
5727,Loan Approved,18-03-2026
5728,App Install,30-03-2026
5729,App Install,02-04-2026
5730,App Install,22-03-2026
5730,Signup,22-03-2026
5731,App Install,20-03-2026
5732,App Install,07-06-2026
5732,Signup,08-06-2026
5733,App Install,22-05-2026
5734,App Install,16-05-2026
5734,Signup,16-05-2026
5734,KYC Verification,18-05-2026
5734,First Transaction,19-05-2026
5734,Loan Application,29-05-2026
5734,Loan Approved,30-05-2026
5735,App Install,25-05-2026
5736,App Install,06-07-2026
5736,Signup,06-07-2026
5736,KYC Verification,07-07-2026
5737,App Install,22-07-2026
5737,Signup,22-07-2026
5738,App Install,08-06-2026
5739,App Install,06-06-2026
5740,App Install,23-04-2026
5740,Signup,25-04-2026
5740,KYC Verification,26-04-2026
5740,First Transaction,30-04-2026
5741,App Install,01-04-2026
5741,Signup,01-04-2026
5741,KYC Verification,02-04-2026
5741,First Transaction,03-04-2026
5742,App Install,15-04-2026
5742,Signup,16-04-2026
5743,App Install,16-07-2026
5743,Signup,18-07-2026
5743,KYC Verification,19-07-2026
5743,First Transaction,23-07-2026
5743,Loan Application,27-07-2026
5743,Loan Approved,01-08-2026
5744,App Install,12-03-2026
5745,App Install,08-06-2026
5745,Signup,10-06-2026
5746,App Install,16-07-2026
5747,App Install,14-05-2026
5747,Signup,15-05-2026
5748,App Install,07-03-2026
5748,Signup,07-03-2026
5748,KYC Verification,08-03-2026
5749,App Install,29-05-2026
5750,App Install,17-04-2026
5750,Signup,17-04-2026
5750,KYC Verification,18-04-2026
5750,First Transaction,19-04-2026
5751,App Install,20-06-2026
5751,Signup,22-06-2026
5752,App Install,23-04-2026
5753,App Install,03-03-2026
5753,Signup,04-03-2026
5753,KYC Verification,04-03-2026
5753,First Transaction,09-03-2026
5754,App Install,30-05-2026
5754,Signup,01-06-2026
5754,KYC Verification,04-06-2026
5754,First Transaction,05-06-2026
5754,Loan Application,13-06-2026
5754,Loan Approved,16-06-2026
5755,App Install,09-03-2026
5755,Signup,11-03-2026
5755,KYC Verification,12-03-2026
5756,App Install,18-03-2026
5756,Signup,19-03-2026
5756,KYC Verification,21-03-2026
5757,App Install,16-05-2026
5757,Signup,17-05-2026
5757,KYC Verification,20-05-2026
5758,App Install,06-06-2026
5758,Signup,07-06-2026
5759,App Install,30-06-2026
5759,Signup,02-07-2026
5759,KYC Verification,04-07-2026
5760,App Install,21-05-2026
5760,Signup,23-05-2026
5760,KYC Verification,26-05-2026
5760,First Transaction,27-05-2026
5761,App Install,02-07-2026
5761,Signup,03-07-2026
5762,App Install,08-03-2026
5763,App Install,19-03-2026
5764,App Install,20-04-2026
5764,Signup,20-04-2026
5765,App Install,14-06-2026
5765,Signup,15-06-2026
5766,App Install,27-03-2026
5767,App Install,07-03-2026
5768,App Install,27-06-2026
5768,Signup,28-06-2026
5768,KYC Verification,01-07-2026
5768,First Transaction,03-07-2026
5768,Loan Application,04-07-2026
5769,App Install,25-06-2026
5769,Signup,26-06-2026
5769,KYC Verification,29-06-2026
5770,App Install,31-03-2026
5770,Signup,02-04-2026
5771,App Install,05-07-2026
5771,Signup,05-07-2026
5771,KYC Verification,07-07-2026
5771,First Transaction,12-07-2026
5772,App Install,22-03-2026
5773,App Install,14-06-2026
5774,App Install,18-04-2026
5774,Signup,20-04-2026
5775,App Install,04-05-2026
5775,Signup,05-05-2026
5776,App Install,15-03-2026
5776,Signup,16-03-2026
5777,App Install,21-05-2026
5777,Signup,21-05-2026
5778,App Install,20-06-2026
5778,Signup,22-06-2026
5778,KYC Verification,24-06-2026
5778,First Transaction,27-06-2026
5779,App Install,03-04-2026
5780,App Install,01-08-2026
5780,Signup,02-08-2026
5780,KYC Verification,03-08-2026
5780,First Transaction,05-08-2026
5781,App Install,02-04-2026
5782,App Install,16-05-2026
5782,Signup,18-05-2026
5782,KYC Verification,20-05-2026
5782,First Transaction,23-05-2026
5782,Loan Application,03-06-2026
5783,App Install,26-06-2026
5784,App Install,05-07-2026
5784,Signup,06-07-2026
5784,KYC Verification,08-07-2026
5784,First Transaction,09-07-2026
5784,Loan Application,12-07-2026
5784,Loan Approved,13-07-2026
5785,App Install,27-06-2026
5785,Signup,28-06-2026
5785,KYC Verification,29-06-2026
5785,First Transaction,02-07-2026
5786,App Install,01-03-2026
5787,App Install,30-05-2026
5787,Signup,30-05-2026
5787,KYC Verification,31-05-2026
5787,First Transaction,02-06-2026
5788,App Install,08-07-2026
5789,App Install,09-05-2026
5790,App Install,30-03-2026
5790,Signup,31-03-2026
5791,App Install,26-05-2026
5791,Signup,28-05-2026
5791,KYC Verification,30-05-2026
5791,First Transaction,02-06-2026
5792,App Install,21-04-2026
5792,Signup,21-04-2026
5792,KYC Verification,24-04-2026
5792,First Transaction,28-04-2026
5792,Loan Application,04-05-2026
5793,App Install,15-05-2026
5793,Signup,16-05-2026
5793,KYC Verification,19-05-2026
5793,First Transaction,20-05-2026
5793,Loan Application,23-05-2026
5793,Loan Approved,29-05-2026
5794,App Install,19-03-2026
5794,Signup,21-03-2026
5795,App Install,13-06-2026
5795,Signup,14-06-2026
5795,KYC Verification,17-06-2026
5795,First Transaction,22-06-2026
5795,Loan Application,05-07-2026
5795,Loan Approved,11-07-2026
5796,App Install,22-04-2026
5796,Signup,23-04-2026
5796,KYC Verification,23-04-2026
5796,First Transaction,26-04-2026
5797,App Install,15-04-2026
5798,App Install,31-07-2026
5798,Signup,01-08-2026
5799,App Install,24-07-2026
5800,App Install,01-04-2026
5801,App Install,17-07-2026
5801,Signup,18-07-2026
5802,App Install,12-05-2026
5803,App Install,29-06-2026
5803,Signup,01-07-2026
5803,KYC Verification,03-07-2026
5803,First Transaction,06-07-2026
5804,App Install,17-07-2026
5804,Signup,19-07-2026
5804,KYC Verification,21-07-2026
5804,First Transaction,25-07-2026
5805,App Install,01-07-2026
5805,Signup,02-07-2026
5805,KYC Verification,03-07-2026
5806,App Install,09-07-2026
5806,Signup,09-07-2026
5807,App Install,29-06-2026
5807,Signup,01-07-2026
5807,KYC Verification,03-07-2026
5807,First Transaction,05-07-2026
5808,App Install,01-04-2026
5808,Signup,01-04-2026
5809,App Install,02-07-2026
5810,App Install,22-05-2026
5811,App Install,12-04-2026
5811,Signup,13-04-2026
5811,KYC Verification,13-04-2026
5811,First Transaction,17-04-2026
5811,Loan Application,19-04-2026
5812,App Install,01-03-2026
5812,Signup,01-03-2026
5812,KYC Verification,02-03-2026
5813,App Install,29-03-2026
5814,App Install,01-03-2026
5815,App Install,16-06-2026
5816,App Install,12-05-2026
5817,App Install,17-05-2026
5817,Signup,17-05-2026
5817,KYC Verification,20-05-2026
5817,First Transaction,24-05-2026
5817,Loan Application,31-05-2026
5817,Loan Approved,05-06-2026
5818,App Install,18-03-2026
5818,Signup,19-03-2026
5818,KYC Verification,20-03-2026
5818,First Transaction,23-03-2026
5818,Loan Application,01-04-2026
5818,Loan Approved,03-04-2026
5819,App Install,02-07-2026
5819,Signup,02-07-2026
5820,App Install,22-05-2026
5820,Signup,23-05-2026
5820,KYC Verification,24-05-2026
5820,First Transaction,26-05-2026
5821,App Install,26-07-2026
5821,Signup,27-07-2026
5821,KYC Verification,27-07-2026
5822,App Install,02-03-2026
5822,Signup,03-03-2026
5822,KYC Verification,03-03-2026
5823,App Install,12-07-2026
5823,Signup,12-07-2026
5823,KYC Verification,15-07-2026
5823,First Transaction,18-07-2026
5824,App Install,21-06-2026
5824,Signup,21-06-2026
5825,App Install,21-06-2026
5825,Signup,22-06-2026
5825,KYC Verification,23-06-2026
5825,First Transaction,28-06-2026
5826,App Install,26-05-2026
5826,Signup,26-05-2026
5826,KYC Verification,29-05-2026
5827,App Install,16-04-2026
5827,Signup,18-04-2026
5828,App Install,17-06-2026
5828,Signup,17-06-2026
5828,KYC Verification,19-06-2026
5828,First Transaction,20-06-2026
5829,App Install,09-05-2026
5829,Signup,11-05-2026
5829,KYC Verification,12-05-2026
5829,First Transaction,16-05-2026
5830,App Install,05-07-2026
5831,App Install,14-06-2026
5831,Signup,16-06-2026
5831,KYC Verification,17-06-2026
5831,First Transaction,21-06-2026
5832,App Install,03-05-2026
5833,App Install,19-06-2026
5834,App Install,18-04-2026
5834,Signup,20-04-2026
5835,App Install,27-07-2026
5835,Signup,27-07-2026
5836,App Install,22-05-2026
5837,App Install,06-06-2026
5838,App Install,15-05-2026
5838,Signup,15-05-2026
5839,App Install,22-06-2026
5839,Signup,23-06-2026
5839,KYC Verification,25-06-2026
5839,First Transaction,26-06-2026
5840,App Install,13-05-2026
5840,Signup,15-05-2026
5841,App Install,21-03-2026
5841,Signup,21-03-2026
5841,KYC Verification,23-03-2026
5841,First Transaction,24-03-2026
5841,Loan Application,02-04-2026
5842,App Install,26-07-2026
5843,App Install,03-04-2026
5843,Signup,04-04-2026
5844,App Install,10-05-2026
5844,Signup,11-05-2026
5844,KYC Verification,12-05-2026
5844,First Transaction,15-05-2026
5845,App Install,17-03-2026
5845,Signup,19-03-2026
5845,KYC Verification,19-03-2026
5846,App Install,24-03-2026
5846,Signup,26-03-2026
5846,KYC Verification,27-03-2026
5846,First Transaction,31-03-2026
5846,Loan Application,11-04-2026
5847,App Install,12-03-2026
5847,Signup,14-03-2026
5848,App Install,16-06-2026
5849,App Install,12-04-2026
5849,Signup,13-04-2026
5849,KYC Verification,14-04-2026
5850,App Install,25-04-2026
5850,Signup,25-04-2026
5850,KYC Verification,27-04-2026
5850,First Transaction,28-04-2026
5850,Loan Application,07-05-2026
5850,Loan Approved,11-05-2026
5851,App Install,22-03-2026
5851,Signup,22-03-2026
5851,KYC Verification,25-03-2026
5852,App Install,31-05-2026
5852,Signup,31-05-2026
5852,KYC Verification,01-06-2026
5852,First Transaction,02-06-2026
5852,Loan Application,09-06-2026
5852,Loan Approved,14-06-2026
5853,App Install,07-04-2026
5853,Signup,09-04-2026
5854,App Install,22-05-2026
5854,Signup,24-05-2026
5854,KYC Verification,26-05-2026
5855,App Install,11-04-2026
5855,Signup,12-04-2026
5855,KYC Verification,13-04-2026
5855,First Transaction,14-04-2026
5856,App Install,01-05-2026
5856,Signup,02-05-2026
5856,KYC Verification,04-05-2026
5856,First Transaction,07-05-2026
5857,App Install,12-03-2026
5857,Signup,13-03-2026
5857,KYC Verification,16-03-2026
5857,First Transaction,20-03-2026
5857,Loan Application,28-03-2026
5857,Loan Approved,31-03-2026
5858,App Install,07-05-2026
5858,Signup,07-05-2026
5858,KYC Verification,09-05-2026
5859,App Install,16-05-2026
5859,Signup,17-05-2026
5859,KYC Verification,18-05-2026
5859,First Transaction,19-05-2026
5859,Loan Application,26-05-2026
5860,App Install,25-05-2026
5860,Signup,25-05-2026
5860,KYC Verification,25-05-2026
5860,First Transaction,29-05-2026
5861,App Install,24-04-2026
5861,Signup,25-04-2026
5861,KYC Verification,26-04-2026
5862,App Install,23-06-2026
5863,App Install,29-05-2026
5863,Signup,31-05-2026
5864,App Install,24-04-2026
5865,App Install,15-06-2026
5866,App Install,23-05-2026
5866,Signup,24-05-2026
5866,KYC Verification,26-05-2026
5866,First Transaction,30-05-2026
5867,App Install,25-03-2026
5867,Signup,26-03-2026
5867,KYC Verification,27-03-2026
5867,First Transaction,29-03-2026
5868,App Install,27-06-2026
5868,Signup,27-06-2026
5868,KYC Verification,28-06-2026
5869,App Install,09-07-2026
5869,Signup,09-07-2026
5870,App Install,24-04-2026
5870,Signup,25-04-2026
5871,App Install,23-07-2026
5871,Signup,24-07-2026
5871,KYC Verification,25-07-2026
5871,First Transaction,27-07-2026
5872,App Install,02-05-2026
5872,Signup,03-05-2026
5872,KYC Verification,04-05-2026
5873,App Install,17-07-2026
5873,Signup,17-07-2026
5873,KYC Verification,18-07-2026
5874,App Install,04-06-2026
5874,Signup,04-06-2026
5874,KYC Verification,06-06-2026
5874,First Transaction,11-06-2026
5875,App Install,11-03-2026
5875,Signup,13-03-2026
5875,KYC Verification,15-03-2026
5875,First Transaction,19-03-2026
5876,App Install,09-06-2026
5876,Signup,10-06-2026
5877,App Install,19-06-2026
5877,Signup,20-06-2026
5877,KYC Verification,21-06-2026
5877,First Transaction,25-06-2026
5877,Loan Application,04-07-2026
5877,Loan Approved,08-07-2026
5878,App Install,03-04-2026
5878,Signup,04-04-2026
5878,KYC Verification,06-04-2026
5878,First Transaction,11-04-2026
5879,App Install,21-04-2026
5879,Signup,22-04-2026
5879,KYC Verification,25-04-2026
5879,First Transaction,29-04-2026
5880,App Install,24-04-2026
5880,Signup,24-04-2026
5881,App Install,04-06-2026
5881,Signup,05-06-2026
5881,KYC Verification,07-06-2026
5882,App Install,24-05-2026
5883,App Install,10-07-2026
5883,Signup,10-07-2026
5884,App Install,09-05-2026
5884,Signup,10-05-2026
5884,KYC Verification,12-05-2026
5885,App Install,01-03-2026
5886,App Install,11-05-2026
5886,Signup,12-05-2026
5886,KYC Verification,13-05-2026
5887,App Install,18-07-2026
5888,App Install,09-06-2026
5888,Signup,10-06-2026
5889,App Install,31-03-2026
5889,Signup,01-04-2026
5890,App Install,06-04-2026
5891,App Install,24-05-2026
5892,App Install,07-07-2026
5892,Signup,09-07-2026
5892,KYC Verification,11-07-2026
5893,App Install,25-05-2026
5893,Signup,26-05-2026
5893,KYC Verification,26-05-2026
5893,First Transaction,28-05-2026
5893,Loan Application,02-06-2026
5893,Loan Approved,06-06-2026
5894,App Install,19-03-2026
5895,App Install,07-03-2026
5896,App Install,10-03-2026
5896,Signup,11-03-2026
5896,KYC Verification,13-03-2026
5896,First Transaction,14-03-2026
5896,Loan Application,15-03-2026
5897,App Install,21-05-2026
5897,Signup,23-05-2026
5897,KYC Verification,25-05-2026
5898,App Install,21-05-2026
5898,Signup,22-05-2026
5898,KYC Verification,24-05-2026
5899,App Install,06-06-2026
5899,Signup,06-06-2026
5899,KYC Verification,06-06-2026
5899,First Transaction,08-06-2026
5900,App Install,01-07-2026
5901,App Install,22-04-2026
5902,App Install,17-07-2026
5902,Signup,19-07-2026
5902,KYC Verification,22-07-2026
5902,First Transaction,26-07-2026
5903,App Install,01-04-2026
5903,Signup,01-04-2026
5903,KYC Verification,03-04-2026
5903,First Transaction,04-04-2026
5904,App Install,09-06-2026
5904,Signup,09-06-2026
5905,App Install,03-06-2026
5905,Signup,05-06-2026
5905,KYC Verification,06-06-2026
5905,First Transaction,11-06-2026
5906,App Install,15-03-2026
5906,Signup,15-03-2026
5907,App Install,31-03-2026
5907,Signup,31-03-2026
5908,App Install,16-04-2026
5908,Signup,18-04-2026
5908,KYC Verification,19-04-2026
5909,App Install,13-03-2026
5910,App Install,19-04-2026
5911,App Install,05-07-2026
5912,App Install,17-06-2026
5912,Signup,18-06-2026
5912,KYC Verification,19-06-2026
5912,First Transaction,22-06-2026
5913,App Install,16-07-2026
5913,Signup,17-07-2026
5914,App Install,29-06-2026
5915,App Install,17-03-2026
5916,App Install,20-05-2026
5917,App Install,07-06-2026
5917,Signup,08-06-2026
5917,KYC Verification,08-06-2026
5917,First Transaction,11-06-2026
5918,App Install,13-06-2026
5918,Signup,13-06-2026
5918,KYC Verification,15-06-2026
5918,First Transaction,19-06-2026
5919,App Install,01-04-2026
5919,Signup,03-04-2026
5919,KYC Verification,05-04-2026
5919,First Transaction,07-04-2026
5919,Loan Application,20-04-2026
5920,App Install,19-03-2026
5920,Signup,20-03-2026
5921,App Install,04-03-2026
5922,App Install,18-07-2026
5922,Signup,19-07-2026
5922,KYC Verification,20-07-2026
5923,App Install,27-04-2026
5923,Signup,28-04-2026
5923,KYC Verification,29-04-2026
5924,App Install,25-03-2026
5925,App Install,12-03-2026
5925,Signup,13-03-2026
5925,KYC Verification,15-03-2026
5925,First Transaction,18-03-2026
5925,Loan Application,19-03-2026
5925,Loan Approved,21-03-2026
5926,App Install,22-05-2026
5926,Signup,22-05-2026
5927,App Install,13-04-2026
5927,Signup,14-04-2026
5928,App Install,01-03-2026
5928,Signup,01-03-2026
5928,KYC Verification,03-03-2026
5928,First Transaction,07-03-2026
5928,Loan Application,15-03-2026
5929,App Install,25-03-2026
5929,Signup,25-03-2026
5929,KYC Verification,26-03-2026
5929,First Transaction,31-03-2026
5929,Loan Application,06-04-2026
5929,Loan Approved,10-04-2026
5930,App Install,08-06-2026
5931,App Install,04-06-2026
5931,Signup,04-06-2026
5931,KYC Verification,06-06-2026
5932,App Install,16-07-2026
5933,App Install,18-05-2026
5933,Signup,20-05-2026
5934,App Install,21-05-2026
5934,Signup,22-05-2026
5934,KYC Verification,24-05-2026
5935,App Install,31-03-2026
5935,Signup,01-04-2026
5935,KYC Verification,02-04-2026
5935,First Transaction,07-04-2026
5936,App Install,31-05-2026
5937,App Install,03-03-2026
5937,Signup,05-03-2026
5937,KYC Verification,05-03-2026
5937,First Transaction,08-03-2026
5937,Loan Application,11-03-2026
5937,Loan Approved,14-03-2026
5938,App Install,24-06-2026
5938,Signup,26-06-2026
5938,KYC Verification,26-06-2026
5938,First Transaction,01-07-2026
5938,Loan Application,08-07-2026
5938,Loan Approved,10-07-2026
5939,App Install,19-07-2026
5940,App Install,21-07-2026
5941,App Install,10-05-2026
5941,Signup,12-05-2026
5941,KYC Verification,14-05-2026
5941,First Transaction,16-05-2026
5942,App Install,24-07-2026
5943,App Install,19-06-2026
5944,App Install,23-07-2026
5944,Signup,25-07-2026
5944,KYC Verification,28-07-2026
5944,First Transaction,29-07-2026
5945,App Install,06-04-2026
5945,Signup,08-04-2026
5945,KYC Verification,08-04-2026
5945,First Transaction,13-04-2026
5946,App Install,30-07-2026
5947,App Install,28-03-2026
5948,App Install,11-07-2026
5948,Signup,11-07-2026
5949,App Install,24-05-2026
5950,App Install,22-05-2026
5950,Signup,23-05-2026
5950,KYC Verification,24-05-2026
5950,First Transaction,26-05-2026
5950,Loan Application,03-06-2026
5951,App Install,10-04-2026
5951,Signup,11-04-2026
5952,App Install,06-06-2026
5953,App Install,11-07-2026
5954,App Install,29-03-2026
5955,App Install,06-07-2026
5956,App Install,01-08-2026
5956,Signup,01-08-2026
5957,App Install,28-04-2026
5957,Signup,30-04-2026
5957,KYC Verification,01-05-2026
5958,App Install,11-03-2026
5958,Signup,11-03-2026
5959,App Install,13-06-2026
5960,App Install,19-06-2026
5961,App Install,01-08-2026
5961,Signup,03-08-2026
5961,KYC Verification,04-08-2026
5961,First Transaction,05-08-2026
5962,App Install,22-05-2026
5962,Signup,22-05-2026
5962,KYC Verification,23-05-2026
5962,First Transaction,27-05-2026
5963,App Install,31-05-2026
5963,Signup,01-06-2026
5963,KYC Verification,02-06-2026
5963,First Transaction,06-06-2026
5964,App Install,18-07-2026
5965,App Install,01-05-2026
5965,Signup,02-05-2026
5966,App Install,05-06-2026
5966,Signup,05-06-2026
5966,KYC Verification,07-06-2026
5966,First Transaction,08-06-2026
5967,App Install,09-07-2026
5967,Signup,10-07-2026
5967,KYC Verification,12-07-2026
5967,First Transaction,17-07-2026
5968,App Install,26-04-2026
5969,App Install,26-03-2026
5969,Signup,28-03-2026
5969,KYC Verification,28-03-2026
5969,First Transaction,30-03-2026
5970,App Install,29-03-2026
5970,Signup,31-03-2026
5971,App Install,31-07-2026
5972,App Install,12-06-2026
5972,Signup,12-06-2026
5973,App Install,14-05-2026
5974,App Install,03-05-2026
5975,App Install,13-07-2026
5976,App Install,03-06-2026
5977,App Install,09-06-2026
5978,App Install,04-07-2026
5979,App Install,08-07-2026
5979,Signup,09-07-2026
5979,KYC Verification,10-07-2026
5979,First Transaction,13-07-2026
5979,Loan Application,22-07-2026
5980,App Install,14-03-2026
5981,App Install,24-06-2026
5981,Signup,25-06-2026
5981,KYC Verification,28-06-2026
5981,First Transaction,02-07-2026
5982,App Install,26-03-2026
5982,Signup,27-03-2026
5983,App Install,03-03-2026
5983,Signup,04-03-2026
5983,KYC Verification,05-03-2026
5983,First Transaction,06-03-2026
5984,App Install,05-04-2026
5984,Signup,06-04-2026
5984,KYC Verification,08-04-2026
5984,First Transaction,12-04-2026
5984,Loan Application,13-04-2026
5985,App Install,03-06-2026
5985,Signup,04-06-2026
5985,KYC Verification,06-06-2026
5985,First Transaction,08-06-2026
5985,Loan Application,20-06-2026
5985,Loan Approved,27-06-2026
5986,App Install,27-06-2026
5986,Signup,28-06-2026
5987,App Install,22-06-2026
5987,Signup,23-06-2026
5987,KYC Verification,25-06-2026
5988,App Install,19-03-2026
5988,Signup,20-03-2026
5988,KYC Verification,22-03-2026
5988,First Transaction,27-03-2026
5989,App Install,31-03-2026
5989,Signup,01-04-2026
5989,KYC Verification,02-04-2026
5989,First Transaction,03-04-2026
5990,App Install,22-04-2026
5991,App Install,15-05-2026
5991,Signup,15-05-2026
5992,App Install,16-07-2026
5992,Signup,17-07-2026
5992,KYC Verification,18-07-2026
5992,First Transaction,19-07-2026
5992,Loan Application,28-07-2026
5992,Loan Approved,03-08-2026
5993,App Install,27-03-2026
5993,Signup,28-03-2026
5994,App Install,22-06-2026
5994,Signup,24-06-2026
5994,KYC Verification,25-06-2026
5994,First Transaction,26-06-2026
5995,App Install,03-05-2026
5996,App Install,05-05-2026
5996,Signup,06-05-2026
5997,App Install,02-04-2026
5997,Signup,03-04-2026
5997,KYC Verification,03-04-2026
5997,First Transaction,07-04-2026
5998,App Install,05-07-2026
5998,Signup,05-07-2026
5998,KYC Verification,08-07-2026
5998,First Transaction,12-07-2026
5999,App Install,24-07-2026
5999,Signup,25-07-2026
6000,App Install,31-07-2026
6000,Signup,02-08-2026
