user_id,channel,city_tier,device,ab_group,install_date
1,Referral,Tier 1,Android,Control,2026-04-05
2,Affiliate,Tier 1,Android,Variant_B,2026-07-26
3,Organic,Tier 1,Android,Control,2026-04-29
4,Referral,Tier 2,Android,Variant_B,2026-06-10
5,Referral,Tier 2,Android,Control,2026-03-30
6,Organic,Tier 3,iOS,Control,2026-07-03
7,Referral,Tier 1,Android,Control,2026-05-07
8,Organic,Tier 1,Android,Control,2026-05-11
9,Organic,Tier 1,Android,Control,2026-06-17
10,Paid Social,Tier 3,iOS,Control,2026-06-06
11,Organic,Tier 2,Android,Variant_B,2026-07-21
12,Organic,Tier 1,iOS,Variant_B,2026-03-31
13,Organic,Tier 1,Android,Variant_B,2026-07-14
14,Organic,Tier 2,Android,Variant_B,2026-05-04
15,Paid Social,Tier 3,iOS,Control,2026-05-31
16,Referral,Tier 1,Android,Variant_B,2026-04-09
17,Paid Social,Tier 2,Android,Variant_B,2026-03-08
18,Organic,Tier 2,iOS,Control,2026-03-28
19,Referral,Tier 2,Android,Variant_B,2026-07-20
20,Organic,Tier 1,Android,Variant_B,2026-06-28
21,Google Ads,Tier 1,Android,Control,2026-06-07
22,Referral,Tier 3,Android,Variant_B,2026-07-08
23,Referral,Tier 3,Android,Variant_B,2026-06-24
24,Google Ads,Tier 1,Android,Variant_B,2026-05-01
25,Google Ads,Tier 2,Android,Control,2026-07-03
26,Organic,Tier 1,iOS,Control,2026-03-13
27,Referral,Tier 2,Android,Control,2026-05-19
28,Paid Social,Tier 1,iOS,Variant_B,2026-04-09
29,Paid Social,Tier 3,Android,Variant_B,2026-07-21
30,Paid Social,Tier 2,Android,Variant_B,2026-06-17
31,Google Ads,Tier 1,Android,Variant_B,2026-03-04
32,Paid Social,Tier 3,Android,Variant_B,2026-07-31
33,Organic,Tier 1,Android,Control,2026-05-01
34,Organic,Tier 1,Android,Variant_B,2026-05-09
35,Paid Social,Tier 3,iOS,Variant_B,2026-05-29
36,Paid Social,Tier 2,Android,Control,2026-04-22
37,Referral,Tier 2,Android,Control,2026-05-10
38,Affiliate,Tier 1,iOS,Control,2026-07-05
39,Paid Social,Tier 2,Android,Variant_B,2026-07-15
40,Referral,Tier 3,Android,Control,2026-03-18
41,Organic,Tier 3,Android,Variant_B,2026-05-05
42,Google Ads,Tier 1,iOS,Variant_B,2026-05-10
43,Organic,Tier 2,Android,Variant_B,2026-04-03
44,Paid Social,Tier 1,Android,Variant_B,2026-07-14
45,Google Ads,Tier 1,iOS,Variant_B,2026-05-15
46,Paid Social,Tier 1,Android,Control,2026-06-10
47,Google Ads,Tier 3,Android,Variant_B,2026-03-30
48,Referral,Tier 3,Android,Variant_B,2026-05-10
49,Affiliate,Tier 3,Android,Control,2026-07-31
50,Organic,Tier 2,iOS,Control,2026-05-10
51,Referral,Tier 2,Android,Control,2026-04-03
52,Paid Social,Tier 1,Android,Variant_B,2026-06-06
53,Organic,Tier 3,Android,Control,2026-03-24
54,Paid Social,Tier 2,Android,Control,2026-05-08
55,Google Ads,Tier 1,Android,Control,2026-03-21
56,Referral,Tier 3,iOS,Control,2026-06-10
57,Organic,Tier 3,Android,Variant_B,2026-07-13
58,Paid Social,Tier 3,Android,Control,2026-04-30
59,Organic,Tier 2,Android,Variant_B,2026-03-10
60,Affiliate,Tier 1,Android,Control,2026-05-25
61,Paid Social,Tier 1,iOS,Control,2026-07-13
62,Referral,Tier 2,Android,Control,2026-05-26
63,Paid Social,Tier 3,Android,Variant_B,2026-06-27
64,Referral,Tier 1,Android,Control,2026-04-05
65,Organic,Tier 3,iOS,Variant_B,2026-04-07
66,Organic,Tier 2,Android,Control,2026-05-14
67,Referral,Tier 2,Android,Variant_B,2026-07-18
68,Organic,Tier 1,iOS,Control,2026-05-20
69,Organic,Tier 2,iOS,Variant_B,2026-05-22
70,Paid Social,Tier 1,Android,Variant_B,2026-06-01
71,Organic,Tier 1,Android,Variant_B,2026-06-04
72,Google Ads,Tier 1,Android,Variant_B,2026-05-28
73,Referral,Tier 2,Android,Variant_B,2026-06-10
74,Affiliate,Tier 1,Android,Control,2026-05-17
75,Google Ads,Tier 1,Android,Variant_B,2026-04-23
76,Organic,Tier 1,Android,Variant_B,2026-06-07
77,Paid Social,Tier 2,iOS,Variant_B,2026-04-04
78,Google Ads,Tier 1,Android,Control,2026-06-01
79,Paid Social,Tier 2,Android,Control,2026-05-23
80,Organic,Tier 2,iOS,Control,2026-03-14
81,Referral,Tier 2,Android,Control,2026-06-26
82,Google Ads,Tier 2,Android,Variant_B,2026-05-21
83,Organic,Tier 2,Android,Control,2026-03-13
84,Organic,Tier 3,iOS,Control,2026-05-14
85,Organic,Tier 2,Android,Variant_B,2026-06-18
86,Organic,Tier 2,Android,Control,2026-06-12
87,Google Ads,Tier 2,Android,Variant_B,2026-06-03
88,Organic,Tier 2,Android,Control,2026-07-25
89,Organic,Tier 1,Android,Control,2026-07-22
90,Organic,Tier 3,iOS,Control,2026-06-29
91,Google Ads,Tier 2,Android,Variant_B,2026-03-31
92,Paid Social,Tier 1,iOS,Control,2026-03-06
93,Referral,Tier 1,iOS,Variant_B,2026-07-26
94,Organic,Tier 2,Android,Control,2026-05-28
95,Organic,Tier 2,Android,Variant_B,2026-06-05
96,Google Ads,Tier 1,Android,Variant_B,2026-05-18
97,Referral,Tier 3,Android,Variant_B,2026-07-04
98,Organic,Tier 1,Android,Variant_B,2026-06-04
99,Organic,Tier 3,Android,Control,2026-04-19
100,Affiliate,Tier 1,iOS,Variant_B,2026-05-09
101,Google Ads,Tier 1,Android,Control,2026-04-15
102,Google Ads,Tier 3,Android,Variant_B,2026-03-08
103,Paid Social,Tier 2,Android,Control,2026-03-07
104,Affiliate,Tier 2,Android,Control,2026-06-26
105,Affiliate,Tier 1,Android,Variant_B,2026-05-21
106,Referral,Tier 3,iOS,Variant_B,2026-06-05
107,Paid Social,Tier 1,Android,Control,2026-07-19
108,Paid Social,Tier 2,Android,Variant_B,2026-03-18
109,Organic,Tier 1,Android,Control,2026-06-17
110,Affiliate,Tier 2,Android,Variant_B,2026-06-19
111,Paid Social,Tier 2,Android,Variant_B,2026-06-30
112,Paid Social,Tier 1,Android,Variant_B,2026-06-10
113,Google Ads,Tier 1,Android,Control,2026-04-24
114,Referral,Tier 1,Android,Control,2026-05-01
115,Paid Social,Tier 3,Android,Control,2026-07-23
116,Organic,Tier 1,Android,Variant_B,2026-04-13
117,Referral,Tier 1,Android,Variant_B,2026-04-12
118,Referral,Tier 2,Android,Control,2026-03-24
119,Google Ads,Tier 2,iOS,Control,2026-03-12
120,Organic,Tier 2,Android,Variant_B,2026-03-03
121,Organic,Tier 1,Android,Control,2026-03-23
122,Referral,Tier 3,iOS,Variant_B,2026-04-03
123,Referral,Tier 1,Android,Variant_B,2026-03-19
124,Paid Social,Tier 1,iOS,Control,2026-03-15
125,Paid Social,Tier 2,Android,Variant_B,2026-03-27
126,Organic,Tier 2,Android,Control,2026-05-02
127,Paid Social,Tier 3,iOS,Variant_B,2026-05-23
128,Organic,Tier 1,Android,Variant_B,2026-05-02
129,Paid Social,Tier 3,iOS,Control,2026-05-11
130,Google Ads,Tier 2,Android,Variant_B,2026-04-29
131,Organic,Tier 2,Android,Control,2026-04-12
132,Paid Social,Tier 2,Android,Variant_B,2026-03-27
133,Referral,Tier 3,Android,Control,2026-06-06
134,Google Ads,Tier 1,iOS,Control,2026-06-06
135,Organic,Tier 3,Android,Variant_B,2026-05-30
136,Referral,Tier 1,iOS,Control,2026-04-03
137,Referral,Tier 1,Android,Variant_B,2026-04-02
138,Paid Social,Tier 1,Android,Control,2026-05-29
139,Google Ads,Tier 1,Android,Variant_B,2026-04-12
140,Referral,Tier 2,Android,Control,2026-03-26
141,Referral,Tier 1,iOS,Variant_B,2026-04-17
142,Referral,Tier 3,Android,Variant_B,2026-04-14
143,Google Ads,Tier 1,Android,Variant_B,2026-04-21
144,Paid Social,Tier 1,Android,Variant_B,2026-03-10
145,Affiliate,Tier 1,Android,Variant_B,2026-03-15
146,Organic,Tier 2,Android,Control,2026-04-14
147,Organic,Tier 1,Android,Control,2026-06-01
148,Organic,Tier 1,Android,Control,2026-03-03
149,Referral,Tier 2,Android,Variant_B,2026-05-18
150,Paid Social,Tier 1,Android,Variant_B,2026-05-06
151,Referral,Tier 2,iOS,Variant_B,2026-07-08
152,Paid Social,Tier 1,Android,Variant_B,2026-06-16
153,Affiliate,Tier 3,iOS,Control,2026-05-20
154,Paid Social,Tier 2,Android,Control,2026-03-02
155,Paid Social,Tier 1,Android,Variant_B,2026-04-12
156,Organic,Tier 1,Android,Variant_B,2026-06-20
157,Affiliate,Tier 2,Android,Control,2026-03-13
158,Paid Social,Tier 1,iOS,Variant_B,2026-04-30
159,Google Ads,Tier 1,Android,Control,2026-03-03
160,Referral,Tier 1,Android,Variant_B,2026-03-08
161,Organic,Tier 3,iOS,Control,2026-03-20
162,Paid Social,Tier 2,Android,Variant_B,2026-05-27
163,Google Ads,Tier 3,Android,Variant_B,2026-06-02
164,Organic,Tier 1,Android,Control,2026-07-29
165,Referral,Tier 2,Android,Variant_B,2026-08-01
166,Referral,Tier 1,iOS,Control,2026-05-10
167,Affiliate,Tier 2,Android,Variant_B,2026-07-10
168,Referral,Tier 1,Android,Control,2026-04-21
169,Referral,Tier 1,Android,Control,2026-05-13
170,Organic,Tier 1,Android,Variant_B,2026-04-27
171,Organic,Tier 3,Android,Variant_B,2026-07-04
172,Organic,Tier 1,Android,Control,2026-07-14
173,Google Ads,Tier 3,Android,Variant_B,2026-06-23
174,Referral,Tier 2,iOS,Variant_B,2026-06-06
175,Organic,Tier 2,Android,Variant_B,2026-03-27
176,Organic,Tier 2,Android,Control,2026-03-19
177,Organic,Tier 2,Android,Control,2026-05-12
178,Referral,Tier 1,Android,Variant_B,2026-04-24
179,Referral,Tier 1,Android,Variant_B,2026-05-20
180,Google Ads,Tier 3,Android,Variant_B,2026-07-30
181,Referral,Tier 2,iOS,Variant_B,2026-04-08
182,Organic,Tier 1,iOS,Variant_B,2026-06-08
183,Google Ads,Tier 1,Android,Control,2026-07-12
184,Google Ads,Tier 1,Android,Control,2026-06-05
185,Organic,Tier 2,Android,Control,2026-04-10
186,Referral,Tier 3,Android,Variant_B,2026-03-22
187,Organic,Tier 2,Android,Control,2026-07-15
188,Google Ads,Tier 1,iOS,Variant_B,2026-06-06
189,Referral,Tier 2,Android,Control,2026-05-20
190,Referral,Tier 2,Android,Control,2026-03-26
191,Google Ads,Tier 1,Android,Control,2026-04-21
192,Referral,Tier 1,iOS,Control,2026-04-13
193,Organic,Tier 1,iOS,Variant_B,2026-07-16
194,Organic,Tier 1,Android,Control,2026-04-28
195,Organic,Tier 1,iOS,Variant_B,2026-03-02
196,Google Ads,Tier 1,Android,Variant_B,2026-07-04
197,Affiliate,Tier 1,Android,Control,2026-03-14
198,Paid Social,Tier 2,Android,Variant_B,2026-04-14
199,Google Ads,Tier 2,Android,Control,2026-04-23
200,Paid Social,Tier 1,Android,Control,2026-07-11
201,Organic,Tier 1,Android,Variant_B,2026-05-28
202,Organic,Tier 1,iOS,Variant_B,2026-06-16
203,Referral,Tier 3,Android,Control,2026-03-06
204,Referral,Tier 3,Android,Control,2026-04-23
205,Affiliate,Tier 2,Android,Control,2026-07-30
206,Referral,Tier 3,Android,Variant_B,2026-06-14
207,Organic,Tier 2,Android,Variant_B,2026-04-26
208,Paid Social,Tier 1,Android,Variant_B,2026-06-04
209,Organic,Tier 1,iOS,Variant_B,2026-04-10
210,Organic,Tier 1,Android,Variant_B,2026-03-16
211,Organic,Tier 1,Android,Variant_B,2026-07-17
212,Organic,Tier 2,Android,Control,2026-05-12
213,Paid Social,Tier 3,Android,Control,2026-06-01
214,Google Ads,Tier 3,iOS,Control,2026-05-08
215,Paid Social,Tier 1,iOS,Variant_B,2026-07-08
216,Google Ads,Tier 2,Android,Control,2026-06-05
217,Organic,Tier 3,Android,Variant_B,2026-03-01
218,Referral,Tier 2,iOS,Variant_B,2026-03-02
219,Organic,Tier 1,Android,Variant_B,2026-07-20
220,Organic,Tier 1,Android,Variant_B,2026-07-26
221,Google Ads,Tier 3,iOS,Variant_B,2026-03-14
222,Organic,Tier 2,Android,Control,2026-05-02
223,Affiliate,Tier 3,iOS,Variant_B,2026-03-04
224,Organic,Tier 2,Android,Control,2026-07-16
225,Referral,Tier 1,Android,Control,2026-05-09
226,Paid Social,Tier 1,Android,Variant_B,2026-05-30
227,Referral,Tier 2,iOS,Control,2026-06-15
228,Organic,Tier 3,iOS,Control,2026-07-23
229,Affiliate,Tier 3,Android,Variant_B,2026-04-08
230,Referral,Tier 1,Android,Control,2026-06-21
231,Google Ads,Tier 1,Android,Variant_B,2026-03-11
232,Google Ads,Tier 2,Android,Variant_B,2026-06-24
233,Referral,Tier 1,Android,Control,2026-06-05
234,Organic,Tier 2,Android,Variant_B,2026-07-06
235,Organic,Tier 1,Android,Variant_B,2026-03-10
236,Paid Social,Tier 1,Android,Control,2026-03-15
237,Google Ads,Tier 2,iOS,Variant_B,2026-03-12
238,Google Ads,Tier 3,Android,Variant_B,2026-03-15
239,Organic,Tier 1,iOS,Variant_B,2026-06-24
240,Google Ads,Tier 3,iOS,Control,2026-04-22
241,Organic,Tier 1,Android,Control,2026-04-22
242,Affiliate,Tier 2,Android,Control,2026-06-28
243,Google Ads,Tier 1,Android,Control,2026-06-30
244,Paid Social,Tier 2,Android,Control,2026-05-02
245,Referral,Tier 3,Android,Control,2026-03-24
246,Google Ads,Tier 3,Android,Control,2026-04-07
247,Organic,Tier 1,Android,Variant_B,2026-06-06
248,Organic,Tier 3,iOS,Variant_B,2026-04-16
249,Google Ads,Tier 1,Android,Control,2026-05-02
250,Google Ads,Tier 2,Android,Variant_B,2026-07-27
251,Google Ads,Tier 1,Android,Variant_B,2026-05-10
252,Google Ads,Tier 1,Android,Control,2026-03-14
253,Google Ads,Tier 2,Android,Control,2026-07-12
254,Organic,Tier 1,iOS,Control,2026-08-01
255,Organic,Tier 2,iOS,Variant_B,2026-05-22
256,Organic,Tier 1,Android,Variant_B,2026-03-05
257,Organic,Tier 2,iOS,Control,2026-06-26
258,Paid Social,Tier 1,Android,Variant_B,2026-07-06
259,Google Ads,Tier 3,Android,Variant_B,2026-03-15
260,Organic,Tier 1,iOS,Variant_B,2026-07-16
261,Organic,Tier 1,Android,Variant_B,2026-03-25
262,Paid Social,Tier 3,Android,Control,2026-06-05
263,Google Ads,Tier 2,Android,Variant_B,2026-05-29
264,Affiliate,Tier 1,Android,Control,2026-06-20
265,Google Ads,Tier 1,Android,Variant_B,2026-04-21
266,Organic,Tier 2,Android,Variant_B,2026-04-07
267,Paid Social,Tier 1,Android,Control,2026-05-31
268,Affiliate,Tier 2,iOS,Variant_B,2026-03-04
269,Organic,Tier 1,Android,Control,2026-07-25
270,Google Ads,Tier 3,Android,Variant_B,2026-05-01
271,Organic,Tier 2,Android,Variant_B,2026-07-25
272,Organic,Tier 3,Android,Control,2026-05-15
273,Google Ads,Tier 2,Android,Control,2026-03-21
274,Google Ads,Tier 1,iOS,Variant_B,2026-03-14
275,Google Ads,Tier 2,Android,Variant_B,2026-06-24
276,Organic,Tier 2,Android,Control,2026-07-12
277,Organic,Tier 3,Android,Variant_B,2026-07-27
278,Organic,Tier 2,iOS,Control,2026-04-07
279,Referral,Tier 1,Android,Variant_B,2026-04-07
280,Organic,Tier 1,Android,Control,2026-05-11
281,Paid Social,Tier 2,Android,Variant_B,2026-06-15
282,Google Ads,Tier 1,Android,Variant_B,2026-06-15
283,Referral,Tier 1,Android,Control,2026-03-08
284,Affiliate,Tier 1,Android,Control,2026-07-10
285,Organic,Tier 1,Android,Variant_B,2026-05-20
286,Referral,Tier 2,Android,Variant_B,2026-03-20
287,Organic,Tier 2,Android,Control,2026-06-29
288,Organic,Tier 1,Android,Control,2026-04-01
289,Google Ads,Tier 1,Android,Variant_B,2026-03-28
290,Affiliate,Tier 1,Android,Variant_B,2026-03-29
291,Paid Social,Tier 1,Android,Control,2026-03-31
292,Paid Social,Tier 2,Android,Variant_B,2026-03-28
293,Affiliate,Tier 3,Android,Variant_B,2026-05-20
294,Organic,Tier 2,Android,Variant_B,2026-05-12
295,Referral,Tier 1,Android,Variant_B,2026-07-29
296,Paid Social,Tier 1,Android,Variant_B,2026-03-26
297,Referral,Tier 2,Android,Variant_B,2026-03-20
298,Paid Social,Tier 2,Android,Control,2026-06-02
299,Organic,Tier 1,iOS,Variant_B,2026-06-27
300,Organic,Tier 3,iOS,Control,2026-06-10
301,Paid Social,Tier 2,Android,Variant_B,2026-04-25
302,Referral,Tier 3,Android,Control,2026-05-04
303,Google Ads,Tier 2,Android,Control,2026-05-10
304,Affiliate,Tier 2,Android,Variant_B,2026-06-17
305,Google Ads,Tier 2,Android,Variant_B,2026-06-25
306,Referral,Tier 1,Android,Control,2026-03-01
307,Affiliate,Tier 3,Android,Control,2026-03-23
308,Paid Social,Tier 1,Android,Variant_B,2026-04-18
309,Referral,Tier 2,Android,Variant_B,2026-07-08
310,Referral,Tier 1,Android,Control,2026-04-02
311,Google Ads,Tier 1,iOS,Variant_B,2026-03-11
312,Affiliate,Tier 3,Android,Control,2026-06-26
313,Organic,Tier 2,Android,Control,2026-03-19
314,Paid Social,Tier 1,Android,Variant_B,2026-03-23
315,Organic,Tier 2,Android,Control,2026-03-31
316,Referral,Tier 2,iOS,Control,2026-05-14
317,Organic,Tier 1,Android,Control,2026-06-15
318,Paid Social,Tier 2,Android,Variant_B,2026-05-17
319,Referral,Tier 2,iOS,Variant_B,2026-05-17
320,Google Ads,Tier 2,Android,Variant_B,2026-03-14
321,Google Ads,Tier 1,Android,Variant_B,2026-06-23
322,Google Ads,Tier 1,Android,Variant_B,2026-06-29
323,Organic,Tier 3,Android,Control,2026-05-26
324,Google Ads,Tier 2,iOS,Control,2026-07-22
325,Google Ads,Tier 1,Android,Variant_B,2026-04-05
326,Paid Social,Tier 1,Android,Control,2026-06-30
327,Google Ads,Tier 3,Android,Variant_B,2026-03-08
328,Google Ads,Tier 1,Android,Variant_B,2026-07-14
329,Google Ads,Tier 1,Android,Variant_B,2026-05-28
330,Referral,Tier 1,iOS,Variant_B,2026-06-17
331,Organic,Tier 1,Android,Control,2026-06-05
332,Referral,Tier 2,iOS,Variant_B,2026-06-15
333,Organic,Tier 1,Android,Variant_B,2026-05-17
334,Paid Social,Tier 1,Android,Variant_B,2026-03-23
335,Affiliate,Tier 1,Android,Control,2026-05-02
336,Referral,Tier 1,Android,Control,2026-05-16
337,Referral,Tier 2,Android,Variant_B,2026-06-23
338,Affiliate,Tier 2,Android,Variant_B,2026-05-29
339,Google Ads,Tier 2,Android,Variant_B,2026-05-27
340,Referral,Tier 2,Android,Variant_B,2026-08-01
341,Google Ads,Tier 2,Android,Control,2026-03-24
342,Google Ads,Tier 3,Android,Variant_B,2026-04-19
343,Google Ads,Tier 2,Android,Variant_B,2026-03-01
344,Organic,Tier 2,iOS,Variant_B,2026-05-04
345,Google Ads,Tier 1,Android,Variant_B,2026-03-17
346,Referral,Tier 1,Android,Variant_B,2026-04-17
347,Paid Social,Tier 2,Android,Variant_B,2026-08-01
348,Referral,Tier 1,Android,Variant_B,2026-04-11
349,Organic,Tier 1,Android,Control,2026-04-15
350,Paid Social,Tier 1,Android,Control,2026-03-12
351,Paid Social,Tier 2,Android,Control,2026-04-23
352,Paid Social,Tier 1,Android,Variant_B,2026-06-05
353,Organic,Tier 2,Android,Control,2026-05-10
354,Google Ads,Tier 1,Android,Control,2026-06-10
355,Organic,Tier 3,Android,Variant_B,2026-05-26
356,Paid Social,Tier 3,Android,Variant_B,2026-04-18
357,Affiliate,Tier 1,Android,Control,2026-06-08
358,Paid Social,Tier 2,Android,Variant_B,2026-06-25
359,Google Ads,Tier 1,Android,Control,2026-06-15
360,Affiliate,Tier 2,Android,Control,2026-07-05
361,Referral,Tier 3,Android,Control,2026-07-08
362,Referral,Tier 2,Android,Control,2026-07-19
363,Google Ads,Tier 2,Android,Variant_B,2026-04-15
364,Google Ads,Tier 2,Android,Control,2026-07-12
365,Organic,Tier 1,Android,Control,2026-05-26
366,Organic,Tier 1,Android,Variant_B,2026-06-03
367,Referral,Tier 3,Android,Variant_B,2026-03-18
368,Paid Social,Tier 2,Android,Variant_B,2026-05-13
369,Referral,Tier 3,iOS,Control,2026-07-08
370,Paid Social,Tier 2,Android,Variant_B,2026-04-09
371,Affiliate,Tier 1,Android,Control,2026-06-13
372,Organic,Tier 3,Android,Variant_B,2026-05-05
373,Referral,Tier 1,Android,Control,2026-06-07
374,Organic,Tier 2,iOS,Variant_B,2026-05-18
375,Google Ads,Tier 1,Android,Variant_B,2026-07-13
376,Affiliate,Tier 1,Android,Control,2026-04-12
377,Paid Social,Tier 1,Android,Variant_B,2026-05-24
378,Google Ads,Tier 1,Android,Variant_B,2026-06-11
379,Paid Social,Tier 3,iOS,Variant_B,2026-03-26
380,Affiliate,Tier 1,iOS,Variant_B,2026-06-07
381,Affiliate,Tier 2,Android,Variant_B,2026-04-29
382,Paid Social,Tier 2,Android,Control,2026-05-15
383,Google Ads,Tier 1,iOS,Control,2026-07-03
384,Organic,Tier 3,Android,Variant_B,2026-03-25
385,Organic,Tier 1,Android,Variant_B,2026-04-15
386,Paid Social,Tier 2,Android,Control,2026-07-29
387,Paid Social,Tier 2,Android,Control,2026-06-07
388,Google Ads,Tier 1,Android,Variant_B,2026-03-17
389,Organic,Tier 2,Android,Control,2026-07-08
390,Paid Social,Tier 2,Android,Control,2026-03-12
391,Paid Social,Tier 2,iOS,Control,2026-06-16
392,Organic,Tier 3,iOS,Control,2026-04-14
393,Paid Social,Tier 3,Android,Variant_B,2026-07-25
394,Referral,Tier 3,Android,Variant_B,2026-04-16
395,Referral,Tier 2,Android,Variant_B,2026-07-01
396,Organic,Tier 3,Android,Control,2026-05-18
397,Affiliate,Tier 1,Android,Control,2026-03-21
398,Affiliate,Tier 1,Android,Variant_B,2026-07-20
399,Organic,Tier 3,Android,Control,2026-07-01
400,Google Ads,Tier 3,iOS,Control,2026-06-23
401,Google Ads,Tier 2,Android,Control,2026-06-02
402,Referral,Tier 3,iOS,Variant_B,2026-03-15
403,Organic,Tier 1,Android,Variant_B,2026-04-20
404,Google Ads,Tier 1,iOS,Variant_B,2026-07-31
405,Google Ads,Tier 3,Android,Variant_B,2026-04-20
406,Google Ads,Tier 2,Android,Control,2026-04-18
407,Organic,Tier 1,Android,Control,2026-05-13
408,Referral,Tier 3,Android,Control,2026-04-19
409,Organic,Tier 2,Android,Variant_B,2026-04-21
410,Organic,Tier 3,Android,Control,2026-04-12
411,Paid Social,Tier 2,Android,Variant_B,2026-04-22
412,Google Ads,Tier 2,Android,Variant_B,2026-06-03
413,Google Ads,Tier 3,Android,Variant_B,2026-05-05
414,Referral,Tier 3,Android,Variant_B,2026-04-22
415,Referral,Tier 1,Android,Control,2026-03-04
416,Organic,Tier 2,Android,Variant_B,2026-04-06
417,Organic,Tier 1,Android,Variant_B,2026-04-27
418,Organic,Tier 3,iOS,Control,2026-04-08
419,Referral,Tier 1,Android,Variant_B,2026-07-13
420,Organic,Tier 2,iOS,Variant_B,2026-05-02
421,Organic,Tier 1,iOS,Control,2026-06-05
422,Paid Social,Tier 2,Android,Control,2026-05-13
423,Paid Social,Tier 3,iOS,Control,2026-06-28
424,Google Ads,Tier 1,Android,Control,2026-05-01
425,Organic,Tier 2,Android,Control,2026-04-29
426,Referral,Tier 2,Android,Variant_B,2026-06-23
427,Paid Social,Tier 1,Android,Control,2026-05-11
428,Paid Social,Tier 2,iOS,Control,2026-03-15
429,Referral,Tier 1,Android,Variant_B,2026-04-10
430,Paid Social,Tier 1,Android,Variant_B,2026-03-16
431,Affiliate,Tier 1,Android,Control,2026-06-17
432,Paid Social,Tier 2,Android,Variant_B,2026-05-30
433,Organic,Tier 2,iOS,Control,2026-06-24
434,Organic,Tier 1,iOS,Variant_B,2026-07-18
435,Google Ads,Tier 2,Android,Variant_B,2026-05-30
436,Paid Social,Tier 3,Android,Control,2026-06-26
437,Google Ads,Tier 1,Android,Variant_B,2026-03-27
438,Organic,Tier 1,iOS,Variant_B,2026-05-18
439,Google Ads,Tier 2,Android,Variant_B,2026-04-14
440,Referral,Tier 1,Android,Control,2026-07-08
441,Referral,Tier 1,Android,Control,2026-07-25
442,Referral,Tier 1,iOS,Control,2026-07-27
443,Paid Social,Tier 2,Android,Variant_B,2026-06-05
444,Affiliate,Tier 1,Android,Control,2026-07-11
445,Organic,Tier 1,iOS,Control,2026-05-23
446,Affiliate,Tier 1,iOS,Variant_B,2026-04-12
447,Paid Social,Tier 3,Android,Variant_B,2026-05-21
448,Paid Social,Tier 1,Android,Control,2026-05-21
449,Organic,Tier 3,Android,Variant_B,2026-06-16
450,Google Ads,Tier 1,Android,Variant_B,2026-05-28
451,Google Ads,Tier 3,Android,Control,2026-03-14
452,Organic,Tier 1,Android,Variant_B,2026-05-24
453,Paid Social,Tier 1,Android,Control,2026-05-30
454,Organic,Tier 2,iOS,Control,2026-03-20
455,Organic,Tier 1,Android,Control,2026-04-07
456,Referral,Tier 2,Android,Control,2026-05-03
457,Organic,Tier 3,Android,Variant_B,2026-05-01
458,Google Ads,Tier 2,Android,Control,2026-03-25
459,Paid Social,Tier 1,Android,Variant_B,2026-06-01
460,Organic,Tier 3,Android,Variant_B,2026-07-18
461,Google Ads,Tier 1,iOS,Variant_B,2026-05-24
462,Organic,Tier 1,Android,Control,2026-05-12
463,Paid Social,Tier 3,iOS,Variant_B,2026-07-31
464,Referral,Tier 1,Android,Variant_B,2026-07-18
465,Organic,Tier 2,Android,Control,2026-05-17
466,Google Ads,Tier 3,Android,Control,2026-04-22
467,Affiliate,Tier 1,Android,Control,2026-04-30
468,Organic,Tier 1,Android,Control,2026-05-12
469,Referral,Tier 2,iOS,Control,2026-05-11
470,Referral,Tier 1,Android,Control,2026-03-27
471,Organic,Tier 3,iOS,Control,2026-03-23
472,Organic,Tier 1,iOS,Variant_B,2026-03-26
473,Paid Social,Tier 2,Android,Variant_B,2026-03-16
474,Organic,Tier 2,iOS,Variant_B,2026-03-05
475,Google Ads,Tier 3,Android,Control,2026-06-21
476,Paid Social,Tier 1,Android,Variant_B,2026-05-02
477,Paid Social,Tier 2,Android,Variant_B,2026-06-14
478,Google Ads,Tier 1,Android,Variant_B,2026-03-22
479,Paid Social,Tier 2,Android,Control,2026-03-28
480,Organic,Tier 1,Android,Control,2026-04-01
481,Organic,Tier 3,Android,Control,2026-03-30
482,Organic,Tier 1,Android,Variant_B,2026-05-25
483,Paid Social,Tier 3,Android,Control,2026-04-11
484,Referral,Tier 1,Android,Control,2026-06-29
485,Paid Social,Tier 1,Android,Control,2026-06-01
486,Organic,Tier 1,Android,Control,2026-03-31
487,Google Ads,Tier 1,iOS,Variant_B,2026-06-13
488,Google Ads,Tier 1,Android,Control,2026-07-23
489,Referral,Tier 3,Android,Variant_B,2026-06-07
490,Affiliate,Tier 1,iOS,Control,2026-06-19
491,Affiliate,Tier 3,Android,Control,2026-03-02
492,Organic,Tier 1,iOS,Variant_B,2026-06-22
493,Paid Social,Tier 2,Android,Control,2026-05-20
494,Organic,Tier 1,iOS,Control,2026-03-01
495,Organic,Tier 1,Android,Variant_B,2026-03-30
496,Paid Social,Tier 1,iOS,Control,2026-03-29
497,Google Ads,Tier 3,Android,Control,2026-07-13
498,Google Ads,Tier 3,Android,Variant_B,2026-03-06
499,Referral,Tier 3,Android,Variant_B,2026-04-19
500,Google Ads,Tier 1,Android,Variant_B,2026-05-10
501,Organic,Tier 2,Android,Variant_B,2026-07-23
502,Google Ads,Tier 1,Android,Variant_B,2026-04-08
503,Paid Social,Tier 1,iOS,Variant_B,2026-04-05
504,Google Ads,Tier 2,Android,Control,2026-04-08
505,Organic,Tier 2,Android,Variant_B,2026-07-23
506,Organic,Tier 1,iOS,Control,2026-04-06
507,Google Ads,Tier 2,Android,Variant_B,2026-06-28
508,Organic,Tier 2,iOS,Control,2026-06-06
509,Affiliate,Tier 2,Android,Control,2026-07-25
510,Affiliate,Tier 3,Android,Variant_B,2026-04-14
511,Referral,Tier 2,Android,Variant_B,2026-03-08
512,Organic,Tier 2,iOS,Control,2026-03-22
513,Organic,Tier 1,Android,Variant_B,2026-03-25
514,Affiliate,Tier 1,Android,Control,2026-05-27
515,Paid Social,Tier 1,Android,Variant_B,2026-04-05
516,Google Ads,Tier 1,Android,Variant_B,2026-03-24
517,Organic,Tier 2,Android,Control,2026-07-11
518,Affiliate,Tier 1,Android,Control,2026-06-28
519,Affiliate,Tier 1,Android,Variant_B,2026-07-26
520,Paid Social,Tier 3,iOS,Variant_B,2026-04-06
521,Google Ads,Tier 1,Android,Variant_B,2026-06-17
522,Organic,Tier 1,Android,Variant_B,2026-03-09
523,Paid Social,Tier 1,Android,Control,2026-06-28
524,Organic,Tier 2,Android,Variant_B,2026-07-07
525,Google Ads,Tier 1,Android,Variant_B,2026-06-20
526,Referral,Tier 1,Android,Variant_B,2026-05-03
527,Referral,Tier 1,Android,Control,2026-05-05
528,Referral,Tier 3,Android,Variant_B,2026-03-02
529,Referral,Tier 1,Android,Variant_B,2026-03-09
530,Referral,Tier 2,Android,Control,2026-07-14
531,Affiliate,Tier 1,Android,Variant_B,2026-04-01
532,Paid Social,Tier 2,iOS,Variant_B,2026-04-10
533,Organic,Tier 2,iOS,Variant_B,2026-07-20
534,Google Ads,Tier 1,Android,Control,2026-04-14
535,Affiliate,Tier 1,Android,Control,2026-04-22
536,Affiliate,Tier 3,Android,Control,2026-06-21
537,Organic,Tier 3,iOS,Control,2026-06-02
538,Referral,Tier 2,Android,Control,2026-03-27
539,Google Ads,Tier 1,Android,Control,2026-06-03
540,Google Ads,Tier 2,iOS,Variant_B,2026-07-01
541,Affiliate,Tier 2,Android,Variant_B,2026-07-12
542,Organic,Tier 2,Android,Control,2026-04-20
543,Organic,Tier 1,Android,Control,2026-04-28
544,Referral,Tier 1,Android,Variant_B,2026-03-29
545,Paid Social,Tier 1,Android,Variant_B,2026-03-25
546,Organic,Tier 3,Android,Variant_B,2026-06-03
547,Google Ads,Tier 1,Android,Variant_B,2026-05-23
548,Affiliate,Tier 2,Android,Control,2026-05-27
549,Organic,Tier 2,Android,Control,2026-04-05
550,Google Ads,Tier 2,iOS,Variant_B,2026-06-23
551,Affiliate,Tier 3,iOS,Variant_B,2026-07-16
552,Organic,Tier 3,Android,Control,2026-03-19
553,Paid Social,Tier 3,iOS,Control,2026-05-24
554,Organic,Tier 3,iOS,Control,2026-04-18
555,Paid Social,Tier 1,Android,Control,2026-06-06
556,Organic,Tier 1,iOS,Control,2026-04-11
557,Google Ads,Tier 2,iOS,Variant_B,2026-03-05
558,Google Ads,Tier 1,iOS,Control,2026-07-23
559,Organic,Tier 1,iOS,Control,2026-04-16
560,Paid Social,Tier 1,iOS,Variant_B,2026-06-15
561,Referral,Tier 1,Android,Control,2026-04-27
562,Organic,Tier 2,Android,Variant_B,2026-03-03
563,Organic,Tier 3,iOS,Control,2026-07-19
564,Google Ads,Tier 1,Android,Control,2026-07-23
565,Affiliate,Tier 1,Android,Control,2026-06-11
566,Paid Social,Tier 1,iOS,Control,2026-06-09
567,Paid Social,Tier 2,Android,Control,2026-08-01
568,Affiliate,Tier 1,iOS,Control,2026-06-28
569,Google Ads,Tier 3,Android,Control,2026-05-11
570,Referral,Tier 1,Android,Variant_B,2026-05-31
571,Referral,Tier 1,Android,Variant_B,2026-07-27
572,Google Ads,Tier 2,Android,Control,2026-03-07
573,Organic,Tier 3,iOS,Variant_B,2026-05-04
574,Paid Social,Tier 3,Android,Variant_B,2026-03-13
575,Paid Social,Tier 1,Android,Variant_B,2026-04-10
576,Organic,Tier 2,Android,Control,2026-06-22
577,Organic,Tier 2,iOS,Variant_B,2026-07-21
578,Organic,Tier 1,Android,Variant_B,2026-07-26
579,Paid Social,Tier 3,Android,Control,2026-03-25
580,Referral,Tier 1,iOS,Control,2026-05-29
581,Google Ads,Tier 1,Android,Control,2026-06-26
582,Google Ads,Tier 2,Android,Control,2026-06-10
583,Paid Social,Tier 1,iOS,Control,2026-07-14
584,Google Ads,Tier 1,Android,Control,2026-04-16
585,Paid Social,Tier 1,Android,Control,2026-07-21
586,Referral,Tier 1,Android,Variant_B,2026-03-25
587,Google Ads,Tier 2,iOS,Control,2026-05-26
588,Referral,Tier 2,Android,Control,2026-05-12
589,Referral,Tier 1,Android,Control,2026-05-30
590,Organic,Tier 3,Android,Control,2026-05-14
591,Referral,Tier 3,Android,Control,2026-06-08
592,Organic,Tier 3,iOS,Variant_B,2026-05-04
593,Paid Social,Tier 1,iOS,Variant_B,2026-07-01
594,Affiliate,Tier 2,Android,Control,2026-05-21
595,Referral,Tier 1,iOS,Control,2026-03-29
596,Organic,Tier 3,Android,Variant_B,2026-04-09
597,Paid Social,Tier 1,Android,Variant_B,2026-04-04
598,Google Ads,Tier 2,iOS,Variant_B,2026-04-16
599,Organic,Tier 3,Android,Control,2026-04-24
600,Paid Social,Tier 3,Android,Variant_B,2026-06-30
601,Organic,Tier 1,Android,Control,2026-04-11
602,Referral,Tier 1,Android,Control,2026-06-03
603,Affiliate,Tier 1,Android,Variant_B,2026-07-12
604,Organic,Tier 3,iOS,Control,2026-07-25
605,Google Ads,Tier 2,Android,Variant_B,2026-04-03
606,Referral,Tier 2,Android,Variant_B,2026-03-22
607,Google Ads,Tier 1,Android,Control,2026-05-02
608,Organic,Tier 3,Android,Control,2026-04-23
609,Paid Social,Tier 2,Android,Control,2026-07-05
610,Paid Social,Tier 2,Android,Control,2026-06-22
611,Paid Social,Tier 2,Android,Variant_B,2026-05-28
612,Paid Social,Tier 2,iOS,Control,2026-07-24
613,Paid Social,Tier 1,iOS,Variant_B,2026-07-06
614,Paid Social,Tier 3,Android,Control,2026-03-11
615,Paid Social,Tier 1,iOS,Variant_B,2026-04-28
616,Organic,Tier 1,Android,Variant_B,2026-04-02
617,Google Ads,Tier 1,Android,Variant_B,2026-03-21
618,Organic,Tier 3,Android,Control,2026-05-15
619,Organic,Tier 2,Android,Variant_B,2026-06-17
620,Referral,Tier 1,Android,Control,2026-05-23
621,Affiliate,Tier 1,Android,Variant_B,2026-05-26
622,Organic,Tier 1,Android,Control,2026-04-05
623,Google Ads,Tier 1,Android,Variant_B,2026-04-10
624,Paid Social,Tier 2,Android,Variant_B,2026-04-25
625,Affiliate,Tier 1,Android,Control,2026-03-25
626,Paid Social,Tier 3,Android,Variant_B,2026-05-09
627,Paid Social,Tier 2,Android,Control,2026-06-10
628,Organic,Tier 2,iOS,Variant_B,2026-07-22
629,Referral,Tier 1,Android,Control,2026-05-22
630,Paid Social,Tier 3,iOS,Control,2026-08-01
631,Affiliate,Tier 2,Android,Control,2026-05-05
632,Organic,Tier 1,Android,Variant_B,2026-07-04
633,Affiliate,Tier 2,Android,Control,2026-05-18
634,Paid Social,Tier 1,Android,Control,2026-03-07
635,Organic,Tier 2,Android,Variant_B,2026-07-04
636,Referral,Tier 2,Android,Variant_B,2026-04-25
637,Organic,Tier 2,Android,Control,2026-06-05
638,Referral,Tier 1,Android,Variant_B,2026-07-21
639,Paid Social,Tier 3,Android,Variant_B,2026-07-01
640,Referral,Tier 2,Android,Control,2026-04-29
641,Referral,Tier 3,Android,Control,2026-07-09
642,Organic,Tier 2,iOS,Control,2026-05-03
643,Organic,Tier 2,Android,Control,2026-06-19
644,Paid Social,Tier 2,iOS,Control,2026-06-29
645,Paid Social,Tier 1,Android,Variant_B,2026-04-19
646,Organic,Tier 2,Android,Variant_B,2026-07-16
647,Affiliate,Tier 2,Android,Variant_B,2026-04-20
648,Organic,Tier 3,Android,Variant_B,2026-06-19
649,Referral,Tier 2,iOS,Variant_B,2026-04-01
650,Google Ads,Tier 1,Android,Variant_B,2026-06-22
651,Google Ads,Tier 1,Android,Variant_B,2026-03-06
652,Organic,Tier 3,Android,Variant_B,2026-04-06
653,Organic,Tier 2,Android,Control,2026-05-23
654,Referral,Tier 1,iOS,Control,2026-03-01
655,Organic,Tier 2,Android,Control,2026-06-20
656,Google Ads,Tier 2,Android,Control,2026-05-02
657,Affiliate,Tier 1,Android,Variant_B,2026-06-07
658,Organic,Tier 1,iOS,Variant_B,2026-03-11
659,Affiliate,Tier 3,Android,Variant_B,2026-05-08
660,Paid Social,Tier 1,Android,Variant_B,2026-06-04
661,Organic,Tier 2,iOS,Variant_B,2026-05-23
662,Organic,Tier 3,Android,Control,2026-05-03
663,Affiliate,Tier 2,Android,Variant_B,2026-06-11
664,Paid Social,Tier 3,iOS,Variant_B,2026-07-29
665,Referral,Tier 2,Android,Control,2026-03-14
666,Google Ads,Tier 1,Android,Control,2026-07-06
667,Paid Social,Tier 1,Android,Control,2026-04-09
668,Paid Social,Tier 1,iOS,Variant_B,2026-06-08
669,Paid Social,Tier 3,iOS,Variant_B,2026-06-24
670,Google Ads,Tier 2,Android,Control,2026-03-02
671,Paid Social,Tier 2,iOS,Control,2026-03-11
672,Referral,Tier 3,Android,Control,2026-06-25
673,Referral,Tier 3,iOS,Control,2026-06-24
674,Organic,Tier 1,iOS,Variant_B,2026-03-05
675,Organic,Tier 1,Android,Control,2026-06-01
676,Organic,Tier 2,Android,Control,2026-05-31
677,Referral,Tier 1,iOS,Variant_B,2026-03-27
678,Affiliate,Tier 3,Android,Control,2026-07-31
679,Organic,Tier 1,Android,Variant_B,2026-03-31
680,Organic,Tier 1,iOS,Variant_B,2026-05-21
681,Google Ads,Tier 1,Android,Control,2026-03-28
682,Google Ads,Tier 2,Android,Variant_B,2026-04-24
683,Affiliate,Tier 1,Android,Control,2026-05-03
684,Google Ads,Tier 1,Android,Control,2026-07-26
685,Paid Social,Tier 1,Android,Control,2026-06-08
686,Organic,Tier 1,Android,Control,2026-06-18
687,Affiliate,Tier 2,iOS,Control,2026-05-08
688,Organic,Tier 2,Android,Variant_B,2026-07-24
689,Referral,Tier 3,Android,Variant_B,2026-05-31
690,Referral,Tier 2,Android,Control,2026-03-20
691,Google Ads,Tier 2,Android,Control,2026-03-12
692,Referral,Tier 2,Android,Control,2026-07-04
693,Google Ads,Tier 1,Android,Control,2026-04-20
694,Organic,Tier 3,Android,Variant_B,2026-06-24
695,Referral,Tier 2,Android,Variant_B,2026-06-17
696,Referral,Tier 2,iOS,Control,2026-07-11
697,Organic,Tier 1,Android,Control,2026-03-12
698,Organic,Tier 2,Android,Control,2026-06-21
699,Referral,Tier 1,Android,Variant_B,2026-05-13
700,Affiliate,Tier 1,Android,Variant_B,2026-04-13
701,Google Ads,Tier 1,Android,Control,2026-07-19
702,Organic,Tier 2,Android,Variant_B,2026-06-13
703,Referral,Tier 1,iOS,Variant_B,2026-05-14
704,Affiliate,Tier 1,iOS,Variant_B,2026-03-16
705,Organic,Tier 3,Android,Control,2026-04-20
706,Organic,Tier 1,iOS,Control,2026-05-25
707,Paid Social,Tier 2,Android,Control,2026-03-20
708,Organic,Tier 1,Android,Variant_B,2026-04-03
709,Organic,Tier 3,Android,Variant_B,2026-05-27
710,Google Ads,Tier 1,Android,Control,2026-06-13
711,Referral,Tier 1,Android,Variant_B,2026-07-25
712,Google Ads,Tier 2,Android,Control,2026-04-07
713,Paid Social,Tier 1,iOS,Variant_B,2026-04-14
714,Google Ads,Tier 2,Android,Variant_B,2026-03-24
715,Google Ads,Tier 3,iOS,Control,2026-07-01
716,Referral,Tier 3,Android,Control,2026-03-13
717,Paid Social,Tier 1,iOS,Control,2026-06-12
718,Referral,Tier 1,Android,Control,2026-06-25
719,Google Ads,Tier 1,Android,Control,2026-03-01
720,Organic,Tier 1,Android,Variant_B,2026-03-27
721,Google Ads,Tier 2,Android,Variant_B,2026-04-29
722,Organic,Tier 1,Android,Control,2026-03-04
723,Organic,Tier 2,Android,Variant_B,2026-04-30
724,Referral,Tier 2,Android,Control,2026-05-12
725,Organic,Tier 2,iOS,Variant_B,2026-04-09
726,Organic,Tier 2,iOS,Variant_B,2026-05-04
727,Paid Social,Tier 2,Android,Variant_B,2026-05-15
728,Google Ads,Tier 2,iOS,Control,2026-05-27
729,Google Ads,Tier 1,Android,Variant_B,2026-05-13
730,Organic,Tier 1,iOS,Control,2026-03-28
731,Referral,Tier 2,Android,Control,2026-07-01
732,Referral,Tier 1,iOS,Control,2026-07-05
733,Referral,Tier 1,Android,Control,2026-03-22
734,Organic,Tier 3,Android,Control,2026-03-11
735,Paid Social,Tier 1,Android,Control,2026-03-19
736,Organic,Tier 1,Android,Variant_B,2026-05-14
737,Referral,Tier 2,Android,Control,2026-06-05
738,Referral,Tier 1,Android,Control,2026-07-20
739,Referral,Tier 1,Android,Control,2026-07-25
740,Organic,Tier 1,Android,Control,2026-07-23
741,Google Ads,Tier 3,iOS,Variant_B,2026-05-23
742,Organic,Tier 1,Android,Control,2026-04-30
743,Google Ads,Tier 2,Android,Control,2026-04-16
744,Referral,Tier 1,iOS,Variant_B,2026-07-20
745,Affiliate,Tier 2,iOS,Control,2026-04-21
746,Paid Social,Tier 2,Android,Control,2026-03-15
747,Affiliate,Tier 2,iOS,Control,2026-04-23
748,Organic,Tier 2,Android,Variant_B,2026-07-14
749,Organic,Tier 2,Android,Control,2026-05-15
750,Organic,Tier 1,Android,Control,2026-06-02
751,Organic,Tier 3,Android,Variant_B,2026-06-08
752,Organic,Tier 3,Android,Control,2026-04-09
753,Google Ads,Tier 3,Android,Control,2026-04-26
754,Paid Social,Tier 1,Android,Control,2026-07-10
755,Organic,Tier 1,Android,Variant_B,2026-06-23
756,Affiliate,Tier 3,Android,Variant_B,2026-07-04
757,Paid Social,Tier 3,iOS,Control,2026-06-12
758,Affiliate,Tier 1,Android,Variant_B,2026-06-09
759,Organic,Tier 2,Android,Control,2026-06-30
760,Organic,Tier 1,Android,Control,2026-07-23
761,Affiliate,Tier 2,Android,Variant_B,2026-04-27
762,Affiliate,Tier 2,Android,Control,2026-06-23
763,Referral,Tier 2,Android,Variant_B,2026-03-25
764,Google Ads,Tier 1,Android,Variant_B,2026-04-07
765,Paid Social,Tier 2,Android,Control,2026-07-17
766,Referral,Tier 1,Android,Variant_B,2026-07-30
767,Google Ads,Tier 2,Android,Control,2026-07-29
768,Organic,Tier 1,iOS,Control,2026-05-25
769,Organic,Tier 1,iOS,Variant_B,2026-07-27
770,Organic,Tier 1,Android,Variant_B,2026-06-10
771,Organic,Tier 1,Android,Variant_B,2026-06-13
772,Organic,Tier 2,Android,Control,2026-06-29
773,Affiliate,Tier 1,Android,Variant_B,2026-07-31
774,Referral,Tier 3,iOS,Variant_B,2026-04-17
775,Organic,Tier 3,iOS,Control,2026-05-29
776,Referral,Tier 1,Android,Variant_B,2026-04-15
777,Google Ads,Tier 3,Android,Control,2026-06-17
778,Google Ads,Tier 2,Android,Control,2026-03-31
779,Organic,Tier 2,iOS,Control,2026-03-28
780,Organic,Tier 2,Android,Control,2026-06-19
781,Affiliate,Tier 1,Android,Variant_B,2026-05-05
782,Paid Social,Tier 2,Android,Control,2026-05-15
783,Affiliate,Tier 1,Android,Control,2026-05-08
784,Paid Social,Tier 1,Android,Control,2026-03-27
785,Referral,Tier 1,Android,Control,2026-07-16
786,Referral,Tier 1,Android,Variant_B,2026-07-24
787,Organic,Tier 1,Android,Variant_B,2026-05-04
788,Organic,Tier 2,iOS,Control,2026-04-07
789,Referral,Tier 2,Android,Control,2026-07-02
790,Organic,Tier 1,iOS,Variant_B,2026-07-29
791,Google Ads,Tier 3,iOS,Control,2026-06-23
792,Organic,Tier 1,Android,Variant_B,2026-04-10
793,Google Ads,Tier 1,iOS,Control,2026-06-06
794,Paid Social,Tier 1,Android,Control,2026-03-25
795,Paid Social,Tier 2,Android,Control,2026-04-02
796,Organic,Tier 2,iOS,Control,2026-04-11
797,Google Ads,Tier 1,iOS,Variant_B,2026-03-14
798,Paid Social,Tier 2,Android,Variant_B,2026-03-30
799,Organic,Tier 2,Android,Control,2026-06-30
800,Google Ads,Tier 1,iOS,Control,2026-03-10
801,Organic,Tier 2,Android,Variant_B,2026-04-15
802,Paid Social,Tier 3,iOS,Variant_B,2026-06-12
803,Affiliate,Tier 3,Android,Control,2026-07-05
804,Google Ads,Tier 2,Android,Control,2026-03-26
805,Paid Social,Tier 2,Android,Control,2026-04-06
806,Google Ads,Tier 1,Android,Control,2026-04-13
807,Paid Social,Tier 1,iOS,Control,2026-05-28
808,Organic,Tier 2,Android,Variant_B,2026-03-04
809,Paid Social,Tier 1,Android,Variant_B,2026-07-24
810,Google Ads,Tier 3,iOS,Variant_B,2026-04-02
811,Referral,Tier 1,Android,Variant_B,2026-04-27
812,Google Ads,Tier 1,Android,Variant_B,2026-03-12
813,Paid Social,Tier 3,iOS,Control,2026-04-13
814,Google Ads,Tier 1,Android,Control,2026-05-01
815,Affiliate,Tier 1,iOS,Control,2026-03-18
816,Referral,Tier 1,Android,Variant_B,2026-03-02
817,Affiliate,Tier 2,Android,Variant_B,2026-04-14
818,Affiliate,Tier 3,Android,Control,2026-06-16
819,Google Ads,Tier 2,Android,Control,2026-04-02
820,Paid Social,Tier 2,Android,Control,2026-04-03
821,Referral,Tier 3,Android,Control,2026-06-29
822,Organic,Tier 2,Android,Variant_B,2026-06-12
823,Affiliate,Tier 1,iOS,Variant_B,2026-06-26
824,Paid Social,Tier 2,Android,Variant_B,2026-05-28
825,Referral,Tier 2,iOS,Control,2026-07-15
826,Referral,Tier 2,Android,Variant_B,2026-04-07
827,Organic,Tier 2,Android,Variant_B,2026-07-14
828,Google Ads,Tier 1,Android,Variant_B,2026-05-25
829,Paid Social,Tier 3,Android,Variant_B,2026-07-09
830,Organic,Tier 1,Android,Variant_B,2026-07-26
831,Referral,Tier 1,Android,Control,2026-05-03
832,Organic,Tier 3,Android,Control,2026-04-23
833,Referral,Tier 2,Android,Variant_B,2026-05-06
834,Paid Social,Tier 1,Android,Variant_B,2026-03-16
835,Affiliate,Tier 2,Android,Control,2026-06-21
836,Organic,Tier 1,iOS,Control,2026-04-25
837,Google Ads,Tier 3,Android,Control,2026-04-07
838,Affiliate,Tier 1,Android,Variant_B,2026-03-31
839,Google Ads,Tier 1,Android,Control,2026-07-04
840,Google Ads,Tier 2,Android,Variant_B,2026-06-22
841,Organic,Tier 2,Android,Control,2026-04-17
842,Paid Social,Tier 1,Android,Control,2026-03-04
843,Paid Social,Tier 1,iOS,Control,2026-07-26
844,Organic,Tier 1,iOS,Control,2026-03-19
845,Organic,Tier 3,Android,Variant_B,2026-07-18
846,Google Ads,Tier 1,Android,Variant_B,2026-04-16
847,Organic,Tier 3,Android,Variant_B,2026-06-18
848,Organic,Tier 2,Android,Control,2026-03-13
849,Organic,Tier 1,Android,Control,2026-05-18
850,Organic,Tier 1,Android,Variant_B,2026-04-02
851,Organic,Tier 2,iOS,Variant_B,2026-05-26
852,Organic,Tier 2,Android,Control,2026-03-11
853,Paid Social,Tier 1,iOS,Control,2026-07-25
854,Organic,Tier 3,Android,Control,2026-03-09
855,Referral,Tier 3,Android,Variant_B,2026-03-17
856,Referral,Tier 1,Android,Control,2026-04-28
857,Referral,Tier 2,iOS,Control,2026-04-30
858,Google Ads,Tier 3,Android,Variant_B,2026-03-27
859,Google Ads,Tier 1,Android,Control,2026-08-01
860,Organic,Tier 1,Android,Variant_B,2026-04-09
861,Affiliate,Tier 1,Android,Variant_B,2026-03-13
862,Referral,Tier 1,Android,Variant_B,2026-04-08
863,Organic,Tier 1,Android,Variant_B,2026-03-19
864,Organic,Tier 1,Android,Control,2026-04-08
865,Organic,Tier 2,Android,Control,2026-03-12
866,Organic,Tier 1,Android,Control,2026-06-08
867,Google Ads,Tier 3,Android,Control,2026-06-08
868,Organic,Tier 1,Android,Variant_B,2026-04-16
869,Google Ads,Tier 2,Android,Variant_B,2026-07-26
870,Affiliate,Tier 2,Android,Control,2026-07-18
871,Referral,Tier 2,Android,Control,2026-06-24
872,Paid Social,Tier 2,Android,Control,2026-07-17
873,Google Ads,Tier 1,iOS,Variant_B,2026-08-01
874,Organic,Tier 2,iOS,Control,2026-05-08
875,Google Ads,Tier 3,Android,Control,2026-05-30
876,Organic,Tier 1,Android,Control,2026-05-27
877,Google Ads,Tier 2,Android,Variant_B,2026-05-05
878,Organic,Tier 2,Android,Variant_B,2026-05-20
879,Organic,Tier 2,iOS,Control,2026-05-23
880,Google Ads,Tier 1,Android,Control,2026-07-31
881,Paid Social,Tier 1,Android,Control,2026-04-24
882,Organic,Tier 3,iOS,Control,2026-03-29
883,Paid Social,Tier 3,Android,Control,2026-05-09
884,Affiliate,Tier 1,Android,Variant_B,2026-04-30
885,Referral,Tier 1,iOS,Variant_B,2026-07-06
886,Paid Social,Tier 1,Android,Control,2026-03-01
887,Paid Social,Tier 2,Android,Variant_B,2026-03-30
888,Google Ads,Tier 1,Android,Variant_B,2026-04-21
889,Paid Social,Tier 1,iOS,Variant_B,2026-04-17
890,Paid Social,Tier 3,iOS,Control,2026-04-23
891,Google Ads,Tier 2,Android,Variant_B,2026-05-13
892,Google Ads,Tier 3,Android,Control,2026-03-19
893,Paid Social,Tier 2,Android,Control,2026-04-05
894,Referral,Tier 1,Android,Variant_B,2026-07-16
895,Google Ads,Tier 1,Android,Variant_B,2026-05-20
896,Organic,Tier 2,Android,Control,2026-07-28
897,Google Ads,Tier 2,Android,Variant_B,2026-03-16
898,Organic,Tier 2,Android,Control,2026-03-23
899,Organic,Tier 3,Android,Control,2026-06-05
900,Paid Social,Tier 1,Android,Control,2026-04-04
901,Organic,Tier 1,Android,Variant_B,2026-04-04
902,Google Ads,Tier 3,Android,Variant_B,2026-03-29
903,Google Ads,Tier 2,iOS,Control,2026-07-04
904,Paid Social,Tier 1,Android,Control,2026-07-08
905,Referral,Tier 2,Android,Variant_B,2026-04-19
906,Google Ads,Tier 3,Android,Control,2026-04-10
907,Paid Social,Tier 1,Android,Variant_B,2026-03-04
908,Google Ads,Tier 2,Android,Control,2026-03-28
909,Organic,Tier 1,Android,Variant_B,2026-03-26
910,Google Ads,Tier 1,Android,Control,2026-03-09
911,Paid Social,Tier 1,iOS,Control,2026-04-27
912,Organic,Tier 1,Android,Variant_B,2026-07-21
913,Referral,Tier 1,Android,Variant_B,2026-07-28
914,Organic,Tier 2,Android,Variant_B,2026-05-05
915,Paid Social,Tier 2,Android,Control,2026-06-09
916,Referral,Tier 3,iOS,Control,2026-05-11
917,Referral,Tier 1,iOS,Variant_B,2026-06-25
918,Organic,Tier 2,iOS,Variant_B,2026-03-12
919,Google Ads,Tier 1,Android,Variant_B,2026-05-06
920,Google Ads,Tier 1,Android,Control,2026-03-25
921,Organic,Tier 1,iOS,Control,2026-06-14
922,Google Ads,Tier 1,iOS,Control,2026-06-27
923,Organic,Tier 1,iOS,Variant_B,2026-03-03
924,Google Ads,Tier 3,iOS,Variant_B,2026-07-04
925,Affiliate,Tier 1,iOS,Variant_B,2026-06-16
926,Affiliate,Tier 2,iOS,Control,2026-05-10
927,Referral,Tier 1,iOS,Variant_B,2026-07-09
928,Paid Social,Tier 1,Android,Control,2026-05-18
929,Google Ads,Tier 2,iOS,Control,2026-03-23
930,Paid Social,Tier 1,Android,Variant_B,2026-04-11
931,Referral,Tier 2,Android,Control,2026-06-12
932,Paid Social,Tier 2,Android,Control,2026-05-01
933,Organic,Tier 1,Android,Control,2026-07-29
934,Google Ads,Tier 3,iOS,Variant_B,2026-03-26
935,Google Ads,Tier 2,iOS,Variant_B,2026-06-02
936,Affiliate,Tier 1,Android,Control,2026-06-29
937,Paid Social,Tier 1,iOS,Control,2026-04-16
938,Paid Social,Tier 2,Android,Variant_B,2026-03-06
939,Google Ads,Tier 1,Android,Control,2026-05-02
940,Affiliate,Tier 1,Android,Control,2026-03-23
941,Google Ads,Tier 2,Android,Control,2026-05-17
942,Referral,Tier 3,iOS,Variant_B,2026-04-28
943,Affiliate,Tier 1,Android,Control,2026-07-04
944,Referral,Tier 1,iOS,Variant_B,2026-06-29
945,Paid Social,Tier 3,Android,Variant_B,2026-04-11
946,Organic,Tier 1,Android,Variant_B,2026-05-11
947,Google Ads,Tier 3,Android,Variant_B,2026-06-26
948,Paid Social,Tier 1,Android,Variant_B,2026-04-22
949,Affiliate,Tier 2,Android,Control,2026-05-25
950,Organic,Tier 1,Android,Control,2026-06-30
951,Paid Social,Tier 1,iOS,Control,2026-05-01
952,Referral,Tier 2,Android,Variant_B,2026-07-20
953,Google Ads,Tier 2,iOS,Control,2026-03-25
954,Referral,Tier 2,Android,Control,2026-07-21
955,Referral,Tier 1,Android,Variant_B,2026-04-16
956,Referral,Tier 1,Android,Variant_B,2026-05-17
957,Organic,Tier 1,Android,Control,2026-07-28
958,Affiliate,Tier 1,iOS,Control,2026-05-26
959,Referral,Tier 1,iOS,Control,2026-05-28
960,Organic,Tier 1,iOS,Variant_B,2026-04-20
961,Referral,Tier 1,Android,Control,2026-03-07
962,Organic,Tier 2,Android,Variant_B,2026-07-03
963,Referral,Tier 2,iOS,Variant_B,2026-07-17
964,Paid Social,Tier 2,Android,Variant_B,2026-06-28
965,Affiliate,Tier 1,iOS,Variant_B,2026-07-07
966,Referral,Tier 3,Android,Variant_B,2026-06-20
967,Organic,Tier 1,Android,Variant_B,2026-04-13
968,Google Ads,Tier 3,Android,Control,2026-04-17
969,Paid Social,Tier 1,Android,Variant_B,2026-03-29
970,Organic,Tier 3,iOS,Variant_B,2026-05-12
971,Google Ads,Tier 1,Android,Variant_B,2026-04-28
972,Organic,Tier 3,Android,Control,2026-06-27
973,Organic,Tier 1,Android,Variant_B,2026-05-27
974,Organic,Tier 3,Android,Variant_B,2026-07-24
975,Google Ads,Tier 1,Android,Variant_B,2026-03-17
976,Referral,Tier 3,Android,Control,2026-06-26
977,Affiliate,Tier 2,Android,Variant_B,2026-03-23
978,Google Ads,Tier 1,iOS,Control,2026-04-24
979,Google Ads,Tier 1,Android,Variant_B,2026-04-22
980,Paid Social,Tier 1,Android,Control,2026-03-18
981,Referral,Tier 3,iOS,Control,2026-06-30
982,Referral,Tier 1,iOS,Control,2026-07-24
983,Referral,Tier 3,Android,Variant_B,2026-04-13
984,Organic,Tier 2,Android,Variant_B,2026-04-29
985,Google Ads,Tier 1,iOS,Control,2026-04-07
986,Paid Social,Tier 1,Android,Control,2026-06-14
987,Referral,Tier 2,iOS,Variant_B,2026-03-08
988,Organic,Tier 2,Android,Variant_B,2026-04-19
989,Organic,Tier 3,Android,Variant_B,2026-03-16
990,Google Ads,Tier 1,iOS,Control,2026-03-31
991,Referral,Tier 3,Android,Variant_B,2026-05-10
992,Organic,Tier 2,Android,Control,2026-06-14
993,Google Ads,Tier 1,Android,Variant_B,2026-06-11
994,Organic,Tier 1,Android,Control,2026-05-14
995,Paid Social,Tier 1,Android,Variant_B,2026-04-03
996,Affiliate,Tier 1,iOS,Control,2026-06-03
997,Affiliate,Tier 2,Android,Control,2026-05-21
998,Referral,Tier 2,Android,Variant_B,2026-03-25
999,Google Ads,Tier 2,Android,Variant_B,2026-04-02
1000,Affiliate,Tier 1,iOS,Variant_B,2026-07-09
1001,Organic,Tier 2,iOS,Control,2026-07-04
1002,Google Ads,Tier 1,Android,Control,2026-04-23
1003,Google Ads,Tier 1,Android,Control,2026-05-27
1004,Organic,Tier 3,Android,Control,2026-07-17
1005,Organic,Tier 1,Android,Control,2026-06-08
1006,Paid Social,Tier 3,Android,Variant_B,2026-05-15
1007,Affiliate,Tier 1,Android,Control,2026-04-20
1008,Organic,Tier 2,Android,Variant_B,2026-03-02
1009,Referral,Tier 1,iOS,Control,2026-06-09
1010,Google Ads,Tier 2,Android,Control,2026-03-06
1011,Google Ads,Tier 3,Android,Control,2026-03-12
1012,Organic,Tier 2,Android,Variant_B,2026-06-13
1013,Referral,Tier 1,Android,Control,2026-03-02
1014,Referral,Tier 2,Android,Variant_B,2026-06-20
1015,Organic,Tier 2,Android,Variant_B,2026-03-23
1016,Organic,Tier 1,iOS,Variant_B,2026-06-05
1017,Google Ads,Tier 1,Android,Control,2026-04-24
1018,Organic,Tier 3,iOS,Control,2026-04-24
1019,Google Ads,Tier 1,Android,Variant_B,2026-04-04
1020,Paid Social,Tier 3,Android,Variant_B,2026-06-12
1021,Google Ads,Tier 1,Android,Variant_B,2026-07-31
1022,Organic,Tier 3,iOS,Variant_B,2026-08-01
1023,Referral,Tier 1,Android,Variant_B,2026-05-15
1024,Google Ads,Tier 1,Android,Variant_B,2026-07-06
1025,Paid Social,Tier 1,Android,Variant_B,2026-03-18
1026,Organic,Tier 1,Android,Variant_B,2026-04-09
1027,Referral,Tier 1,iOS,Variant_B,2026-07-14
1028,Google Ads,Tier 1,Android,Variant_B,2026-03-05
1029,Google Ads,Tier 3,iOS,Control,2026-06-24
1030,Paid Social,Tier 1,Android,Variant_B,2026-04-09
1031,Google Ads,Tier 1,Android,Variant_B,2026-03-29
1032,Organic,Tier 1,iOS,Control,2026-04-29
1033,Google Ads,Tier 2,Android,Control,2026-05-21
1034,Paid Social,Tier 3,Android,Variant_B,2026-04-19
1035,Affiliate,Tier 1,Android,Control,2026-04-26
1036,Paid Social,Tier 1,Android,Variant_B,2026-06-16
1037,Referral,Tier 1,iOS,Variant_B,2026-04-12
1038,Referral,Tier 2,Android,Control,2026-03-07
1039,Organic,Tier 2,Android,Variant_B,2026-05-23
1040,Referral,Tier 2,Android,Variant_B,2026-03-09
1041,Referral,Tier 2,Android,Variant_B,2026-06-24
1042,Organic,Tier 2,Android,Variant_B,2026-06-18
1043,Organic,Tier 1,Android,Variant_B,2026-07-01
1044,Organic,Tier 3,Android,Variant_B,2026-05-17
1045,Organic,Tier 2,Android,Control,2026-06-17
1046,Paid Social,Tier 2,Android,Variant_B,2026-07-22
1047,Google Ads,Tier 1,Android,Control,2026-07-30
1048,Affiliate,Tier 2,iOS,Control,2026-07-26
1049,Affiliate,Tier 1,iOS,Control,2026-04-05
1050,Affiliate,Tier 1,iOS,Control,2026-04-04
1051,Organic,Tier 1,iOS,Control,2026-06-26
1052,Referral,Tier 1,Android,Control,2026-04-16
1053,Paid Social,Tier 1,Android,Control,2026-07-25
1054,Paid Social,Tier 2,Android,Variant_B,2026-03-24
1055,Organic,Tier 2,Android,Control,2026-03-04
1056,Organic,Tier 2,Android,Variant_B,2026-07-13
1057,Affiliate,Tier 2,Android,Variant_B,2026-04-15
1058,Paid Social,Tier 3,Android,Control,2026-04-02
1059,Organic,Tier 1,Android,Control,2026-04-17
1060,Organic,Tier 1,Android,Variant_B,2026-06-22
1061,Referral,Tier 1,Android,Control,2026-05-31
1062,Organic,Tier 2,iOS,Control,2026-05-03
1063,Google Ads,Tier 1,iOS,Variant_B,2026-06-09
1064,Organic,Tier 2,Android,Variant_B,2026-04-20
1065,Referral,Tier 2,Android,Control,2026-06-27
1066,Organic,Tier 1,Android,Control,2026-05-13
1067,Affiliate,Tier 3,Android,Variant_B,2026-03-03
1068,Paid Social,Tier 2,Android,Variant_B,2026-07-28
1069,Organic,Tier 1,Android,Variant_B,2026-04-25
1070,Paid Social,Tier 2,iOS,Variant_B,2026-07-15
1071,Organic,Tier 1,Android,Control,2026-03-07
1072,Paid Social,Tier 1,Android,Control,2026-04-23
1073,Paid Social,Tier 3,Android,Control,2026-05-14
1074,Organic,Tier 2,Android,Control,2026-06-06
1075,Paid Social,Tier 2,Android,Variant_B,2026-03-20
1076,Organic,Tier 1,Android,Control,2026-04-17
1077,Affiliate,Tier 1,Android,Control,2026-05-09
1078,Organic,Tier 1,Android,Variant_B,2026-06-24
1079,Google Ads,Tier 1,Android,Variant_B,2026-07-04
1080,Referral,Tier 2,Android,Control,2026-07-17
1081,Organic,Tier 1,Android,Variant_B,2026-05-02
1082,Paid Social,Tier 3,Android,Control,2026-04-28
1083,Google Ads,Tier 2,Android,Variant_B,2026-05-04
1084,Paid Social,Tier 2,Android,Variant_B,2026-07-20
1085,Affiliate,Tier 2,Android,Variant_B,2026-03-06
1086,Organic,Tier 3,Android,Variant_B,2026-06-19
1087,Paid Social,Tier 3,Android,Control,2026-05-16
1088,Organic,Tier 1,Android,Variant_B,2026-04-19
1089,Referral,Tier 1,Android,Variant_B,2026-05-12
1090,Affiliate,Tier 1,Android,Control,2026-08-01
1091,Google Ads,Tier 1,Android,Control,2026-06-10
1092,Google Ads,Tier 2,iOS,Control,2026-04-29
1093,Organic,Tier 2,Android,Variant_B,2026-05-30
1094,Organic,Tier 1,Android,Variant_B,2026-05-30
1095,Organic,Tier 2,Android,Control,2026-06-13
1096,Referral,Tier 1,Android,Control,2026-06-09
1097,Google Ads,Tier 2,Android,Variant_B,2026-06-15
1098,Organic,Tier 1,Android,Variant_B,2026-04-19
1099,Paid Social,Tier 2,iOS,Variant_B,2026-04-23
1100,Paid Social,Tier 1,iOS,Variant_B,2026-06-29
1101,Referral,Tier 1,Android,Variant_B,2026-03-29
1102,Affiliate,Tier 2,iOS,Control,2026-05-13
1103,Google Ads,Tier 2,iOS,Variant_B,2026-03-30
1104,Referral,Tier 2,iOS,Variant_B,2026-04-21
1105,Referral,Tier 3,Android,Variant_B,2026-07-06
1106,Google Ads,Tier 1,Android,Variant_B,2026-06-03
1107,Affiliate,Tier 1,iOS,Control,2026-03-20
1108,Organic,Tier 1,Android,Control,2026-07-17
1109,Organic,Tier 1,Android,Variant_B,2026-03-20
1110,Google Ads,Tier 2,Android,Control,2026-07-02
1111,Paid Social,Tier 2,Android,Variant_B,2026-03-08
1112,Referral,Tier 1,Android,Control,2026-07-29
1113,Organic,Tier 1,Android,Variant_B,2026-07-02
1114,Paid Social,Tier 2,iOS,Control,2026-05-05
1115,Paid Social,Tier 3,Android,Control,2026-07-02
1116,Google Ads,Tier 1,Android,Control,2026-04-07
1117,Paid Social,Tier 2,Android,Variant_B,2026-06-12
1118,Referral,Tier 2,Android,Variant_B,2026-04-21
1119,Organic,Tier 1,Android,Control,2026-05-06
1120,Referral,Tier 3,iOS,Control,2026-04-26
1121,Affiliate,Tier 2,Android,Variant_B,2026-06-17
1122,Referral,Tier 1,Android,Variant_B,2026-03-05
1123,Referral,Tier 1,Android,Control,2026-03-01
1124,Affiliate,Tier 1,iOS,Control,2026-04-05
1125,Paid Social,Tier 1,Android,Variant_B,2026-04-05
1126,Paid Social,Tier 2,Android,Variant_B,2026-03-07
1127,Paid Social,Tier 2,Android,Variant_B,2026-06-11
1128,Referral,Tier 1,Android,Control,2026-04-04
1129,Referral,Tier 3,Android,Variant_B,2026-05-29
1130,Referral,Tier 3,Android,Control,2026-04-06
1131,Organic,Tier 1,Android,Variant_B,2026-06-17
1132,Google Ads,Tier 2,Android,Variant_B,2026-07-17
1133,Paid Social,Tier 1,iOS,Control,2026-05-05
1134,Google Ads,Tier 1,iOS,Variant_B,2026-07-11
1135,Referral,Tier 2,Android,Control,2026-05-04
1136,Organic,Tier 1,Android,Control,2026-07-04
1137,Organic,Tier 2,Android,Variant_B,2026-04-28
1138,Referral,Tier 3,iOS,Variant_B,2026-03-29
1139,Google Ads,Tier 1,Android,Variant_B,2026-05-04
1140,Referral,Tier 3,Android,Control,2026-03-22
1141,Organic,Tier 2,Android,Variant_B,2026-03-19
1142,Organic,Tier 1,Android,Control,2026-06-11
1143,Google Ads,Tier 2,Android,Variant_B,2026-04-27
1144,Google Ads,Tier 3,Android,Variant_B,2026-07-02
1145,Organic,Tier 1,Android,Control,2026-06-28
1146,Referral,Tier 1,Android,Control,2026-06-10
1147,Organic,Tier 3,Android,Variant_B,2026-07-12
1148,Google Ads,Tier 1,Android,Control,2026-05-09
1149,Organic,Tier 1,Android,Control,2026-04-30
1150,Referral,Tier 2,Android,Variant_B,2026-07-02
1151,Google Ads,Tier 1,Android,Variant_B,2026-03-02
1152,Referral,Tier 2,iOS,Control,2026-07-28
1153,Paid Social,Tier 2,Android,Control,2026-07-18
1154,Affiliate,Tier 1,iOS,Variant_B,2026-04-15
1155,Paid Social,Tier 2,Android,Control,2026-04-25
1156,Organic,Tier 1,iOS,Control,2026-07-27
1157,Google Ads,Tier 2,Android,Variant_B,2026-07-26
1158,Referral,Tier 1,Android,Variant_B,2026-04-11
1159,Paid Social,Tier 1,iOS,Variant_B,2026-03-27
1160,Organic,Tier 1,iOS,Control,2026-06-16
1161,Google Ads,Tier 1,Android,Control,2026-04-09
1162,Affiliate,Tier 1,Android,Control,2026-05-22
1163,Referral,Tier 1,Android,Control,2026-07-21
1164,Paid Social,Tier 2,Android,Variant_B,2026-04-04
1165,Affiliate,Tier 1,Android,Control,2026-05-09
1166,Referral,Tier 2,Android,Control,2026-06-14
1167,Organic,Tier 3,Android,Control,2026-08-01
1168,Paid Social,Tier 3,Android,Variant_B,2026-03-27
1169,Organic,Tier 2,Android,Control,2026-03-10
1170,Organic,Tier 1,Android,Variant_B,2026-08-01
1171,Referral,Tier 3,iOS,Variant_B,2026-04-02
1172,Google Ads,Tier 1,iOS,Control,2026-07-20
1173,Referral,Tier 2,Android,Variant_B,2026-07-01
1174,Organic,Tier 1,iOS,Variant_B,2026-05-12
1175,Referral,Tier 2,Android,Control,2026-06-13
1176,Paid Social,Tier 1,Android,Variant_B,2026-03-20
1177,Paid Social,Tier 1,Android,Variant_B,2026-05-14
1178,Referral,Tier 3,Android,Variant_B,2026-03-12
1179,Google Ads,Tier 1,Android,Variant_B,2026-03-19
1180,Referral,Tier 1,Android,Variant_B,2026-04-01
1181,Google Ads,Tier 1,iOS,Control,2026-07-16
1182,Affiliate,Tier 1,Android,Variant_B,2026-05-17
1183,Organic,Tier 1,Android,Variant_B,2026-07-25
1184,Organic,Tier 2,iOS,Control,2026-06-21
1185,Organic,Tier 1,Android,Variant_B,2026-05-17
1186,Paid Social,Tier 2,Android,Variant_B,2026-04-04
1187,Google Ads,Tier 3,iOS,Control,2026-06-30
1188,Organic,Tier 1,Android,Control,2026-04-23
1189,Google Ads,Tier 1,Android,Control,2026-03-04
1190,Affiliate,Tier 2,Android,Variant_B,2026-03-20
1191,Paid Social,Tier 1,Android,Variant_B,2026-07-09
1192,Google Ads,Tier 2,Android,Variant_B,2026-08-01
1193,Organic,Tier 2,Android,Variant_B,2026-03-05
1194,Google Ads,Tier 3,Android,Control,2026-07-08
1195,Google Ads,Tier 3,Android,Variant_B,2026-06-14
1196,Google Ads,Tier 2,Android,Control,2026-04-22
1197,Affiliate,Tier 2,Android,Variant_B,2026-07-11
1198,Google Ads,Tier 2,Android,Control,2026-07-15
1199,Google Ads,Tier 1,Android,Control,2026-05-19
1200,Organic,Tier 1,iOS,Variant_B,2026-06-01
1201,Google Ads,Tier 1,iOS,Control,2026-07-21
1202,Affiliate,Tier 2,iOS,Variant_B,2026-03-24
1203,Organic,Tier 1,Android,Control,2026-03-01
1204,Referral,Tier 2,iOS,Control,2026-04-07
1205,Paid Social,Tier 3,Android,Control,2026-04-14
1206,Google Ads,Tier 1,Android,Variant_B,2026-07-14
1207,Paid Social,Tier 3,Android,Control,2026-03-19
1208,Organic,Tier 3,Android,Variant_B,2026-05-02
1209,Google Ads,Tier 1,Android,Variant_B,2026-05-24
1210,Affiliate,Tier 1,iOS,Variant_B,2026-07-07
1211,Google Ads,Tier 2,Android,Control,2026-07-07
1212,Organic,Tier 1,Android,Control,2026-07-05
1213,Affiliate,Tier 1,Android,Control,2026-03-16
1214,Affiliate,Tier 3,iOS,Control,2026-05-10
1215,Organic,Tier 1,Android,Variant_B,2026-04-26
1216,Referral,Tier 1,Android,Variant_B,2026-06-13
1217,Organic,Tier 1,Android,Variant_B,2026-04-25
1218,Paid Social,Tier 1,Android,Control,2026-07-11
1219,Referral,Tier 1,iOS,Variant_B,2026-07-16
1220,Google Ads,Tier 1,Android,Control,2026-06-01
1221,Paid Social,Tier 1,iOS,Variant_B,2026-07-07
1222,Organic,Tier 2,Android,Variant_B,2026-07-03
1223,Google Ads,Tier 2,Android,Variant_B,2026-03-01
1224,Paid Social,Tier 2,Android,Control,2026-03-27
1225,Affiliate,Tier 2,iOS,Variant_B,2026-07-26
1226,Google Ads,Tier 1,iOS,Control,2026-07-19
1227,Referral,Tier 1,Android,Variant_B,2026-04-02
1228,Google Ads,Tier 1,Android,Control,2026-04-20
1229,Referral,Tier 2,Android,Control,2026-03-23
1230,Paid Social,Tier 1,Android,Variant_B,2026-05-21
1231,Organic,Tier 3,Android,Variant_B,2026-03-26
1232,Organic,Tier 2,Android,Variant_B,2026-04-04
1233,Referral,Tier 1,Android,Variant_B,2026-03-17
1234,Organic,Tier 2,Android,Variant_B,2026-07-24
1235,Google Ads,Tier 2,Android,Control,2026-05-16
1236,Organic,Tier 2,Android,Variant_B,2026-04-05
1237,Paid Social,Tier 1,Android,Variant_B,2026-07-25
1238,Organic,Tier 2,Android,Control,2026-03-02
1239,Google Ads,Tier 2,Android,Control,2026-05-26
1240,Organic,Tier 3,Android,Variant_B,2026-04-23
1241,Referral,Tier 1,iOS,Variant_B,2026-05-25
1242,Google Ads,Tier 3,Android,Control,2026-06-25
1243,Referral,Tier 3,iOS,Variant_B,2026-07-01
1244,Organic,Tier 1,iOS,Variant_B,2026-06-09
1245,Referral,Tier 1,Android,Variant_B,2026-06-06
1246,Paid Social,Tier 2,Android,Variant_B,2026-04-06
1247,Google Ads,Tier 3,iOS,Variant_B,2026-07-23
1248,Google Ads,Tier 1,Android,Control,2026-04-18
1249,Referral,Tier 1,Android,Variant_B,2026-06-14
1250,Paid Social,Tier 3,Android,Variant_B,2026-07-19
1251,Paid Social,Tier 1,Android,Control,2026-04-28
1252,Organic,Tier 1,Android,Variant_B,2026-03-09
1253,Google Ads,Tier 2,Android,Variant_B,2026-05-19
1254,Paid Social,Tier 2,Android,Control,2026-03-15
1255,Referral,Tier 2,iOS,Control,2026-06-10
1256,Organic,Tier 1,Android,Variant_B,2026-04-03
1257,Google Ads,Tier 2,Android,Control,2026-03-05
1258,Paid Social,Tier 2,Android,Variant_B,2026-05-16
1259,Referral,Tier 2,Android,Control,2026-05-09
1260,Organic,Tier 1,Android,Control,2026-07-31
1261,Organic,Tier 2,Android,Control,2026-04-16
1262,Google Ads,Tier 2,Android,Variant_B,2026-05-03
1263,Google Ads,Tier 2,Android,Control,2026-05-12
1264,Paid Social,Tier 2,Android,Control,2026-05-25
1265,Organic,Tier 1,Android,Control,2026-06-11
1266,Organic,Tier 2,Android,Variant_B,2026-03-23
1267,Google Ads,Tier 1,Android,Control,2026-06-09
1268,Organic,Tier 2,Android,Variant_B,2026-06-13
1269,Paid Social,Tier 2,Android,Variant_B,2026-06-16
1270,Google Ads,Tier 2,Android,Control,2026-07-16
1271,Google Ads,Tier 2,Android,Variant_B,2026-06-16
1272,Referral,Tier 3,Android,Control,2026-04-19
1273,Google Ads,Tier 1,Android,Variant_B,2026-07-04
1274,Organic,Tier 2,Android,Variant_B,2026-06-18
1275,Organic,Tier 1,Android,Control,2026-04-05
1276,Organic,Tier 1,Android,Variant_B,2026-05-15
1277,Referral,Tier 2,Android,Control,2026-07-24
1278,Referral,Tier 1,Android,Variant_B,2026-04-27
1279,Organic,Tier 1,iOS,Control,2026-06-04
1280,Paid Social,Tier 1,Android,Control,2026-04-16
1281,Paid Social,Tier 2,Android,Variant_B,2026-04-30
1282,Referral,Tier 2,iOS,Control,2026-05-20
1283,Referral,Tier 1,Android,Variant_B,2026-06-13
1284,Paid Social,Tier 2,Android,Variant_B,2026-06-24
1285,Paid Social,Tier 3,Android,Variant_B,2026-04-02
1286,Organic,Tier 2,iOS,Control,2026-03-02
1287,Paid Social,Tier 1,Android,Variant_B,2026-07-09
1288,Referral,Tier 1,Android,Control,2026-03-10
1289,Google Ads,Tier 3,iOS,Variant_B,2026-04-11
1290,Referral,Tier 1,Android,Control,2026-05-09
1291,Paid Social,Tier 2,Android,Control,2026-06-19
1292,Organic,Tier 3,Android,Variant_B,2026-05-17
1293,Organic,Tier 3,Android,Variant_B,2026-03-07
1294,Paid Social,Tier 1,Android,Control,2026-03-29
1295,Google Ads,Tier 2,Android,Variant_B,2026-07-01
1296,Affiliate,Tier 2,Android,Control,2026-04-02
1297,Referral,Tier 1,Android,Variant_B,2026-04-24
1298,Referral,Tier 2,Android,Control,2026-05-27
1299,Paid Social,Tier 2,Android,Control,2026-06-18
1300,Paid Social,Tier 2,Android,Control,2026-06-08
1301,Referral,Tier 3,Android,Variant_B,2026-07-26
1302,Affiliate,Tier 1,Android,Control,2026-04-18
1303,Organic,Tier 1,Android,Control,2026-06-09
1304,Paid Social,Tier 1,Android,Control,2026-07-26
1305,Paid Social,Tier 2,Android,Control,2026-04-13
1306,Google Ads,Tier 1,Android,Control,2026-03-05
1307,Organic,Tier 1,Android,Variant_B,2026-04-02
1308,Paid Social,Tier 1,Android,Variant_B,2026-06-07
1309,Paid Social,Tier 1,Android,Variant_B,2026-04-13
1310,Paid Social,Tier 1,Android,Variant_B,2026-05-09
1311,Google Ads,Tier 1,iOS,Control,2026-05-27
1312,Referral,Tier 1,Android,Variant_B,2026-05-31
1313,Paid Social,Tier 1,Android,Variant_B,2026-08-01
1314,Organic,Tier 2,iOS,Control,2026-03-05
1315,Referral,Tier 1,Android,Control,2026-04-03
1316,Google Ads,Tier 1,Android,Variant_B,2026-07-10
1317,Paid Social,Tier 1,Android,Variant_B,2026-05-10
1318,Affiliate,Tier 1,Android,Variant_B,2026-07-24
1319,Referral,Tier 1,Android,Control,2026-06-05
1320,Organic,Tier 2,Android,Control,2026-07-04
1321,Affiliate,Tier 3,Android,Variant_B,2026-05-20
1322,Paid Social,Tier 2,iOS,Control,2026-03-10
1323,Referral,Tier 2,Android,Variant_B,2026-06-07
1324,Organic,Tier 1,iOS,Control,2026-05-07
1325,Paid Social,Tier 3,Android,Variant_B,2026-03-28
1326,Referral,Tier 1,iOS,Control,2026-03-07
1327,Organic,Tier 2,iOS,Control,2026-03-21
1328,Referral,Tier 1,Android,Variant_B,2026-06-15
1329,Affiliate,Tier 3,Android,Control,2026-06-05
1330,Affiliate,Tier 2,Android,Control,2026-04-06
1331,Google Ads,Tier 2,Android,Variant_B,2026-03-27
1332,Organic,Tier 1,Android,Variant_B,2026-03-08
1333,Google Ads,Tier 3,Android,Variant_B,2026-04-12
1334,Paid Social,Tier 1,Android,Variant_B,2026-06-06
1335,Organic,Tier 1,Android,Control,2026-04-24
1336,Referral,Tier 2,iOS,Variant_B,2026-07-31
1337,Organic,Tier 1,Android,Variant_B,2026-05-07
1338,Organic,Tier 2,Android,Variant_B,2026-06-30
1339,Affiliate,Tier 2,iOS,Variant_B,2026-05-15
1340,Paid Social,Tier 2,Android,Control,2026-05-04
1341,Referral,Tier 1,Android,Variant_B,2026-07-14
1342,Affiliate,Tier 2,Android,Variant_B,2026-05-04
1343,Organic,Tier 3,Android,Control,2026-03-17
1344,Organic,Tier 3,iOS,Variant_B,2026-06-19
1345,Google Ads,Tier 1,Android,Control,2026-04-26
1346,Referral,Tier 3,Android,Control,2026-04-23
1347,Organic,Tier 1,Android,Variant_B,2026-05-15
1348,Referral,Tier 1,Android,Variant_B,2026-06-03
1349,Referral,Tier 3,iOS,Control,2026-05-19
1350,Organic,Tier 2,Android,Variant_B,2026-05-26
1351,Referral,Tier 2,Android,Control,2026-07-27
1352,Affiliate,Tier 2,Android,Control,2026-06-15
1353,Referral,Tier 3,Android,Variant_B,2026-05-13
1354,Paid Social,Tier 2,iOS,Variant_B,2026-06-06
1355,Referral,Tier 1,Android,Variant_B,2026-05-20
1356,Organic,Tier 1,Android,Control,2026-05-22
1357,Referral,Tier 1,Android,Variant_B,2026-05-30
1358,Organic,Tier 1,Android,Variant_B,2026-04-03
1359,Paid Social,Tier 1,Android,Variant_B,2026-06-27
1360,Google Ads,Tier 1,Android,Control,2026-07-28
1361,Paid Social,Tier 1,iOS,Control,2026-07-26
1362,Google Ads,Tier 1,iOS,Variant_B,2026-03-23
1363,Referral,Tier 3,Android,Variant_B,2026-03-03
1364,Google Ads,Tier 2,Android,Control,2026-03-11
1365,Google Ads,Tier 2,Android,Control,2026-04-29
1366,Referral,Tier 2,iOS,Control,2026-07-02
1367,Google Ads,Tier 1,iOS,Control,2026-05-09
1368,Google Ads,Tier 1,iOS,Control,2026-05-20
1369,Affiliate,Tier 3,Android,Variant_B,2026-04-22
1370,Organic,Tier 1,Android,Control,2026-04-16
1371,Paid Social,Tier 3,Android,Variant_B,2026-05-20
1372,Organic,Tier 1,Android,Variant_B,2026-04-30
1373,Google Ads,Tier 1,Android,Variant_B,2026-04-15
1374,Organic,Tier 2,Android,Control,2026-07-06
1375,Paid Social,Tier 1,Android,Control,2026-03-23
1376,Referral,Tier 3,Android,Control,2026-07-28
1377,Organic,Tier 3,iOS,Control,2026-05-01
1378,Referral,Tier 2,Android,Variant_B,2026-06-27
1379,Referral,Tier 1,iOS,Variant_B,2026-05-30
1380,Organic,Tier 2,iOS,Control,2026-07-20
1381,Paid Social,Tier 3,Android,Variant_B,2026-03-24
1382,Google Ads,Tier 1,Android,Control,2026-07-17
1383,Organic,Tier 3,Android,Variant_B,2026-06-29
1384,Paid Social,Tier 2,iOS,Control,2026-07-13
1385,Referral,Tier 2,Android,Control,2026-03-01
1386,Affiliate,Tier 1,Android,Variant_B,2026-05-14
1387,Paid Social,Tier 2,Android,Variant_B,2026-06-01
1388,Google Ads,Tier 2,iOS,Control,2026-06-23
1389,Paid Social,Tier 2,Android,Variant_B,2026-06-20
1390,Referral,Tier 1,Android,Variant_B,2026-06-22
1391,Google Ads,Tier 1,Android,Control,2026-06-10
1392,Organic,Tier 1,iOS,Variant_B,2026-05-05
1393,Paid Social,Tier 1,Android,Control,2026-07-02
1394,Organic,Tier 2,Android,Variant_B,2026-04-10
1395,Paid Social,Tier 1,Android,Control,2026-04-01
1396,Google Ads,Tier 2,Android,Variant_B,2026-07-17
1397,Organic,Tier 2,Android,Control,2026-07-25
1398,Google Ads,Tier 1,Android,Variant_B,2026-07-27
1399,Google Ads,Tier 2,Android,Control,2026-04-02
1400,Paid Social,Tier 2,Android,Variant_B,2026-05-15
1401,Organic,Tier 1,iOS,Variant_B,2026-04-22
1402,Google Ads,Tier 2,Android,Control,2026-06-14
1403,Referral,Tier 2,Android,Variant_B,2026-05-14
1404,Google Ads,Tier 3,Android,Control,2026-07-07
1405,Referral,Tier 1,Android,Control,2026-05-07
1406,Organic,Tier 1,Android,Control,2026-07-08
1407,Organic,Tier 2,Android,Control,2026-04-17
1408,Referral,Tier 1,Android,Control,2026-04-12
1409,Google Ads,Tier 1,iOS,Variant_B,2026-07-15
1410,Google Ads,Tier 2,iOS,Variant_B,2026-03-05
1411,Google Ads,Tier 2,Android,Control,2026-04-23
1412,Organic,Tier 1,iOS,Control,2026-03-09
1413,Organic,Tier 1,Android,Variant_B,2026-07-27
1414,Google Ads,Tier 3,Android,Control,2026-07-25
1415,Organic,Tier 1,Android,Control,2026-03-23
1416,Organic,Tier 2,Android,Variant_B,2026-03-08
1417,Referral,Tier 1,Android,Variant_B,2026-06-22
1418,Organic,Tier 3,Android,Variant_B,2026-07-11
1419,Referral,Tier 1,iOS,Variant_B,2026-07-02
1420,Organic,Tier 3,Android,Variant_B,2026-06-08
1421,Organic,Tier 1,Android,Control,2026-07-10
1422,Google Ads,Tier 2,Android,Control,2026-05-11
1423,Referral,Tier 2,Android,Variant_B,2026-04-20
1424,Referral,Tier 3,iOS,Variant_B,2026-06-01
1425,Organic,Tier 2,Android,Control,2026-03-18
1426,Referral,Tier 2,Android,Variant_B,2026-03-12
1427,Organic,Tier 2,Android,Variant_B,2026-04-02
1428,Google Ads,Tier 3,iOS,Variant_B,2026-04-12
1429,Paid Social,Tier 2,Android,Variant_B,2026-04-25
1430,Paid Social,Tier 2,Android,Variant_B,2026-05-05
1431,Google Ads,Tier 1,iOS,Control,2026-07-02
1432,Google Ads,Tier 1,Android,Control,2026-08-01
1433,Referral,Tier 1,Android,Variant_B,2026-03-09
1434,Organic,Tier 1,Android,Control,2026-03-22
1435,Referral,Tier 1,iOS,Variant_B,2026-03-23
1436,Organic,Tier 2,Android,Variant_B,2026-07-28
1437,Google Ads,Tier 3,Android,Control,2026-05-19
1438,Referral,Tier 2,Android,Variant_B,2026-04-27
1439,Google Ads,Tier 1,iOS,Variant_B,2026-04-20
1440,Paid Social,Tier 1,Android,Variant_B,2026-05-18
1441,Affiliate,Tier 2,iOS,Variant_B,2026-07-30
1442,Affiliate,Tier 3,iOS,Variant_B,2026-05-10
1443,Organic,Tier 1,Android,Variant_B,2026-07-05
1444,Google Ads,Tier 1,Android,Variant_B,2026-05-21
1445,Organic,Tier 3,Android,Variant_B,2026-07-13
1446,Affiliate,Tier 3,Android,Control,2026-06-26
1447,Google Ads,Tier 2,Android,Control,2026-04-21
1448,Paid Social,Tier 2,Android,Variant_B,2026-06-19
1449,Google Ads,Tier 1,Android,Variant_B,2026-03-12
1450,Organic,Tier 3,Android,Variant_B,2026-05-16
1451,Google Ads,Tier 1,Android,Variant_B,2026-03-08
1452,Paid Social,Tier 1,Android,Variant_B,2026-03-22
1453,Google Ads,Tier 2,Android,Control,2026-08-01
1454,Referral,Tier 3,iOS,Control,2026-04-23
1455,Referral,Tier 1,Android,Variant_B,2026-07-11
1456,Referral,Tier 1,iOS,Control,2026-06-08
1457,Paid Social,Tier 3,Android,Variant_B,2026-04-09
1458,Google Ads,Tier 1,Android,Control,2026-03-10
1459,Affiliate,Tier 1,Android,Variant_B,2026-04-25
1460,Paid Social,Tier 2,Android,Variant_B,2026-04-22
1461,Affiliate,Tier 1,iOS,Variant_B,2026-05-23
1462,Affiliate,Tier 2,Android,Control,2026-07-26
1463,Google Ads,Tier 2,iOS,Variant_B,2026-07-07
1464,Organic,Tier 2,Android,Variant_B,2026-06-13
1465,Google Ads,Tier 2,iOS,Variant_B,2026-06-04
1466,Paid Social,Tier 3,Android,Control,2026-07-10
1467,Paid Social,Tier 3,Android,Variant_B,2026-07-24
1468,Referral,Tier 2,Android,Variant_B,2026-07-29
1469,Paid Social,Tier 2,iOS,Control,2026-07-04
1470,Paid Social,Tier 1,Android,Variant_B,2026-06-03
1471,Organic,Tier 3,iOS,Control,2026-04-22
1472,Affiliate,Tier 2,iOS,Variant_B,2026-06-15
1473,Organic,Tier 2,iOS,Control,2026-03-18
1474,Organic,Tier 2,Android,Control,2026-04-17
1475,Organic,Tier 1,Android,Variant_B,2026-05-18
1476,Paid Social,Tier 3,Android,Control,2026-07-24
1477,Organic,Tier 3,Android,Variant_B,2026-06-12
1478,Organic,Tier 3,Android,Control,2026-04-05
1479,Organic,Tier 2,Android,Control,2026-05-08
1480,Referral,Tier 1,Android,Variant_B,2026-06-26
1481,Paid Social,Tier 1,Android,Control,2026-05-04
1482,Google Ads,Tier 2,Android,Control,2026-05-07
1483,Google Ads,Tier 2,Android,Variant_B,2026-06-17
1484,Organic,Tier 3,Android,Control,2026-05-11
1485,Organic,Tier 1,Android,Variant_B,2026-03-25
1486,Organic,Tier 1,Android,Variant_B,2026-05-03
1487,Paid Social,Tier 1,Android,Variant_B,2026-06-20
1488,Google Ads,Tier 2,iOS,Control,2026-06-03
1489,Google Ads,Tier 1,Android,Variant_B,2026-05-24
1490,Google Ads,Tier 1,Android,Variant_B,2026-05-17
1491,Referral,Tier 2,iOS,Control,2026-07-23
1492,Referral,Tier 2,Android,Control,2026-03-08
1493,Google Ads,Tier 2,iOS,Control,2026-06-05
1494,Organic,Tier 2,Android,Control,2026-06-05
1495,Paid Social,Tier 1,Android,Variant_B,2026-04-16
1496,Organic,Tier 1,Android,Control,2026-06-28
1497,Paid Social,Tier 1,Android,Variant_B,2026-04-04
1498,Affiliate,Tier 2,iOS,Control,2026-05-30
1499,Paid Social,Tier 3,iOS,Variant_B,2026-07-19
1500,Paid Social,Tier 2,Android,Variant_B,2026-03-29
1501,Referral,Tier 1,Android,Variant_B,2026-05-04
1502,Organic,Tier 1,Android,Variant_B,2026-07-02
1503,Referral,Tier 2,Android,Control,2026-06-06
1504,Organic,Tier 2,Android,Variant_B,2026-05-08
1505,Google Ads,Tier 3,Android,Variant_B,2026-06-23
1506,Google Ads,Tier 1,iOS,Control,2026-06-07
1507,Paid Social,Tier 3,Android,Control,2026-05-15
1508,Organic,Tier 1,Android,Variant_B,2026-03-22
1509,Organic,Tier 2,Android,Variant_B,2026-06-30
1510,Organic,Tier 1,Android,Control,2026-04-25
1511,Google Ads,Tier 1,Android,Control,2026-07-27
1512,Referral,Tier 2,Android,Variant_B,2026-06-20
1513,Referral,Tier 2,Android,Variant_B,2026-07-18
1514,Organic,Tier 3,Android,Control,2026-03-30
1515,Google Ads,Tier 2,Android,Control,2026-07-16
1516,Referral,Tier 2,Android,Variant_B,2026-06-10
1517,Google Ads,Tier 2,iOS,Variant_B,2026-06-27
1518,Google Ads,Tier 2,Android,Control,2026-04-26
1519,Google Ads,Tier 2,Android,Control,2026-03-21
1520,Google Ads,Tier 1,iOS,Variant_B,2026-07-27
1521,Referral,Tier 1,Android,Variant_B,2026-04-23
1522,Google Ads,Tier 2,Android,Control,2026-04-20
1523,Google Ads,Tier 1,Android,Control,2026-05-01
1524,Affiliate,Tier 2,Android,Control,2026-03-14
1525,Paid Social,Tier 3,iOS,Control,2026-03-07
1526,Referral,Tier 2,Android,Variant_B,2026-05-16
1527,Google Ads,Tier 2,iOS,Control,2026-03-18
1528,Referral,Tier 2,Android,Control,2026-05-18
1529,Google Ads,Tier 1,Android,Variant_B,2026-06-17
1530,Paid Social,Tier 2,Android,Control,2026-07-16
1531,Paid Social,Tier 2,iOS,Control,2026-06-25
1532,Paid Social,Tier 1,Android,Control,2026-07-24
1533,Referral,Tier 1,Android,Control,2026-03-09
1534,Organic,Tier 3,iOS,Variant_B,2026-07-11
1535,Paid Social,Tier 2,Android,Control,2026-04-04
1536,Organic,Tier 1,Android,Control,2026-05-10
1537,Organic,Tier 1,Android,Variant_B,2026-07-06
1538,Organic,Tier 2,Android,Control,2026-05-18
1539,Referral,Tier 1,Android,Control,2026-03-27
1540,Affiliate,Tier 2,Android,Control,2026-05-20
1541,Referral,Tier 1,Android,Variant_B,2026-05-06
1542,Referral,Tier 1,Android,Control,2026-06-13
1543,Paid Social,Tier 2,Android,Variant_B,2026-05-09
1544,Organic,Tier 1,Android,Control,2026-05-29
1545,Google Ads,Tier 3,Android,Variant_B,2026-04-03
1546,Google Ads,Tier 3,Android,Control,2026-07-22
1547,Google Ads,Tier 2,Android,Control,2026-04-05
1548,Google Ads,Tier 1,Android,Variant_B,2026-03-15
1549,Paid Social,Tier 2,iOS,Variant_B,2026-06-25
1550,Organic,Tier 2,Android,Variant_B,2026-05-13
1551,Paid Social,Tier 1,Android,Control,2026-05-11
1552,Organic,Tier 1,Android,Control,2026-05-29
1553,Google Ads,Tier 3,Android,Control,2026-03-10
1554,Organic,Tier 2,Android,Control,2026-07-13
1555,Organic,Tier 1,Android,Control,2026-03-21
1556,Organic,Tier 2,Android,Variant_B,2026-03-14
1557,Organic,Tier 2,Android,Control,2026-04-10
1558,Google Ads,Tier 1,Android,Variant_B,2026-03-04
1559,Google Ads,Tier 1,Android,Control,2026-03-13
1560,Affiliate,Tier 1,Android,Variant_B,2026-03-12
1561,Organic,Tier 2,Android,Control,2026-05-15
1562,Google Ads,Tier 3,Android,Variant_B,2026-06-23
1563,Paid Social,Tier 3,Android,Variant_B,2026-07-23
1564,Google Ads,Tier 2,iOS,Variant_B,2026-07-15
1565,Referral,Tier 1,Android,Control,2026-03-19
1566,Referral,Tier 3,iOS,Control,2026-03-13
1567,Organic,Tier 2,Android,Control,2026-05-25
1568,Organic,Tier 2,Android,Control,2026-03-08
1569,Organic,Tier 3,iOS,Variant_B,2026-05-26
1570,Google Ads,Tier 2,Android,Variant_B,2026-03-09
1571,Google Ads,Tier 1,iOS,Variant_B,2026-05-19
1572,Organic,Tier 1,Android,Control,2026-03-17
1573,Organic,Tier 2,Android,Variant_B,2026-03-19
1574,Referral,Tier 1,iOS,Variant_B,2026-06-08
1575,Paid Social,Tier 1,Android,Control,2026-03-03
1576,Paid Social,Tier 1,iOS,Control,2026-07-31
1577,Organic,Tier 3,Android,Control,2026-04-19
1578,Paid Social,Tier 2,Android,Variant_B,2026-07-12
1579,Paid Social,Tier 2,iOS,Control,2026-04-22
1580,Referral,Tier 2,Android,Variant_B,2026-05-04
1581,Paid Social,Tier 3,iOS,Variant_B,2026-04-05
1582,Organic,Tier 1,Android,Variant_B,2026-04-10
1583,Organic,Tier 3,Android,Control,2026-07-25
1584,Organic,Tier 1,Android,Control,2026-04-30
1585,Affiliate,Tier 1,Android,Control,2026-08-01
1586,Organic,Tier 1,Android,Variant_B,2026-03-07
1587,Affiliate,Tier 1,Android,Variant_B,2026-03-28
1588,Organic,Tier 1,Android,Control,2026-05-08
1589,Paid Social,Tier 1,Android,Control,2026-04-03
1590,Google Ads,Tier 1,iOS,Control,2026-04-07
1591,Google Ads,Tier 2,Android,Variant_B,2026-07-29
1592,Affiliate,Tier 3,Android,Control,2026-05-21
1593,Referral,Tier 1,Android,Variant_B,2026-06-30
1594,Affiliate,Tier 2,iOS,Variant_B,2026-03-17
1595,Referral,Tier 2,iOS,Control,2026-06-23
1596,Paid Social,Tier 2,Android,Control,2026-06-25
1597,Paid Social,Tier 2,Android,Control,2026-04-09
1598,Affiliate,Tier 1,Android,Control,2026-06-19
1599,Referral,Tier 2,Android,Control,2026-04-23
1600,Organic,Tier 1,iOS,Variant_B,2026-08-01
1601,Google Ads,Tier 2,iOS,Control,2026-05-09
1602,Google Ads,Tier 2,Android,Control,2026-06-10
1603,Organic,Tier 1,Android,Control,2026-04-22
1604,Referral,Tier 2,Android,Control,2026-03-24
1605,Organic,Tier 2,Android,Control,2026-03-26
1606,Google Ads,Tier 1,Android,Control,2026-06-28
1607,Referral,Tier 3,Android,Control,2026-05-12
1608,Organic,Tier 1,Android,Variant_B,2026-05-14
1609,Google Ads,Tier 1,Android,Variant_B,2026-03-22
1610,Affiliate,Tier 2,Android,Variant_B,2026-03-11
1611,Organic,Tier 1,iOS,Control,2026-07-06
1612,Google Ads,Tier 1,Android,Control,2026-06-07
1613,Organic,Tier 1,iOS,Variant_B,2026-07-24
1614,Referral,Tier 3,Android,Control,2026-04-11
1615,Paid Social,Tier 2,Android,Variant_B,2026-07-18
1616,Referral,Tier 2,Android,Control,2026-04-01
1617,Affiliate,Tier 1,iOS,Variant_B,2026-07-06
1618,Paid Social,Tier 1,Android,Variant_B,2026-06-28
1619,Referral,Tier 1,Android,Variant_B,2026-04-30
1620,Paid Social,Tier 2,Android,Variant_B,2026-05-03
1621,Organic,Tier 3,Android,Control,2026-05-02
1622,Organic,Tier 2,Android,Variant_B,2026-06-10
1623,Google Ads,Tier 1,iOS,Variant_B,2026-04-22
1624,Affiliate,Tier 1,Android,Variant_B,2026-05-07
1625,Referral,Tier 3,iOS,Control,2026-05-04
1626,Paid Social,Tier 2,Android,Variant_B,2026-06-04
1627,Organic,Tier 1,Android,Control,2026-03-07
1628,Google Ads,Tier 3,Android,Control,2026-03-17
1629,Referral,Tier 2,Android,Variant_B,2026-03-03
1630,Google Ads,Tier 2,Android,Variant_B,2026-03-10
1631,Affiliate,Tier 2,Android,Control,2026-07-04
1632,Paid Social,Tier 1,Android,Control,2026-05-21
1633,Google Ads,Tier 1,Android,Control,2026-05-27
1634,Organic,Tier 1,Android,Variant_B,2026-05-13
1635,Google Ads,Tier 1,Android,Variant_B,2026-05-22
1636,Paid Social,Tier 3,Android,Variant_B,2026-04-09
1637,Organic,Tier 2,Android,Control,2026-04-06
1638,Referral,Tier 1,Android,Control,2026-03-16
1639,Organic,Tier 1,Android,Control,2026-04-22
1640,Organic,Tier 3,Android,Control,2026-07-14
1641,Affiliate,Tier 2,Android,Control,2026-03-09
1642,Google Ads,Tier 2,Android,Control,2026-04-05
1643,Organic,Tier 1,Android,Control,2026-05-16
1644,Organic,Tier 1,Android,Control,2026-06-01
1645,Google Ads,Tier 2,Android,Variant_B,2026-05-15
1646,Google Ads,Tier 1,Android,Control,2026-04-28
1647,Organic,Tier 2,Android,Control,2026-06-07
1648,Paid Social,Tier 1,iOS,Variant_B,2026-07-12
1649,Paid Social,Tier 1,Android,Control,2026-06-08
1650,Google Ads,Tier 3,Android,Variant_B,2026-07-21
1651,Organic,Tier 1,Android,Control,2026-05-06
1652,Organic,Tier 1,Android,Control,2026-04-14
1653,Affiliate,Tier 1,iOS,Control,2026-04-28
1654,Organic,Tier 2,Android,Control,2026-03-04
1655,Referral,Tier 2,Android,Variant_B,2026-07-08
1656,Referral,Tier 2,Android,Control,2026-03-27
1657,Affiliate,Tier 3,Android,Control,2026-05-28
1658,Referral,Tier 1,Android,Variant_B,2026-05-27
1659,Google Ads,Tier 1,Android,Variant_B,2026-07-17
1660,Referral,Tier 1,Android,Variant_B,2026-05-30
1661,Google Ads,Tier 1,iOS,Variant_B,2026-05-21
1662,Google Ads,Tier 2,Android,Control,2026-07-23
1663,Google Ads,Tier 1,iOS,Control,2026-06-07
1664,Referral,Tier 1,Android,Variant_B,2026-03-08
1665,Organic,Tier 1,Android,Variant_B,2026-07-07
1666,Paid Social,Tier 1,Android,Control,2026-07-27
1667,Google Ads,Tier 1,Android,Variant_B,2026-05-04
1668,Paid Social,Tier 3,Android,Variant_B,2026-07-05
1669,Google Ads,Tier 2,Android,Variant_B,2026-03-04
1670,Paid Social,Tier 3,Android,Variant_B,2026-03-04
1671,Referral,Tier 3,Android,Control,2026-07-13
1672,Organic,Tier 1,iOS,Control,2026-04-20
1673,Affiliate,Tier 1,Android,Variant_B,2026-03-05
1674,Organic,Tier 1,iOS,Control,2026-07-20
1675,Google Ads,Tier 2,Android,Control,2026-03-09
1676,Paid Social,Tier 3,Android,Variant_B,2026-05-12
1677,Paid Social,Tier 1,Android,Variant_B,2026-05-20
1678,Organic,Tier 1,Android,Variant_B,2026-05-03
1679,Organic,Tier 3,Android,Variant_B,2026-06-05
1680,Google Ads,Tier 2,Android,Control,2026-05-16
1681,Paid Social,Tier 1,Android,Control,2026-05-26
1682,Referral,Tier 2,Android,Control,2026-07-09
1683,Paid Social,Tier 3,Android,Variant_B,2026-04-17
1684,Organic,Tier 2,Android,Variant_B,2026-05-11
1685,Referral,Tier 1,iOS,Control,2026-03-22
1686,Organic,Tier 1,Android,Variant_B,2026-03-16
1687,Organic,Tier 2,Android,Control,2026-06-29
1688,Google Ads,Tier 1,iOS,Control,2026-03-09
1689,Organic,Tier 3,Android,Variant_B,2026-04-30
1690,Paid Social,Tier 1,Android,Control,2026-04-16
1691,Organic,Tier 2,Android,Variant_B,2026-05-07
1692,Affiliate,Tier 1,iOS,Control,2026-05-28
1693,Google Ads,Tier 1,Android,Control,2026-03-04
1694,Organic,Tier 2,Android,Control,2026-04-16
1695,Affiliate,Tier 1,iOS,Control,2026-03-13
1696,Google Ads,Tier 1,Android,Control,2026-07-03
1697,Referral,Tier 1,Android,Variant_B,2026-04-09
1698,Organic,Tier 2,Android,Control,2026-07-02
1699,Affiliate,Tier 2,Android,Variant_B,2026-04-23
1700,Referral,Tier 3,Android,Control,2026-05-18
1701,Google Ads,Tier 2,Android,Control,2026-07-03
1702,Organic,Tier 3,iOS,Control,2026-04-26
1703,Paid Social,Tier 3,Android,Variant_B,2026-04-21
1704,Google Ads,Tier 2,iOS,Control,2026-05-15
1705,Paid Social,Tier 3,Android,Variant_B,2026-04-24
1706,Paid Social,Tier 2,Android,Variant_B,2026-03-29
1707,Google Ads,Tier 2,Android,Variant_B,2026-06-03
1708,Organic,Tier 2,Android,Control,2026-04-08
1709,Google Ads,Tier 3,Android,Control,2026-06-14
1710,Google Ads,Tier 3,Android,Variant_B,2026-07-09
1711,Google Ads,Tier 3,iOS,Control,2026-07-02
1712,Google Ads,Tier 1,iOS,Control,2026-05-30
1713,Google Ads,Tier 1,Android,Control,2026-06-13
1714,Paid Social,Tier 1,Android,Control,2026-06-21
1715,Google Ads,Tier 2,Android,Variant_B,2026-03-27
1716,Paid Social,Tier 3,Android,Control,2026-07-26
1717,Affiliate,Tier 2,iOS,Control,2026-04-22
1718,Paid Social,Tier 3,Android,Variant_B,2026-03-09
1719,Referral,Tier 1,Android,Control,2026-07-07
1720,Paid Social,Tier 1,iOS,Control,2026-06-13
1721,Paid Social,Tier 1,iOS,Variant_B,2026-07-31
1722,Organic,Tier 1,Android,Control,2026-05-25
1723,Organic,Tier 1,Android,Control,2026-06-10
1724,Referral,Tier 2,Android,Variant_B,2026-05-03
1725,Organic,Tier 3,Android,Control,2026-07-20
1726,Google Ads,Tier 1,iOS,Control,2026-05-27
1727,Organic,Tier 1,Android,Variant_B,2026-07-23
1728,Google Ads,Tier 1,iOS,Control,2026-03-01
1729,Organic,Tier 1,Android,Control,2026-07-14
1730,Organic,Tier 1,Android,Variant_B,2026-06-07
1731,Google Ads,Tier 1,Android,Variant_B,2026-07-10
1732,Paid Social,Tier 1,Android,Control,2026-04-05
1733,Affiliate,Tier 1,Android,Variant_B,2026-03-05
1734,Referral,Tier 2,Android,Control,2026-06-02
1735,Organic,Tier 2,Android,Control,2026-03-25
1736,Paid Social,Tier 1,Android,Variant_B,2026-06-23
1737,Google Ads,Tier 3,Android,Control,2026-05-13
1738,Organic,Tier 3,iOS,Variant_B,2026-06-13
1739,Google Ads,Tier 2,Android,Variant_B,2026-06-14
1740,Paid Social,Tier 2,Android,Control,2026-03-30
1741,Google Ads,Tier 2,Android,Control,2026-03-06
1742,Referral,Tier 2,Android,Control,2026-04-14
1743,Google Ads,Tier 1,iOS,Variant_B,2026-06-17
1744,Affiliate,Tier 2,Android,Variant_B,2026-07-06
1745,Google Ads,Tier 2,Android,Variant_B,2026-03-01
1746,Organic,Tier 3,Android,Control,2026-06-14
1747,Affiliate,Tier 2,Android,Variant_B,2026-06-09
1748,Affiliate,Tier 2,Android,Variant_B,2026-06-30
1749,Google Ads,Tier 2,Android,Control,2026-05-14
1750,Referral,Tier 1,Android,Variant_B,2026-04-15
1751,Organic,Tier 1,Android,Variant_B,2026-06-09
1752,Google Ads,Tier 2,Android,Variant_B,2026-04-20
1753,Affiliate,Tier 2,Android,Variant_B,2026-04-10
1754,Google Ads,Tier 2,Android,Variant_B,2026-06-21
1755,Affiliate,Tier 1,Android,Control,2026-04-25
1756,Affiliate,Tier 1,Android,Control,2026-04-09
1757,Paid Social,Tier 1,Android,Variant_B,2026-03-07
1758,Organic,Tier 2,iOS,Control,2026-03-27
1759,Organic,Tier 2,Android,Control,2026-07-13
1760,Referral,Tier 3,iOS,Variant_B,2026-07-31
1761,Organic,Tier 2,Android,Control,2026-06-23
1762,Google Ads,Tier 3,Android,Variant_B,2026-05-15
1763,Organic,Tier 1,Android,Variant_B,2026-06-22
1764,Organic,Tier 1,Android,Variant_B,2026-04-22
1765,Referral,Tier 1,Android,Control,2026-06-08
1766,Paid Social,Tier 3,Android,Variant_B,2026-04-16
1767,Paid Social,Tier 1,Android,Control,2026-06-21
1768,Paid Social,Tier 1,Android,Control,2026-06-03
1769,Paid Social,Tier 3,Android,Control,2026-07-25
1770,Organic,Tier 1,Android,Variant_B,2026-03-01
1771,Affiliate,Tier 3,iOS,Control,2026-05-14
1772,Referral,Tier 1,Android,Variant_B,2026-04-10
1773,Organic,Tier 2,Android,Variant_B,2026-04-12
1774,Paid Social,Tier 1,iOS,Variant_B,2026-03-09
1775,Organic,Tier 1,Android,Variant_B,2026-07-19
1776,Organic,Tier 1,iOS,Control,2026-05-19
1777,Organic,Tier 2,Android,Variant_B,2026-03-12
1778,Referral,Tier 2,Android,Variant_B,2026-05-23
1779,Organic,Tier 2,iOS,Control,2026-05-27
1780,Paid Social,Tier 1,iOS,Control,2026-06-07
1781,Google Ads,Tier 1,Android,Control,2026-07-03
1782,Google Ads,Tier 2,Android,Control,2026-03-09
1783,Organic,Tier 2,iOS,Variant_B,2026-06-13
1784,Organic,Tier 3,Android,Variant_B,2026-06-06
1785,Affiliate,Tier 2,iOS,Variant_B,2026-07-04
1786,Organic,Tier 3,iOS,Variant_B,2026-05-04
1787,Google Ads,Tier 2,Android,Variant_B,2026-06-18
1788,Referral,Tier 1,Android,Variant_B,2026-03-01
1789,Referral,Tier 1,iOS,Control,2026-03-04
1790,Referral,Tier 1,Android,Variant_B,2026-06-26
1791,Google Ads,Tier 1,Android,Control,2026-05-24
1792,Organic,Tier 1,Android,Control,2026-07-10
1793,Organic,Tier 1,iOS,Control,2026-07-23
1794,Organic,Tier 2,Android,Variant_B,2026-06-10
1795,Paid Social,Tier 3,Android,Control,2026-05-19
1796,Referral,Tier 1,iOS,Variant_B,2026-03-27
1797,Paid Social,Tier 3,Android,Variant_B,2026-06-16
1798,Organic,Tier 1,Android,Control,2026-03-07
1799,Referral,Tier 2,Android,Variant_B,2026-05-05
1800,Referral,Tier 2,Android,Variant_B,2026-06-01
1801,Affiliate,Tier 2,Android,Control,2026-04-23
1802,Google Ads,Tier 1,Android,Control,2026-04-29
1803,Google Ads,Tier 3,Android,Variant_B,2026-04-29
1804,Organic,Tier 2,iOS,Variant_B,2026-06-23
1805,Affiliate,Tier 1,Android,Control,2026-06-11
1806,Organic,Tier 3,Android,Control,2026-03-24
1807,Organic,Tier 1,iOS,Control,2026-07-05
1808,Paid Social,Tier 1,iOS,Variant_B,2026-05-06
1809,Paid Social,Tier 3,Android,Variant_B,2026-04-06
1810,Referral,Tier 1,iOS,Control,2026-06-17
1811,Affiliate,Tier 1,Android,Control,2026-07-05
1812,Affiliate,Tier 3,Android,Control,2026-05-14
1813,Organic,Tier 2,Android,Variant_B,2026-05-12
1814,Organic,Tier 3,iOS,Control,2026-06-30
1815,Paid Social,Tier 3,Android,Control,2026-07-14
1816,Google Ads,Tier 1,Android,Variant_B,2026-04-15
1817,Google Ads,Tier 2,Android,Variant_B,2026-06-18
1818,Affiliate,Tier 1,iOS,Control,2026-03-04
1819,Google Ads,Tier 2,Android,Control,2026-06-10
1820,Organic,Tier 1,Android,Control,2026-04-15
1821,Paid Social,Tier 3,iOS,Variant_B,2026-07-11
1822,Google Ads,Tier 1,Android,Control,2026-07-17
1823,Paid Social,Tier 1,Android,Variant_B,2026-03-08
1824,Google Ads,Tier 1,Android,Control,2026-05-31
1825,Paid Social,Tier 3,Android,Variant_B,2026-07-10
1826,Organic,Tier 1,Android,Variant_B,2026-03-26
1827,Organic,Tier 2,Android,Variant_B,2026-03-03
1828,Affiliate,Tier 3,Android,Control,2026-05-25
1829,Organic,Tier 3,Android,Variant_B,2026-07-17
1830,Affiliate,Tier 1,iOS,Variant_B,2026-03-22
1831,Referral,Tier 1,iOS,Variant_B,2026-03-03
1832,Affiliate,Tier 1,iOS,Control,2026-03-06
1833,Organic,Tier 1,Android,Variant_B,2026-07-14
1834,Google Ads,Tier 2,Android,Control,2026-07-08
1835,Organic,Tier 1,Android,Control,2026-07-06
1836,Organic,Tier 1,iOS,Control,2026-04-10
1837,Paid Social,Tier 1,iOS,Variant_B,2026-07-05
1838,Organic,Tier 2,Android,Variant_B,2026-07-26
1839,Referral,Tier 1,iOS,Variant_B,2026-06-12
1840,Paid Social,Tier 1,Android,Control,2026-07-23
1841,Paid Social,Tier 1,iOS,Variant_B,2026-05-18
1842,Referral,Tier 1,Android,Variant_B,2026-05-21
1843,Affiliate,Tier 1,iOS,Control,2026-03-22
1844,Google Ads,Tier 3,Android,Variant_B,2026-03-07
1845,Affiliate,Tier 2,Android,Control,2026-06-29
1846,Google Ads,Tier 3,Android,Variant_B,2026-06-12
1847,Google Ads,Tier 1,iOS,Variant_B,2026-03-27
1848,Paid Social,Tier 1,Android,Control,2026-04-25
1849,Referral,Tier 1,iOS,Variant_B,2026-05-16
1850,Paid Social,Tier 2,Android,Variant_B,2026-05-31
1851,Organic,Tier 1,Android,Variant_B,2026-05-31
1852,Google Ads,Tier 1,Android,Variant_B,2026-04-07
1853,Referral,Tier 1,Android,Control,2026-06-28
1854,Organic,Tier 2,Android,Control,2026-03-14
1855,Google Ads,Tier 1,iOS,Control,2026-06-25
1856,Organic,Tier 1,Android,Control,2026-05-14
1857,Affiliate,Tier 2,Android,Control,2026-07-06
1858,Organic,Tier 3,iOS,Control,2026-05-14
1859,Organic,Tier 2,Android,Variant_B,2026-06-29
1860,Affiliate,Tier 3,iOS,Variant_B,2026-03-15
1861,Paid Social,Tier 3,Android,Variant_B,2026-03-29
1862,Google Ads,Tier 1,Android,Variant_B,2026-05-14
1863,Affiliate,Tier 1,Android,Variant_B,2026-04-07
1864,Affiliate,Tier 2,Android,Control,2026-03-12
1865,Organic,Tier 1,Android,Variant_B,2026-04-15
1866,Referral,Tier 1,iOS,Variant_B,2026-05-11
1867,Organic,Tier 2,Android,Variant_B,2026-07-04
1868,Paid Social,Tier 3,Android,Control,2026-06-09
1869,Google Ads,Tier 1,Android,Variant_B,2026-05-28
1870,Affiliate,Tier 2,Android,Control,2026-04-03
1871,Google Ads,Tier 2,Android,Variant_B,2026-03-31
1872,Referral,Tier 1,Android,Variant_B,2026-07-10
1873,Affiliate,Tier 1,Android,Control,2026-03-07
1874,Organic,Tier 2,Android,Control,2026-04-10
1875,Organic,Tier 2,iOS,Variant_B,2026-03-19
1876,Google Ads,Tier 1,Android,Variant_B,2026-06-28
1877,Google Ads,Tier 3,Android,Control,2026-05-10
1878,Organic,Tier 1,Android,Control,2026-06-02
1879,Organic,Tier 2,iOS,Variant_B,2026-07-31
1880,Affiliate,Tier 2,Android,Variant_B,2026-06-14
1881,Paid Social,Tier 2,Android,Control,2026-07-05
1882,Organic,Tier 1,Android,Variant_B,2026-06-18
1883,Paid Social,Tier 2,Android,Control,2026-07-13
1884,Affiliate,Tier 1,Android,Control,2026-06-17
1885,Paid Social,Tier 1,Android,Variant_B,2026-07-08
1886,Organic,Tier 1,Android,Variant_B,2026-06-22
1887,Organic,Tier 3,Android,Variant_B,2026-06-15
1888,Referral,Tier 2,Android,Control,2026-04-24
1889,Affiliate,Tier 1,Android,Variant_B,2026-06-08
1890,Organic,Tier 3,Android,Control,2026-03-30
1891,Paid Social,Tier 1,Android,Variant_B,2026-03-27
1892,Organic,Tier 1,Android,Control,2026-07-22
1893,Organic,Tier 1,Android,Control,2026-04-08
1894,Google Ads,Tier 3,Android,Variant_B,2026-05-16
1895,Google Ads,Tier 1,Android,Control,2026-04-03
1896,Organic,Tier 1,Android,Variant_B,2026-06-16
1897,Google Ads,Tier 3,Android,Variant_B,2026-05-27
1898,Affiliate,Tier 2,Android,Control,2026-03-16
1899,Referral,Tier 3,Android,Control,2026-04-28
1900,Organic,Tier 3,Android,Control,2026-03-06
1901,Organic,Tier 2,Android,Variant_B,2026-07-02
1902,Referral,Tier 1,Android,Control,2026-07-09
1903,Referral,Tier 1,Android,Variant_B,2026-06-29
1904,Organic,Tier 2,Android,Control,2026-03-19
1905,Paid Social,Tier 1,Android,Control,2026-06-27
1906,Organic,Tier 1,iOS,Variant_B,2026-03-07
1907,Organic,Tier 2,Android,Variant_B,2026-05-24
1908,Organic,Tier 3,Android,Control,2026-03-26
1909,Paid Social,Tier 1,Android,Variant_B,2026-04-12
1910,Paid Social,Tier 3,iOS,Variant_B,2026-03-26
1911,Google Ads,Tier 1,Android,Variant_B,2026-07-25
1912,Paid Social,Tier 2,Android,Control,2026-03-06
1913,Referral,Tier 1,Android,Control,2026-07-06
1914,Organic,Tier 2,Android,Control,2026-03-07
1915,Paid Social,Tier 3,Android,Variant_B,2026-07-14
1916,Paid Social,Tier 3,Android,Control,2026-05-10
1917,Paid Social,Tier 1,iOS,Variant_B,2026-06-12
1918,Paid Social,Tier 2,Android,Variant_B,2026-06-01
1919,Google Ads,Tier 2,Android,Variant_B,2026-03-22
1920,Paid Social,Tier 2,iOS,Control,2026-07-18
1921,Organic,Tier 3,Android,Control,2026-06-19
1922,Referral,Tier 3,Android,Control,2026-07-24
1923,Referral,Tier 2,Android,Control,2026-05-05
1924,Google Ads,Tier 3,Android,Variant_B,2026-04-08
1925,Organic,Tier 3,Android,Control,2026-06-29
1926,Referral,Tier 1,Android,Control,2026-05-24
1927,Organic,Tier 3,Android,Control,2026-06-18
1928,Organic,Tier 2,Android,Variant_B,2026-07-03
1929,Paid Social,Tier 2,Android,Control,2026-03-09
1930,Organic,Tier 3,iOS,Control,2026-04-24
1931,Google Ads,Tier 3,Android,Variant_B,2026-06-30
1932,Referral,Tier 1,Android,Variant_B,2026-03-26
1933,Google Ads,Tier 2,iOS,Variant_B,2026-06-20
1934,Referral,Tier 2,Android,Variant_B,2026-07-12
1935,Referral,Tier 3,Android,Control,2026-04-21
1936,Affiliate,Tier 1,Android,Control,2026-06-03
1937,Referral,Tier 1,Android,Control,2026-05-16
1938,Google Ads,Tier 1,Android,Control,2026-04-15
1939,Google Ads,Tier 3,Android,Control,2026-07-29
1940,Paid Social,Tier 1,Android,Control,2026-07-22
1941,Affiliate,Tier 2,Android,Control,2026-05-18
1942,Organic,Tier 1,Android,Control,2026-07-19
1943,Affiliate,Tier 1,Android,Control,2026-06-14
1944,Paid Social,Tier 3,iOS,Control,2026-03-19
1945,Organic,Tier 1,Android,Variant_B,2026-05-19
1946,Organic,Tier 1,Android,Variant_B,2026-04-12
1947,Organic,Tier 2,Android,Control,2026-06-12
1948,Paid Social,Tier 3,Android,Variant_B,2026-06-02
1949,Referral,Tier 2,Android,Control,2026-05-29
1950,Organic,Tier 1,Android,Variant_B,2026-06-22
1951,Organic,Tier 1,iOS,Control,2026-07-11
1952,Organic,Tier 1,Android,Control,2026-04-27
1953,Referral,Tier 3,Android,Control,2026-07-31
1954,Google Ads,Tier 1,iOS,Control,2026-07-27
1955,Referral,Tier 2,iOS,Control,2026-06-19
1956,Google Ads,Tier 1,Android,Control,2026-05-12
1957,Google Ads,Tier 3,Android,Variant_B,2026-05-18
1958,Organic,Tier 1,Android,Variant_B,2026-03-16
1959,Organic,Tier 1,Android,Variant_B,2026-03-27
1960,Affiliate,Tier 1,iOS,Control,2026-05-31
1961,Google Ads,Tier 2,Android,Variant_B,2026-03-31
1962,Affiliate,Tier 1,iOS,Control,2026-03-04
1963,Paid Social,Tier 2,iOS,Variant_B,2026-05-29
1964,Referral,Tier 2,Android,Variant_B,2026-04-28
1965,Google Ads,Tier 1,Android,Variant_B,2026-06-07
1966,Paid Social,Tier 2,Android,Control,2026-07-13
1967,Affiliate,Tier 1,Android,Variant_B,2026-06-27
1968,Organic,Tier 1,Android,Control,2026-06-12
1969,Paid Social,Tier 1,Android,Control,2026-05-07
1970,Affiliate,Tier 2,Android,Control,2026-07-12
1971,Paid Social,Tier 2,Android,Control,2026-07-22
1972,Organic,Tier 1,Android,Control,2026-07-27
1973,Referral,Tier 1,Android,Variant_B,2026-06-12
1974,Organic,Tier 2,Android,Control,2026-03-15
1975,Affiliate,Tier 2,iOS,Control,2026-05-10
1976,Organic,Tier 3,iOS,Variant_B,2026-07-06
1977,Organic,Tier 1,Android,Variant_B,2026-05-18
1978,Paid Social,Tier 2,Android,Variant_B,2026-07-30
1979,Google Ads,Tier 1,Android,Variant_B,2026-05-30
1980,Organic,Tier 2,iOS,Variant_B,2026-03-10
1981,Google Ads,Tier 1,Android,Variant_B,2026-03-24
1982,Organic,Tier 2,Android,Variant_B,2026-04-16
1983,Organic,Tier 3,Android,Variant_B,2026-06-02
1984,Referral,Tier 1,Android,Variant_B,2026-06-06
1985,Paid Social,Tier 1,iOS,Variant_B,2026-06-09
1986,Google Ads,Tier 2,Android,Control,2026-05-14
1987,Google Ads,Tier 1,iOS,Control,2026-04-11
1988,Organic,Tier 3,Android,Variant_B,2026-07-31
1989,Paid Social,Tier 1,Android,Variant_B,2026-04-03
1990,Paid Social,Tier 2,Android,Variant_B,2026-06-24
1991,Google Ads,Tier 1,Android,Variant_B,2026-05-07
1992,Referral,Tier 2,Android,Variant_B,2026-04-22
1993,Referral,Tier 1,Android,Variant_B,2026-07-25
1994,Organic,Tier 1,Android,Variant_B,2026-07-08
1995,Paid Social,Tier 3,Android,Variant_B,2026-07-11
1996,Organic,Tier 1,Android,Control,2026-06-26
1997,Organic,Tier 1,Android,Control,2026-05-01
1998,Referral,Tier 1,Android,Variant_B,2026-07-01
1999,Organic,Tier 2,Android,Control,2026-05-01
2000,Organic,Tier 2,Android,Variant_B,2026-05-17
2001,Google Ads,Tier 3,Android,Control,2026-03-07
2002,Paid Social,Tier 1,iOS,Control,2026-07-01
2003,Google Ads,Tier 3,Android,Control,2026-05-01
2004,Paid Social,Tier 2,iOS,Variant_B,2026-05-02
2005,Google Ads,Tier 3,Android,Control,2026-07-09
2006,Paid Social,Tier 3,Android,Variant_B,2026-03-01
2007,Referral,Tier 3,Android,Variant_B,2026-06-25
2008,Organic,Tier 2,Android,Variant_B,2026-05-09
2009,Organic,Tier 1,Android,Control,2026-04-29
2010,Google Ads,Tier 1,Android,Control,2026-03-10
2011,Google Ads,Tier 3,iOS,Control,2026-07-27
2012,Paid Social,Tier 3,iOS,Control,2026-07-23
2013,Referral,Tier 3,Android,Variant_B,2026-06-12
2014,Referral,Tier 1,Android,Variant_B,2026-03-14
2015,Paid Social,Tier 3,Android,Control,2026-03-31
2016,Paid Social,Tier 1,Android,Control,2026-07-18
2017,Organic,Tier 1,iOS,Control,2026-03-16
2018,Google Ads,Tier 1,Android,Control,2026-03-11
2019,Google Ads,Tier 3,Android,Control,2026-03-06
2020,Google Ads,Tier 2,Android,Variant_B,2026-07-14
2021,Referral,Tier 1,Android,Control,2026-03-01
2022,Google Ads,Tier 3,Android,Control,2026-05-06
2023,Google Ads,Tier 2,Android,Variant_B,2026-03-21
2024,Organic,Tier 2,Android,Control,2026-06-24
2025,Referral,Tier 2,Android,Variant_B,2026-05-18
2026,Google Ads,Tier 3,Android,Variant_B,2026-03-08
2027,Affiliate,Tier 2,Android,Control,2026-04-28
2028,Organic,Tier 1,Android,Control,2026-06-20
2029,Paid Social,Tier 2,iOS,Control,2026-05-12
2030,Referral,Tier 2,Android,Variant_B,2026-05-07
2031,Paid Social,Tier 1,Android,Control,2026-05-17
2032,Paid Social,Tier 2,iOS,Control,2026-06-14
2033,Referral,Tier 1,Android,Variant_B,2026-07-15
2034,Organic,Tier 3,iOS,Control,2026-06-08
2035,Google Ads,Tier 3,Android,Control,2026-04-13
2036,Organic,Tier 2,Android,Control,2026-07-16
2037,Referral,Tier 2,Android,Control,2026-06-15
2038,Referral,Tier 1,Android,Control,2026-03-02
2039,Google Ads,Tier 2,Android,Variant_B,2026-04-12
2040,Organic,Tier 2,iOS,Variant_B,2026-05-08
2041,Paid Social,Tier 3,Android,Control,2026-03-05
2042,Affiliate,Tier 2,Android,Variant_B,2026-05-26
2043,Paid Social,Tier 1,Android,Variant_B,2026-05-13
2044,Referral,Tier 3,Android,Control,2026-04-02
2045,Organic,Tier 3,Android,Control,2026-06-09
2046,Affiliate,Tier 2,Android,Control,2026-07-16
2047,Organic,Tier 1,iOS,Variant_B,2026-05-28
2048,Google Ads,Tier 1,Android,Variant_B,2026-07-13
2049,Paid Social,Tier 1,Android,Variant_B,2026-04-04
2050,Google Ads,Tier 2,Android,Variant_B,2026-04-11
2051,Organic,Tier 2,Android,Control,2026-06-21
2052,Organic,Tier 1,Android,Variant_B,2026-05-04
2053,Google Ads,Tier 3,Android,Control,2026-03-08
2054,Google Ads,Tier 1,Android,Control,2026-05-29
2055,Organic,Tier 2,Android,Variant_B,2026-05-23
2056,Organic,Tier 2,Android,Control,2026-06-27
2057,Organic,Tier 2,Android,Control,2026-06-12
2058,Organic,Tier 1,Android,Variant_B,2026-03-12
2059,Referral,Tier 2,Android,Control,2026-04-20
2060,Affiliate,Tier 1,Android,Control,2026-06-12
2061,Referral,Tier 3,Android,Variant_B,2026-05-22
2062,Google Ads,Tier 2,iOS,Control,2026-04-11
2063,Organic,Tier 1,iOS,Control,2026-05-09
2064,Google Ads,Tier 1,Android,Control,2026-05-22
2065,Paid Social,Tier 3,Android,Control,2026-03-01
2066,Paid Social,Tier 2,Android,Variant_B,2026-04-19
2067,Organic,Tier 1,Android,Control,2026-04-17
2068,Organic,Tier 1,Android,Control,2026-07-12
2069,Referral,Tier 2,Android,Control,2026-05-27
2070,Paid Social,Tier 2,Android,Control,2026-07-09
2071,Referral,Tier 1,Android,Variant_B,2026-06-28
2072,Referral,Tier 2,Android,Control,2026-06-03
2073,Referral,Tier 2,iOS,Variant_B,2026-03-13
2074,Google Ads,Tier 1,Android,Control,2026-05-25
2075,Organic,Tier 1,Android,Variant_B,2026-05-14
2076,Referral,Tier 1,Android,Control,2026-03-14
2077,Google Ads,Tier 1,Android,Control,2026-05-15
2078,Affiliate,Tier 1,Android,Control,2026-05-07
2079,Organic,Tier 1,iOS,Variant_B,2026-03-03
2080,Google Ads,Tier 1,Android,Variant_B,2026-04-28
2081,Referral,Tier 2,Android,Variant_B,2026-03-20
2082,Organic,Tier 2,Android,Variant_B,2026-07-11
2083,Organic,Tier 2,Android,Variant_B,2026-06-25
2084,Referral,Tier 1,iOS,Variant_B,2026-03-15
2085,Referral,Tier 2,Android,Variant_B,2026-06-09
2086,Organic,Tier 3,iOS,Variant_B,2026-05-15
2087,Referral,Tier 2,Android,Control,2026-05-06
2088,Paid Social,Tier 2,iOS,Control,2026-03-31
2089,Google Ads,Tier 2,Android,Control,2026-05-23
2090,Organic,Tier 2,iOS,Variant_B,2026-05-12
2091,Referral,Tier 2,Android,Variant_B,2026-03-30
2092,Google Ads,Tier 1,iOS,Variant_B,2026-06-14
2093,Organic,Tier 1,Android,Control,2026-05-17
2094,Google Ads,Tier 2,Android,Control,2026-03-04
2095,Paid Social,Tier 2,iOS,Variant_B,2026-07-20
2096,Organic,Tier 3,Android,Control,2026-05-16
2097,Paid Social,Tier 1,Android,Control,2026-03-20
2098,Paid Social,Tier 2,Android,Control,2026-07-06
2099,Organic,Tier 1,Android,Control,2026-03-15
2100,Organic,Tier 2,Android,Control,2026-05-10
2101,Google Ads,Tier 2,iOS,Variant_B,2026-05-01
2102,Organic,Tier 3,Android,Variant_B,2026-04-02
2103,Affiliate,Tier 1,Android,Variant_B,2026-07-01
2104,Affiliate,Tier 1,Android,Variant_B,2026-06-21
2105,Google Ads,Tier 2,Android,Control,2026-07-11
2106,Paid Social,Tier 2,Android,Variant_B,2026-05-09
2107,Organic,Tier 2,iOS,Variant_B,2026-07-16
2108,Referral,Tier 2,Android,Variant_B,2026-03-27
2109,Referral,Tier 1,Android,Variant_B,2026-07-01
2110,Organic,Tier 3,Android,Variant_B,2026-07-11
2111,Organic,Tier 1,iOS,Variant_B,2026-03-25
2112,Organic,Tier 1,Android,Variant_B,2026-05-22
2113,Referral,Tier 2,Android,Control,2026-04-17
2114,Organic,Tier 1,iOS,Control,2026-06-14
2115,Referral,Tier 2,iOS,Control,2026-07-26
2116,Organic,Tier 3,iOS,Variant_B,2026-05-29
2117,Google Ads,Tier 2,Android,Variant_B,2026-04-24
2118,Google Ads,Tier 1,iOS,Variant_B,2026-07-25
2119,Organic,Tier 2,Android,Control,2026-06-15
2120,Organic,Tier 1,iOS,Variant_B,2026-06-19
2121,Referral,Tier 3,Android,Control,2026-05-16
2122,Referral,Tier 1,Android,Control,2026-04-30
2123,Referral,Tier 2,iOS,Variant_B,2026-07-17
2124,Paid Social,Tier 2,Android,Variant_B,2026-07-20
2125,Organic,Tier 1,Android,Control,2026-05-10
2126,Paid Social,Tier 1,Android,Control,2026-05-09
2127,Affiliate,Tier 1,Android,Control,2026-08-01
2128,Affiliate,Tier 1,Android,Control,2026-04-03
2129,Google Ads,Tier 3,Android,Variant_B,2026-03-26
2130,Organic,Tier 2,Android,Variant_B,2026-05-13
2131,Google Ads,Tier 1,Android,Variant_B,2026-06-26
2132,Organic,Tier 2,Android,Variant_B,2026-04-06
2133,Organic,Tier 3,iOS,Control,2026-06-04
2134,Organic,Tier 3,Android,Control,2026-04-04
2135,Organic,Tier 2,Android,Variant_B,2026-07-23
2136,Organic,Tier 1,Android,Variant_B,2026-05-14
2137,Organic,Tier 3,Android,Control,2026-04-30
2138,Organic,Tier 2,Android,Variant_B,2026-04-29
2139,Paid Social,Tier 1,Android,Variant_B,2026-03-03
2140,Referral,Tier 2,Android,Control,2026-04-09
2141,Referral,Tier 1,Android,Variant_B,2026-04-30
2142,Paid Social,Tier 1,iOS,Control,2026-07-03
2143,Affiliate,Tier 1,iOS,Control,2026-07-06
2144,Organic,Tier 1,iOS,Variant_B,2026-03-11
2145,Paid Social,Tier 1,Android,Variant_B,2026-03-30
2146,Referral,Tier 1,Android,Control,2026-06-10
2147,Referral,Tier 1,Android,Control,2026-05-26
2148,Google Ads,Tier 2,Android,Variant_B,2026-03-09
2149,Paid Social,Tier 1,iOS,Control,2026-06-10
2150,Referral,Tier 2,Android,Variant_B,2026-06-06
2151,Google Ads,Tier 1,Android,Control,2026-04-12
2152,Affiliate,Tier 1,Android,Control,2026-04-15
2153,Paid Social,Tier 3,iOS,Variant_B,2026-03-23
2154,Referral,Tier 1,Android,Variant_B,2026-06-06
2155,Organic,Tier 1,Android,Control,2026-06-24
2156,Google Ads,Tier 2,Android,Control,2026-05-03
2157,Google Ads,Tier 2,Android,Variant_B,2026-03-08
2158,Organic,Tier 2,iOS,Variant_B,2026-04-15
2159,Organic,Tier 1,Android,Control,2026-05-21
2160,Organic,Tier 2,Android,Control,2026-05-27
2161,Referral,Tier 3,Android,Variant_B,2026-03-14
2162,Paid Social,Tier 2,iOS,Variant_B,2026-03-17
2163,Paid Social,Tier 1,Android,Variant_B,2026-04-09
2164,Paid Social,Tier 1,Android,Variant_B,2026-07-17
2165,Paid Social,Tier 2,Android,Control,2026-06-30
2166,Affiliate,Tier 3,Android,Control,2026-05-29
2167,Affiliate,Tier 1,iOS,Variant_B,2026-05-27
2168,Organic,Tier 2,Android,Variant_B,2026-03-31
2169,Organic,Tier 1,iOS,Variant_B,2026-05-09
2170,Google Ads,Tier 1,Android,Control,2026-04-20
2171,Organic,Tier 3,Android,Variant_B,2026-04-29
2172,Affiliate,Tier 1,Android,Variant_B,2026-04-02
2173,Referral,Tier 3,iOS,Control,2026-05-31
2174,Paid Social,Tier 1,Android,Control,2026-06-27
2175,Paid Social,Tier 3,iOS,Variant_B,2026-07-31
2176,Referral,Tier 2,Android,Variant_B,2026-04-30
2177,Paid Social,Tier 1,iOS,Variant_B,2026-07-05
2178,Paid Social,Tier 3,iOS,Control,2026-03-13
2179,Referral,Tier 1,iOS,Variant_B,2026-05-22
2180,Referral,Tier 1,Android,Variant_B,2026-03-23
2181,Organic,Tier 3,Android,Variant_B,2026-06-15
2182,Referral,Tier 2,iOS,Variant_B,2026-03-31
2183,Organic,Tier 1,Android,Variant_B,2026-06-27
2184,Google Ads,Tier 1,Android,Variant_B,2026-05-09
2185,Referral,Tier 2,Android,Variant_B,2026-04-17
2186,Google Ads,Tier 2,Android,Control,2026-07-26
2187,Google Ads,Tier 1,Android,Variant_B,2026-04-27
2188,Organic,Tier 2,iOS,Variant_B,2026-05-19
2189,Referral,Tier 1,Android,Control,2026-07-25
2190,Google Ads,Tier 1,iOS,Control,2026-04-09
2191,Referral,Tier 2,Android,Variant_B,2026-06-10
2192,Affiliate,Tier 3,Android,Variant_B,2026-05-14
2193,Google Ads,Tier 1,Android,Control,2026-05-20
2194,Referral,Tier 1,Android,Variant_B,2026-04-06
2195,Referral,Tier 1,Android,Variant_B,2026-05-10
2196,Referral,Tier 1,Android,Variant_B,2026-05-17
2197,Google Ads,Tier 2,Android,Control,2026-05-07
2198,Paid Social,Tier 3,Android,Control,2026-06-22
2199,Referral,Tier 1,iOS,Variant_B,2026-03-24
2200,Referral,Tier 3,Android,Variant_B,2026-03-06
2201,Referral,Tier 2,Android,Control,2026-05-02
2202,Referral,Tier 2,Android,Control,2026-07-09
2203,Google Ads,Tier 1,Android,Variant_B,2026-07-10
2204,Organic,Tier 1,Android,Variant_B,2026-03-12
2205,Paid Social,Tier 1,Android,Control,2026-05-25
2206,Referral,Tier 2,Android,Control,2026-07-26
2207,Organic,Tier 2,iOS,Variant_B,2026-07-09
2208,Organic,Tier 1,iOS,Variant_B,2026-07-31
2209,Referral,Tier 2,iOS,Variant_B,2026-05-23
2210,Paid Social,Tier 1,Android,Variant_B,2026-07-03
2211,Referral,Tier 1,Android,Control,2026-03-22
2212,Affiliate,Tier 1,Android,Control,2026-05-10
2213,Affiliate,Tier 1,iOS,Control,2026-03-25
2214,Affiliate,Tier 2,Android,Control,2026-07-06
2215,Paid Social,Tier 1,Android,Variant_B,2026-03-26
2216,Referral,Tier 2,Android,Control,2026-05-18
2217,Referral,Tier 3,Android,Control,2026-05-11
2218,Organic,Tier 3,Android,Variant_B,2026-06-21
2219,Paid Social,Tier 2,iOS,Variant_B,2026-04-30
2220,Organic,Tier 1,Android,Control,2026-04-22
2221,Google Ads,Tier 1,Android,Variant_B,2026-05-12
2222,Organic,Tier 1,iOS,Variant_B,2026-06-17
2223,Organic,Tier 2,Android,Control,2026-06-01
2224,Google Ads,Tier 2,iOS,Control,2026-03-18
2225,Paid Social,Tier 2,Android,Variant_B,2026-07-07
2226,Organic,Tier 1,Android,Variant_B,2026-06-04
2227,Referral,Tier 1,Android,Variant_B,2026-07-12
2228,Referral,Tier 3,Android,Variant_B,2026-03-28
2229,Google Ads,Tier 3,Android,Control,2026-05-12
2230,Google Ads,Tier 1,Android,Control,2026-04-16
2231,Organic,Tier 1,Android,Control,2026-03-09
2232,Paid Social,Tier 2,Android,Variant_B,2026-06-14
2233,Paid Social,Tier 1,Android,Variant_B,2026-03-15
2234,Organic,Tier 3,iOS,Control,2026-06-05
2235,Affiliate,Tier 1,Android,Control,2026-04-08
2236,Google Ads,Tier 3,Android,Control,2026-05-23
2237,Organic,Tier 2,iOS,Variant_B,2026-03-01
2238,Google Ads,Tier 1,Android,Control,2026-04-15
2239,Organic,Tier 2,Android,Variant_B,2026-05-16
2240,Referral,Tier 1,iOS,Variant_B,2026-04-25
2241,Organic,Tier 3,Android,Control,2026-04-25
2242,Paid Social,Tier 3,Android,Control,2026-05-29
2243,Referral,Tier 1,Android,Variant_B,2026-06-10
2244,Paid Social,Tier 2,Android,Control,2026-03-29
2245,Google Ads,Tier 1,Android,Control,2026-06-26
2246,Organic,Tier 1,Android,Control,2026-03-26
2247,Organic,Tier 2,iOS,Control,2026-06-14
2248,Organic,Tier 1,iOS,Variant_B,2026-07-23
2249,Referral,Tier 1,iOS,Variant_B,2026-05-28
2250,Google Ads,Tier 1,Android,Variant_B,2026-06-07
2251,Paid Social,Tier 1,iOS,Control,2026-07-24
2252,Affiliate,Tier 2,Android,Control,2026-05-28
2253,Referral,Tier 3,Android,Variant_B,2026-06-11
2254,Google Ads,Tier 3,Android,Control,2026-05-26
2255,Organic,Tier 3,Android,Control,2026-05-24
2256,Paid Social,Tier 1,Android,Variant_B,2026-04-05
2257,Paid Social,Tier 2,Android,Variant_B,2026-05-19
2258,Google Ads,Tier 1,Android,Control,2026-06-21
2259,Referral,Tier 1,Android,Variant_B,2026-07-09
2260,Organic,Tier 1,iOS,Variant_B,2026-03-26
2261,Referral,Tier 2,Android,Variant_B,2026-04-07
2262,Referral,Tier 1,Android,Control,2026-07-30
2263,Organic,Tier 1,Android,Control,2026-06-28
2264,Affiliate,Tier 1,Android,Control,2026-07-03
2265,Paid Social,Tier 2,iOS,Variant_B,2026-06-03
2266,Organic,Tier 2,iOS,Variant_B,2026-04-01
2267,Paid Social,Tier 2,iOS,Variant_B,2026-03-15
2268,Paid Social,Tier 1,Android,Variant_B,2026-06-04
2269,Organic,Tier 3,Android,Variant_B,2026-06-03
2270,Organic,Tier 2,iOS,Variant_B,2026-06-16
2271,Paid Social,Tier 1,iOS,Variant_B,2026-04-21
2272,Organic,Tier 1,Android,Variant_B,2026-06-10
2273,Google Ads,Tier 1,iOS,Variant_B,2026-06-30
2274,Paid Social,Tier 3,Android,Variant_B,2026-05-29
2275,Google Ads,Tier 2,iOS,Variant_B,2026-07-27
2276,Google Ads,Tier 1,Android,Control,2026-04-27
2277,Paid Social,Tier 2,iOS,Variant_B,2026-04-05
2278,Referral,Tier 1,Android,Variant_B,2026-03-14
2279,Referral,Tier 3,Android,Variant_B,2026-05-02
2280,Google Ads,Tier 1,iOS,Variant_B,2026-06-29
2281,Referral,Tier 2,iOS,Control,2026-04-15
2282,Referral,Tier 2,Android,Variant_B,2026-06-09
2283,Referral,Tier 3,Android,Control,2026-07-26
2284,Google Ads,Tier 3,Android,Control,2026-04-02
2285,Referral,Tier 1,Android,Variant_B,2026-05-18
2286,Referral,Tier 3,Android,Variant_B,2026-08-01
2287,Paid Social,Tier 2,Android,Control,2026-06-29
2288,Google Ads,Tier 1,Android,Control,2026-04-26
2289,Organic,Tier 3,Android,Variant_B,2026-06-18
2290,Referral,Tier 2,iOS,Control,2026-04-21
2291,Referral,Tier 3,Android,Control,2026-07-01
2292,Organic,Tier 2,Android,Control,2026-06-05
2293,Organic,Tier 1,Android,Variant_B,2026-07-16
2294,Referral,Tier 1,Android,Control,2026-07-15
2295,Organic,Tier 2,Android,Variant_B,2026-07-07
2296,Organic,Tier 1,Android,Variant_B,2026-05-11
2297,Organic,Tier 1,Android,Variant_B,2026-06-29
2298,Referral,Tier 1,Android,Variant_B,2026-07-13
2299,Paid Social,Tier 2,Android,Variant_B,2026-07-03
2300,Referral,Tier 2,Android,Control,2026-06-18
2301,Paid Social,Tier 2,Android,Variant_B,2026-05-01
2302,Organic,Tier 2,Android,Variant_B,2026-03-16
2303,Google Ads,Tier 3,Android,Variant_B,2026-07-23
2304,Google Ads,Tier 3,Android,Variant_B,2026-05-01
2305,Google Ads,Tier 3,Android,Control,2026-05-06
2306,Affiliate,Tier 2,Android,Variant_B,2026-08-01
2307,Organic,Tier 1,iOS,Variant_B,2026-03-29
2308,Referral,Tier 2,Android,Control,2026-03-20
2309,Organic,Tier 2,iOS,Control,2026-06-04
2310,Referral,Tier 2,iOS,Control,2026-06-15
2311,Google Ads,Tier 2,Android,Control,2026-07-28
2312,Paid Social,Tier 1,Android,Control,2026-04-18
2313,Organic,Tier 2,Android,Variant_B,2026-03-05
2314,Affiliate,Tier 1,Android,Control,2026-04-23
2315,Google Ads,Tier 1,Android,Variant_B,2026-06-04
2316,Google Ads,Tier 1,Android,Variant_B,2026-06-25
2317,Organic,Tier 1,Android,Control,2026-07-31
2318,Organic,Tier 2,Android,Control,2026-06-11
2319,Google Ads,Tier 2,Android,Variant_B,2026-03-25
2320,Organic,Tier 1,Android,Control,2026-07-02
2321,Organic,Tier 1,Android,Variant_B,2026-07-05
2322,Organic,Tier 1,Android,Control,2026-03-23
2323,Google Ads,Tier 1,Android,Variant_B,2026-03-28
2324,Paid Social,Tier 1,iOS,Variant_B,2026-05-23
2325,Referral,Tier 3,Android,Control,2026-06-28
2326,Google Ads,Tier 3,Android,Control,2026-07-31
2327,Organic,Tier 2,Android,Control,2026-03-13
2328,Organic,Tier 1,iOS,Variant_B,2026-05-06
2329,Organic,Tier 1,Android,Variant_B,2026-03-23
2330,Paid Social,Tier 3,Android,Variant_B,2026-07-25
2331,Referral,Tier 2,Android,Variant_B,2026-03-27
2332,Organic,Tier 2,iOS,Variant_B,2026-05-13
2333,Affiliate,Tier 2,Android,Control,2026-06-19
2334,Referral,Tier 3,Android,Control,2026-05-05
2335,Organic,Tier 1,Android,Control,2026-04-04
2336,Google Ads,Tier 1,Android,Variant_B,2026-06-15
2337,Paid Social,Tier 2,iOS,Variant_B,2026-06-20
2338,Referral,Tier 1,Android,Control,2026-05-24
2339,Organic,Tier 3,Android,Variant_B,2026-05-09
2340,Referral,Tier 3,Android,Variant_B,2026-06-20
2341,Google Ads,Tier 1,Android,Variant_B,2026-06-02
2342,Organic,Tier 1,Android,Control,2026-05-05
2343,Affiliate,Tier 2,Android,Variant_B,2026-03-16
2344,Organic,Tier 1,Android,Control,2026-06-25
2345,Google Ads,Tier 1,Android,Control,2026-04-12
2346,Organic,Tier 3,iOS,Control,2026-07-06
2347,Organic,Tier 1,Android,Control,2026-03-07
2348,Referral,Tier 2,Android,Control,2026-05-03
2349,Google Ads,Tier 3,Android,Control,2026-05-05
2350,Paid Social,Tier 1,Android,Control,2026-04-26
2351,Organic,Tier 2,Android,Control,2026-05-08
2352,Paid Social,Tier 2,Android,Variant_B,2026-07-01
2353,Referral,Tier 2,iOS,Control,2026-03-25
2354,Organic,Tier 1,iOS,Control,2026-07-07
2355,Paid Social,Tier 2,iOS,Variant_B,2026-03-12
2356,Affiliate,Tier 2,Android,Control,2026-04-22
2357,Referral,Tier 2,Android,Variant_B,2026-06-13
2358,Organic,Tier 3,Android,Control,2026-04-23
2359,Referral,Tier 1,Android,Control,2026-05-14
2360,Google Ads,Tier 3,Android,Variant_B,2026-05-07
2361,Paid Social,Tier 2,Android,Variant_B,2026-04-15
2362,Referral,Tier 2,Android,Control,2026-06-18
2363,Google Ads,Tier 2,Android,Control,2026-06-19
2364,Referral,Tier 1,Android,Variant_B,2026-03-31
2365,Organic,Tier 2,Android,Variant_B,2026-06-28
2366,Referral,Tier 2,Android,Variant_B,2026-04-29
2367,Referral,Tier 1,Android,Control,2026-04-25
2368,Organic,Tier 1,Android,Variant_B,2026-03-27
2369,Google Ads,Tier 2,Android,Variant_B,2026-04-05
2370,Organic,Tier 1,Android,Variant_B,2026-04-06
2371,Referral,Tier 1,iOS,Control,2026-03-26
2372,Paid Social,Tier 2,iOS,Control,2026-03-31
2373,Organic,Tier 3,Android,Variant_B,2026-07-16
2374,Paid Social,Tier 2,Android,Control,2026-03-03
2375,Paid Social,Tier 1,Android,Variant_B,2026-06-24
2376,Google Ads,Tier 2,Android,Control,2026-07-11
2377,Paid Social,Tier 1,Android,Control,2026-06-06
2378,Google Ads,Tier 2,Android,Variant_B,2026-07-17
2379,Referral,Tier 1,Android,Variant_B,2026-05-23
2380,Organic,Tier 3,Android,Control,2026-07-13
2381,Google Ads,Tier 1,iOS,Control,2026-07-18
2382,Paid Social,Tier 1,Android,Variant_B,2026-07-15
2383,Referral,Tier 2,Android,Variant_B,2026-05-15
2384,Referral,Tier 1,iOS,Variant_B,2026-06-10
2385,Affiliate,Tier 1,Android,Control,2026-05-05
2386,Paid Social,Tier 1,Android,Variant_B,2026-06-09
2387,Referral,Tier 1,Android,Control,2026-04-09
2388,Paid Social,Tier 2,Android,Variant_B,2026-07-14
2389,Paid Social,Tier 1,iOS,Variant_B,2026-03-23
2390,Paid Social,Tier 1,Android,Variant_B,2026-03-20
2391,Organic,Tier 1,Android,Variant_B,2026-05-21
2392,Paid Social,Tier 1,iOS,Variant_B,2026-03-04
2393,Google Ads,Tier 1,iOS,Control,2026-03-22
2394,Referral,Tier 1,Android,Variant_B,2026-07-11
2395,Paid Social,Tier 3,Android,Control,2026-04-06
2396,Paid Social,Tier 2,Android,Control,2026-03-16
2397,Organic,Tier 1,iOS,Control,2026-06-26
2398,Organic,Tier 1,iOS,Variant_B,2026-05-24
2399,Paid Social,Tier 1,Android,Variant_B,2026-07-06
2400,Organic,Tier 2,Android,Control,2026-03-20
2401,Affiliate,Tier 1,iOS,Variant_B,2026-05-05
2402,Paid Social,Tier 3,iOS,Control,2026-04-13
2403,Organic,Tier 3,Android,Variant_B,2026-07-13
2404,Google Ads,Tier 3,Android,Variant_B,2026-07-21
2405,Paid Social,Tier 1,Android,Control,2026-04-30
2406,Google Ads,Tier 3,Android,Control,2026-07-04
2407,Google Ads,Tier 2,Android,Variant_B,2026-05-08
2408,Affiliate,Tier 1,Android,Control,2026-07-27
2409,Organic,Tier 3,iOS,Variant_B,2026-03-02
2410,Organic,Tier 3,Android,Control,2026-05-31
2411,Google Ads,Tier 2,Android,Control,2026-07-03
2412,Organic,Tier 3,Android,Control,2026-05-18
2413,Paid Social,Tier 2,Android,Variant_B,2026-06-14
2414,Organic,Tier 1,Android,Control,2026-03-05
2415,Google Ads,Tier 3,Android,Variant_B,2026-05-07
2416,Paid Social,Tier 2,iOS,Variant_B,2026-03-21
2417,Organic,Tier 1,Android,Control,2026-04-01
2418,Organic,Tier 2,Android,Control,2026-04-25
2419,Affiliate,Tier 2,Android,Variant_B,2026-03-15
2420,Organic,Tier 1,Android,Variant_B,2026-05-10
2421,Organic,Tier 1,Android,Variant_B,2026-05-15
2422,Paid Social,Tier 1,iOS,Control,2026-07-21
2423,Organic,Tier 2,Android,Control,2026-06-05
2424,Google Ads,Tier 1,Android,Control,2026-05-26
2425,Organic,Tier 3,iOS,Control,2026-03-22
2426,Affiliate,Tier 1,iOS,Variant_B,2026-06-22
2427,Organic,Tier 2,iOS,Control,2026-04-05
2428,Organic,Tier 1,iOS,Control,2026-03-31
2429,Referral,Tier 3,Android,Control,2026-04-22
2430,Referral,Tier 1,Android,Control,2026-07-30
2431,Referral,Tier 1,iOS,Control,2026-06-05
2432,Paid Social,Tier 2,iOS,Variant_B,2026-07-16
2433,Google Ads,Tier 1,Android,Control,2026-06-30
2434,Organic,Tier 1,Android,Variant_B,2026-03-24
2435,Google Ads,Tier 3,Android,Variant_B,2026-05-25
2436,Referral,Tier 2,Android,Variant_B,2026-03-01
2437,Referral,Tier 1,Android,Variant_B,2026-03-15
2438,Referral,Tier 1,Android,Variant_B,2026-06-07
2439,Google Ads,Tier 2,Android,Control,2026-05-29
2440,Organic,Tier 1,Android,Variant_B,2026-06-18
2441,Organic,Tier 3,Android,Control,2026-07-12
2442,Organic,Tier 1,Android,Control,2026-04-14
2443,Referral,Tier 1,iOS,Variant_B,2026-06-01
2444,Paid Social,Tier 1,Android,Variant_B,2026-06-24
2445,Organic,Tier 2,iOS,Control,2026-05-19
2446,Organic,Tier 1,Android,Control,2026-07-12
2447,Google Ads,Tier 2,Android,Control,2026-04-10
2448,Organic,Tier 1,Android,Variant_B,2026-07-16
2449,Organic,Tier 1,Android,Variant_B,2026-06-17
2450,Affiliate,Tier 1,Android,Control,2026-03-02
2451,Referral,Tier 2,iOS,Control,2026-07-09
2452,Google Ads,Tier 1,Android,Variant_B,2026-07-04
2453,Organic,Tier 2,Android,Control,2026-06-01
2454,Referral,Tier 2,Android,Control,2026-07-02
2455,Referral,Tier 3,Android,Variant_B,2026-03-30
2456,Google Ads,Tier 2,Android,Variant_B,2026-07-08
2457,Affiliate,Tier 2,Android,Variant_B,2026-07-31
2458,Organic,Tier 2,Android,Variant_B,2026-03-14
2459,Paid Social,Tier 1,Android,Variant_B,2026-04-07
2460,Referral,Tier 3,iOS,Control,2026-06-13
2461,Referral,Tier 1,iOS,Variant_B,2026-07-27
2462,Organic,Tier 3,Android,Variant_B,2026-03-13
2463,Referral,Tier 1,Android,Control,2026-03-16
2464,Affiliate,Tier 3,Android,Control,2026-06-14
2465,Google Ads,Tier 1,Android,Variant_B,2026-05-01
2466,Organic,Tier 2,iOS,Control,2026-03-16
2467,Affiliate,Tier 3,Android,Variant_B,2026-06-14
2468,Google Ads,Tier 2,Android,Control,2026-05-25
2469,Paid Social,Tier 3,Android,Variant_B,2026-04-07
2470,Paid Social,Tier 2,Android,Variant_B,2026-05-28
2471,Google Ads,Tier 2,Android,Control,2026-06-16
2472,Google Ads,Tier 3,iOS,Control,2026-07-20
2473,Organic,Tier 3,iOS,Variant_B,2026-06-29
2474,Organic,Tier 1,Android,Control,2026-04-30
2475,Google Ads,Tier 1,Android,Control,2026-04-04
2476,Paid Social,Tier 2,Android,Variant_B,2026-06-02
2477,Organic,Tier 3,Android,Variant_B,2026-05-28
2478,Organic,Tier 3,Android,Control,2026-04-17
2479,Organic,Tier 3,Android,Variant_B,2026-06-07
2480,Organic,Tier 2,Android,Control,2026-03-15
2481,Paid Social,Tier 1,Android,Control,2026-03-24
2482,Google Ads,Tier 3,Android,Control,2026-03-20
2483,Organic,Tier 3,Android,Variant_B,2026-03-10
2484,Organic,Tier 3,Android,Variant_B,2026-06-08
2485,Referral,Tier 1,iOS,Control,2026-05-18
2486,Google Ads,Tier 1,Android,Variant_B,2026-05-27
2487,Google Ads,Tier 2,Android,Variant_B,2026-07-13
2488,Paid Social,Tier 2,iOS,Variant_B,2026-05-17
2489,Paid Social,Tier 1,iOS,Control,2026-05-25
2490,Google Ads,Tier 1,iOS,Control,2026-06-14
2491,Referral,Tier 3,Android,Control,2026-07-11
2492,Referral,Tier 2,iOS,Variant_B,2026-03-04
2493,Paid Social,Tier 3,iOS,Control,2026-05-08
2494,Paid Social,Tier 2,Android,Variant_B,2026-06-07
2495,Referral,Tier 1,iOS,Control,2026-04-17
2496,Paid Social,Tier 3,Android,Control,2026-03-30
2497,Google Ads,Tier 1,iOS,Variant_B,2026-06-04
2498,Organic,Tier 1,iOS,Variant_B,2026-05-30
2499,Paid Social,Tier 1,Android,Control,2026-03-26
2500,Google Ads,Tier 2,Android,Control,2026-05-15
2501,Paid Social,Tier 2,Android,Variant_B,2026-06-30
2502,Google Ads,Tier 2,Android,Control,2026-07-10
2503,Organic,Tier 2,Android,Control,2026-06-10
2504,Organic,Tier 3,Android,Control,2026-06-28
2505,Organic,Tier 1,Android,Variant_B,2026-04-05
2506,Google Ads,Tier 2,iOS,Variant_B,2026-05-06
2507,Paid Social,Tier 2,Android,Variant_B,2026-06-23
2508,Paid Social,Tier 1,Android,Control,2026-05-19
2509,Paid Social,Tier 2,Android,Variant_B,2026-05-10
2510,Paid Social,Tier 1,Android,Variant_B,2026-05-15
2511,Google Ads,Tier 1,iOS,Control,2026-03-04
2512,Organic,Tier 3,iOS,Control,2026-07-11
2513,Affiliate,Tier 1,Android,Variant_B,2026-06-17
2514,Organic,Tier 2,iOS,Variant_B,2026-06-23
2515,Paid Social,Tier 1,Android,Variant_B,2026-03-14
2516,Paid Social,Tier 1,Android,Variant_B,2026-06-28
2517,Referral,Tier 1,Android,Variant_B,2026-06-26
2518,Organic,Tier 3,Android,Control,2026-06-30
2519,Referral,Tier 2,iOS,Variant_B,2026-04-01
2520,Google Ads,Tier 1,iOS,Control,2026-04-18
2521,Organic,Tier 2,iOS,Variant_B,2026-07-13
2522,Organic,Tier 1,Android,Variant_B,2026-06-26
2523,Referral,Tier 2,Android,Variant_B,2026-05-09
2524,Affiliate,Tier 1,Android,Variant_B,2026-04-13
2525,Google Ads,Tier 3,Android,Control,2026-03-18
2526,Organic,Tier 1,Android,Control,2026-07-17
2527,Organic,Tier 1,iOS,Variant_B,2026-05-24
2528,Organic,Tier 2,Android,Variant_B,2026-07-16
2529,Referral,Tier 2,Android,Control,2026-06-08
2530,Referral,Tier 1,Android,Control,2026-04-23
2531,Organic,Tier 1,Android,Variant_B,2026-03-20
2532,Organic,Tier 2,iOS,Variant_B,2026-07-23
2533,Paid Social,Tier 1,Android,Variant_B,2026-04-13
2534,Affiliate,Tier 1,Android,Variant_B,2026-07-10
2535,Referral,Tier 1,Android,Control,2026-07-21
2536,Paid Social,Tier 1,Android,Variant_B,2026-07-27
2537,Google Ads,Tier 2,Android,Control,2026-05-26
2538,Referral,Tier 1,Android,Control,2026-05-26
2539,Organic,Tier 1,Android,Variant_B,2026-04-08
2540,Paid Social,Tier 1,Android,Variant_B,2026-05-17
2541,Referral,Tier 3,iOS,Control,2026-07-03
2542,Affiliate,Tier 2,Android,Control,2026-07-17
2543,Referral,Tier 3,Android,Control,2026-03-20
2544,Organic,Tier 2,iOS,Variant_B,2026-05-13
2545,Organic,Tier 3,Android,Control,2026-06-28
2546,Google Ads,Tier 2,Android,Control,2026-06-03
2547,Paid Social,Tier 3,Android,Control,2026-04-27
2548,Organic,Tier 1,Android,Variant_B,2026-07-09
2549,Google Ads,Tier 2,iOS,Control,2026-03-03
2550,Paid Social,Tier 1,Android,Variant_B,2026-04-11
2551,Organic,Tier 2,iOS,Variant_B,2026-05-18
2552,Organic,Tier 2,Android,Control,2026-04-26
2553,Paid Social,Tier 2,Android,Control,2026-03-17
2554,Referral,Tier 1,Android,Control,2026-03-02
2555,Affiliate,Tier 2,iOS,Control,2026-04-12
2556,Organic,Tier 2,iOS,Control,2026-07-22
2557,Referral,Tier 2,Android,Variant_B,2026-06-02
2558,Organic,Tier 1,Android,Control,2026-05-17
2559,Organic,Tier 1,Android,Control,2026-07-28
2560,Paid Social,Tier 1,Android,Control,2026-05-05
2561,Google Ads,Tier 1,iOS,Control,2026-07-05
2562,Paid Social,Tier 1,iOS,Variant_B,2026-04-14
2563,Paid Social,Tier 2,Android,Variant_B,2026-04-21
2564,Referral,Tier 2,Android,Control,2026-07-04
2565,Affiliate,Tier 3,iOS,Variant_B,2026-04-02
2566,Google Ads,Tier 1,Android,Control,2026-03-06
2567,Referral,Tier 3,iOS,Control,2026-06-15
2568,Referral,Tier 1,iOS,Control,2026-05-16
2569,Referral,Tier 1,Android,Control,2026-03-21
2570,Organic,Tier 1,iOS,Control,2026-05-31
2571,Organic,Tier 3,Android,Control,2026-05-05
2572,Paid Social,Tier 3,Android,Variant_B,2026-07-20
2573,Referral,Tier 2,Android,Variant_B,2026-03-14
2574,Paid Social,Tier 2,Android,Variant_B,2026-03-27
2575,Referral,Tier 1,Android,Variant_B,2026-05-09
2576,Paid Social,Tier 1,iOS,Variant_B,2026-06-23
2577,Organic,Tier 2,Android,Control,2026-03-12
2578,Paid Social,Tier 1,Android,Variant_B,2026-05-26
2579,Paid Social,Tier 1,iOS,Variant_B,2026-04-09
2580,Organic,Tier 1,iOS,Variant_B,2026-05-09
2581,Referral,Tier 1,Android,Variant_B,2026-07-15
2582,Google Ads,Tier 1,Android,Variant_B,2026-07-03
2583,Referral,Tier 2,Android,Control,2026-06-04
2584,Referral,Tier 1,Android,Variant_B,2026-06-23
2585,Google Ads,Tier 3,Android,Control,2026-06-26
2586,Google Ads,Tier 2,Android,Control,2026-05-29
2587,Paid Social,Tier 1,Android,Control,2026-04-12
2588,Referral,Tier 1,Android,Variant_B,2026-04-15
2589,Paid Social,Tier 3,Android,Variant_B,2026-05-12
2590,Organic,Tier 3,Android,Control,2026-05-12
2591,Google Ads,Tier 2,iOS,Variant_B,2026-04-11
2592,Google Ads,Tier 2,iOS,Variant_B,2026-04-29
2593,Affiliate,Tier 3,iOS,Control,2026-06-09
2594,Paid Social,Tier 1,Android,Variant_B,2026-06-08
2595,Google Ads,Tier 1,Android,Control,2026-03-08
2596,Organic,Tier 1,iOS,Variant_B,2026-03-02
2597,Organic,Tier 2,Android,Variant_B,2026-03-21
2598,Referral,Tier 2,Android,Variant_B,2026-07-27
2599,Affiliate,Tier 2,Android,Control,2026-06-12
2600,Google Ads,Tier 3,Android,Control,2026-04-30
2601,Paid Social,Tier 2,Android,Variant_B,2026-07-12
2602,Google Ads,Tier 2,iOS,Variant_B,2026-05-16
2603,Referral,Tier 2,Android,Control,2026-06-04
2604,Referral,Tier 1,Android,Control,2026-07-30
2605,Google Ads,Tier 3,Android,Variant_B,2026-03-12
2606,Paid Social,Tier 1,iOS,Control,2026-06-17
2607,Referral,Tier 1,Android,Control,2026-05-17
2608,Paid Social,Tier 1,iOS,Control,2026-03-11
2609,Google Ads,Tier 1,Android,Control,2026-04-11
2610,Referral,Tier 1,Android,Control,2026-04-19
2611,Google Ads,Tier 3,Android,Variant_B,2026-03-10
2612,Referral,Tier 3,Android,Control,2026-07-07
2613,Google Ads,Tier 3,Android,Control,2026-07-24
2614,Organic,Tier 1,iOS,Control,2026-04-24
2615,Paid Social,Tier 1,Android,Control,2026-05-11
2616,Organic,Tier 2,Android,Control,2026-03-29
2617,Paid Social,Tier 2,Android,Control,2026-04-14
2618,Google Ads,Tier 1,Android,Control,2026-05-27
2619,Google Ads,Tier 3,Android,Control,2026-05-17
2620,Organic,Tier 1,iOS,Variant_B,2026-06-28
2621,Google Ads,Tier 2,Android,Control,2026-05-01
2622,Organic,Tier 3,Android,Control,2026-04-06
2623,Affiliate,Tier 2,Android,Variant_B,2026-05-30
2624,Organic,Tier 1,Android,Control,2026-06-09
2625,Organic,Tier 3,Android,Variant_B,2026-04-15
2626,Referral,Tier 2,Android,Variant_B,2026-03-24
2627,Organic,Tier 1,Android,Control,2026-06-29
2628,Referral,Tier 3,Android,Variant_B,2026-06-15
2629,Organic,Tier 1,Android,Control,2026-04-28
2630,Paid Social,Tier 3,Android,Variant_B,2026-05-14
2631,Organic,Tier 3,Android,Control,2026-06-02
2632,Google Ads,Tier 1,Android,Control,2026-07-28
2633,Paid Social,Tier 2,Android,Variant_B,2026-05-27
2634,Affiliate,Tier 1,iOS,Variant_B,2026-08-01
2635,Organic,Tier 1,iOS,Variant_B,2026-05-02
2636,Google Ads,Tier 1,Android,Variant_B,2026-06-21
2637,Referral,Tier 2,iOS,Variant_B,2026-03-26
2638,Google Ads,Tier 3,Android,Control,2026-07-18
2639,Paid Social,Tier 2,Android,Variant_B,2026-04-02
2640,Paid Social,Tier 3,Android,Variant_B,2026-03-18
2641,Google Ads,Tier 1,Android,Control,2026-04-20
2642,Google Ads,Tier 2,Android,Variant_B,2026-05-16
2643,Affiliate,Tier 1,Android,Variant_B,2026-07-24
2644,Paid Social,Tier 1,Android,Control,2026-05-03
2645,Organic,Tier 2,Android,Control,2026-06-16
2646,Affiliate,Tier 1,Android,Control,2026-06-13
2647,Organic,Tier 2,Android,Variant_B,2026-06-24
2648,Organic,Tier 1,Android,Variant_B,2026-05-04
2649,Google Ads,Tier 1,Android,Variant_B,2026-03-14
2650,Affiliate,Tier 3,iOS,Control,2026-07-20
2651,Organic,Tier 1,Android,Variant_B,2026-06-28
2652,Affiliate,Tier 2,Android,Variant_B,2026-04-22
2653,Paid Social,Tier 1,iOS,Control,2026-04-03
2654,Organic,Tier 1,Android,Control,2026-07-16
2655,Google Ads,Tier 1,Android,Control,2026-04-04
2656,Affiliate,Tier 3,Android,Variant_B,2026-05-21
2657,Organic,Tier 2,Android,Variant_B,2026-04-24
2658,Paid Social,Tier 3,Android,Variant_B,2026-05-22
2659,Referral,Tier 3,Android,Control,2026-06-10
2660,Paid Social,Tier 2,Android,Control,2026-05-24
2661,Organic,Tier 1,Android,Variant_B,2026-03-05
2662,Google Ads,Tier 2,Android,Variant_B,2026-03-25
2663,Paid Social,Tier 1,Android,Control,2026-05-04
2664,Google Ads,Tier 2,Android,Variant_B,2026-03-09
2665,Paid Social,Tier 3,Android,Control,2026-04-11
2666,Organic,Tier 2,Android,Variant_B,2026-06-27
2667,Affiliate,Tier 2,Android,Variant_B,2026-04-24
2668,Referral,Tier 1,Android,Variant_B,2026-07-28
2669,Paid Social,Tier 1,Android,Variant_B,2026-04-07
2670,Google Ads,Tier 1,Android,Variant_B,2026-06-06
2671,Paid Social,Tier 2,iOS,Control,2026-05-18
2672,Organic,Tier 2,iOS,Control,2026-04-15
2673,Referral,Tier 2,iOS,Control,2026-05-22
2674,Referral,Tier 1,Android,Variant_B,2026-04-10
2675,Paid Social,Tier 2,Android,Variant_B,2026-05-02
2676,Paid Social,Tier 1,Android,Variant_B,2026-03-23
2677,Referral,Tier 2,Android,Control,2026-07-27
2678,Organic,Tier 2,Android,Control,2026-04-11
2679,Affiliate,Tier 1,Android,Variant_B,2026-05-12
2680,Google Ads,Tier 3,Android,Variant_B,2026-05-18
2681,Affiliate,Tier 3,Android,Control,2026-07-29
2682,Referral,Tier 3,Android,Variant_B,2026-04-20
2683,Affiliate,Tier 3,Android,Control,2026-05-28
2684,Google Ads,Tier 1,iOS,Variant_B,2026-07-06
2685,Organic,Tier 3,iOS,Control,2026-06-14
2686,Affiliate,Tier 1,iOS,Control,2026-06-06
2687,Organic,Tier 2,iOS,Control,2026-05-17
2688,Google Ads,Tier 2,iOS,Variant_B,2026-05-31
2689,Referral,Tier 1,iOS,Control,2026-03-05
2690,Organic,Tier 2,Android,Control,2026-07-04
2691,Referral,Tier 1,iOS,Control,2026-04-27
2692,Organic,Tier 1,Android,Control,2026-05-06
2693,Referral,Tier 3,Android,Variant_B,2026-03-22
2694,Organic,Tier 1,Android,Control,2026-07-21
2695,Referral,Tier 2,Android,Control,2026-06-10
2696,Paid Social,Tier 1,iOS,Variant_B,2026-04-17
2697,Affiliate,Tier 3,Android,Control,2026-04-02
2698,Organic,Tier 2,Android,Variant_B,2026-03-30
2699,Organic,Tier 2,Android,Variant_B,2026-04-27
2700,Referral,Tier 2,Android,Control,2026-03-18
2701,Google Ads,Tier 3,Android,Control,2026-04-01
2702,Organic,Tier 1,Android,Variant_B,2026-06-11
2703,Google Ads,Tier 1,Android,Variant_B,2026-06-26
2704,Organic,Tier 2,iOS,Control,2026-04-27
2705,Paid Social,Tier 2,Android,Variant_B,2026-04-01
2706,Referral,Tier 2,iOS,Variant_B,2026-05-13
2707,Organic,Tier 3,iOS,Variant_B,2026-04-08
2708,Referral,Tier 3,Android,Variant_B,2026-06-16
2709,Organic,Tier 1,Android,Variant_B,2026-03-19
2710,Paid Social,Tier 3,Android,Control,2026-03-16
2711,Affiliate,Tier 3,iOS,Variant_B,2026-04-20
2712,Referral,Tier 1,Android,Variant_B,2026-07-20
2713,Affiliate,Tier 3,Android,Variant_B,2026-04-06
2714,Google Ads,Tier 2,Android,Variant_B,2026-05-12
2715,Organic,Tier 1,Android,Variant_B,2026-07-27
2716,Referral,Tier 2,Android,Control,2026-04-12
2717,Organic,Tier 1,Android,Control,2026-06-01
2718,Affiliate,Tier 3,Android,Variant_B,2026-03-02
2719,Referral,Tier 1,Android,Variant_B,2026-06-05
2720,Affiliate,Tier 1,Android,Variant_B,2026-06-25
2721,Google Ads,Tier 2,Android,Control,2026-03-28
2722,Google Ads,Tier 1,Android,Control,2026-04-02
2723,Google Ads,Tier 1,Android,Variant_B,2026-06-07
2724,Organic,Tier 1,Android,Control,2026-05-31
2725,Organic,Tier 2,Android,Variant_B,2026-04-08
2726,Organic,Tier 3,Android,Variant_B,2026-04-02
2727,Referral,Tier 1,Android,Variant_B,2026-07-12
2728,Referral,Tier 1,iOS,Control,2026-05-20
2729,Google Ads,Tier 1,Android,Variant_B,2026-07-25
2730,Organic,Tier 2,Android,Variant_B,2026-04-20
2731,Organic,Tier 2,Android,Control,2026-03-09
2732,Google Ads,Tier 1,iOS,Control,2026-06-01
2733,Paid Social,Tier 1,iOS,Variant_B,2026-07-25
2734,Affiliate,Tier 1,iOS,Variant_B,2026-04-28
2735,Referral,Tier 1,iOS,Variant_B,2026-05-10
2736,Organic,Tier 3,Android,Control,2026-03-16
2737,Google Ads,Tier 1,Android,Variant_B,2026-04-15
2738,Organic,Tier 1,Android,Control,2026-06-08
2739,Organic,Tier 2,Android,Variant_B,2026-07-18
2740,Organic,Tier 2,iOS,Variant_B,2026-07-21
2741,Referral,Tier 1,Android,Variant_B,2026-03-18
2742,Referral,Tier 2,iOS,Variant_B,2026-04-09
2743,Referral,Tier 1,Android,Variant_B,2026-06-07
2744,Paid Social,Tier 2,Android,Control,2026-04-24
2745,Paid Social,Tier 3,iOS,Variant_B,2026-06-09
2746,Organic,Tier 2,Android,Control,2026-07-01
2747,Referral,Tier 2,Android,Variant_B,2026-05-12
2748,Organic,Tier 2,iOS,Variant_B,2026-03-03
2749,Paid Social,Tier 1,Android,Control,2026-06-17
2750,Referral,Tier 2,Android,Control,2026-03-17
2751,Organic,Tier 2,Android,Control,2026-06-11
2752,Paid Social,Tier 1,iOS,Variant_B,2026-05-14
2753,Organic,Tier 1,iOS,Variant_B,2026-03-17
2754,Google Ads,Tier 2,Android,Variant_B,2026-04-13
2755,Google Ads,Tier 2,Android,Control,2026-06-22
2756,Paid Social,Tier 1,Android,Variant_B,2026-03-16
2757,Referral,Tier 1,Android,Control,2026-07-23
2758,Google Ads,Tier 2,iOS,Control,2026-06-18
2759,Referral,Tier 3,Android,Variant_B,2026-06-30
2760,Paid Social,Tier 1,Android,Control,2026-05-08
2761,Referral,Tier 1,iOS,Control,2026-07-18
2762,Referral,Tier 3,Android,Variant_B,2026-07-11
2763,Organic,Tier 3,Android,Variant_B,2026-06-15
2764,Google Ads,Tier 2,Android,Control,2026-06-08
2765,Referral,Tier 3,Android,Control,2026-06-13
2766,Affiliate,Tier 1,Android,Control,2026-06-19
2767,Organic,Tier 2,Android,Control,2026-07-20
2768,Google Ads,Tier 1,Android,Control,2026-05-19
2769,Affiliate,Tier 1,Android,Control,2026-07-28
2770,Affiliate,Tier 1,Android,Variant_B,2026-07-14
2771,Organic,Tier 2,Android,Variant_B,2026-03-10
2772,Paid Social,Tier 1,Android,Variant_B,2026-05-12
2773,Paid Social,Tier 2,Android,Variant_B,2026-07-01
2774,Paid Social,Tier 1,Android,Control,2026-07-05
2775,Referral,Tier 1,iOS,Variant_B,2026-06-22
2776,Paid Social,Tier 1,Android,Control,2026-07-07
2777,Organic,Tier 3,Android,Control,2026-05-30
2778,Google Ads,Tier 1,iOS,Variant_B,2026-03-04
2779,Paid Social,Tier 1,Android,Control,2026-05-22
2780,Affiliate,Tier 1,Android,Variant_B,2026-03-29
2781,Affiliate,Tier 1,Android,Variant_B,2026-04-14
2782,Organic,Tier 2,Android,Variant_B,2026-03-01
2783,Organic,Tier 2,Android,Control,2026-06-01
2784,Paid Social,Tier 2,iOS,Variant_B,2026-07-25
2785,Organic,Tier 2,Android,Variant_B,2026-05-26
2786,Organic,Tier 3,Android,Control,2026-03-28
2787,Paid Social,Tier 1,Android,Control,2026-04-14
2788,Paid Social,Tier 3,Android,Control,2026-06-05
2789,Affiliate,Tier 1,Android,Variant_B,2026-03-16
2790,Affiliate,Tier 3,Android,Control,2026-04-20
2791,Paid Social,Tier 1,Android,Variant_B,2026-04-22
2792,Google Ads,Tier 3,Android,Variant_B,2026-04-11
2793,Referral,Tier 2,Android,Control,2026-05-29
2794,Referral,Tier 1,iOS,Variant_B,2026-04-03
2795,Google Ads,Tier 3,Android,Variant_B,2026-07-08
2796,Organic,Tier 2,Android,Variant_B,2026-03-21
2797,Paid Social,Tier 3,Android,Variant_B,2026-05-07
2798,Affiliate,Tier 2,Android,Control,2026-05-07
2799,Organic,Tier 2,iOS,Variant_B,2026-03-07
2800,Google Ads,Tier 3,iOS,Control,2026-05-07
2801,Referral,Tier 2,Android,Variant_B,2026-05-20
2802,Organic,Tier 1,Android,Control,2026-06-21
2803,Google Ads,Tier 1,Android,Variant_B,2026-04-22
2804,Organic,Tier 1,Android,Variant_B,2026-03-15
2805,Affiliate,Tier 2,iOS,Control,2026-05-22
2806,Affiliate,Tier 1,Android,Variant_B,2026-05-25
2807,Organic,Tier 1,Android,Variant_B,2026-07-22
2808,Referral,Tier 2,iOS,Control,2026-05-30
2809,Paid Social,Tier 1,Android,Variant_B,2026-03-16
2810,Organic,Tier 2,Android,Variant_B,2026-03-21
2811,Google Ads,Tier 1,Android,Control,2026-06-07
2812,Google Ads,Tier 3,Android,Variant_B,2026-07-24
2813,Organic,Tier 2,Android,Variant_B,2026-05-24
2814,Referral,Tier 1,Android,Control,2026-04-13
2815,Organic,Tier 1,Android,Variant_B,2026-05-10
2816,Organic,Tier 3,Android,Control,2026-03-02
2817,Referral,Tier 2,iOS,Variant_B,2026-06-16
2818,Organic,Tier 2,Android,Variant_B,2026-04-21
2819,Google Ads,Tier 1,Android,Variant_B,2026-07-26
2820,Referral,Tier 1,Android,Control,2026-03-25
2821,Paid Social,Tier 3,iOS,Control,2026-04-23
2822,Referral,Tier 3,iOS,Control,2026-04-07
2823,Referral,Tier 3,Android,Control,2026-03-24
2824,Google Ads,Tier 2,Android,Variant_B,2026-03-25
2825,Organic,Tier 3,Android,Variant_B,2026-04-06
2826,Organic,Tier 1,Android,Variant_B,2026-05-29
2827,Organic,Tier 1,Android,Variant_B,2026-05-05
2828,Affiliate,Tier 2,Android,Control,2026-05-01
2829,Organic,Tier 2,Android,Control,2026-06-18
2830,Google Ads,Tier 1,Android,Control,2026-04-03
2831,Organic,Tier 2,Android,Control,2026-03-09
2832,Organic,Tier 2,iOS,Control,2026-05-06
2833,Google Ads,Tier 2,Android,Variant_B,2026-07-14
2834,Organic,Tier 2,iOS,Control,2026-03-03
2835,Organic,Tier 2,Android,Control,2026-03-13
2836,Organic,Tier 1,iOS,Variant_B,2026-04-15
2837,Google Ads,Tier 2,Android,Variant_B,2026-03-08
2838,Referral,Tier 1,Android,Control,2026-05-09
2839,Referral,Tier 1,Android,Variant_B,2026-07-28
2840,Organic,Tier 2,iOS,Variant_B,2026-03-03
2841,Referral,Tier 3,Android,Variant_B,2026-03-06
2842,Referral,Tier 2,iOS,Control,2026-03-13
2843,Affiliate,Tier 2,iOS,Variant_B,2026-04-04
2844,Referral,Tier 1,Android,Variant_B,2026-04-30
2845,Google Ads,Tier 1,Android,Variant_B,2026-07-09
2846,Organic,Tier 1,Android,Control,2026-04-19
2847,Paid Social,Tier 1,iOS,Variant_B,2026-07-31
2848,Google Ads,Tier 3,Android,Variant_B,2026-06-24
2849,Organic,Tier 2,Android,Variant_B,2026-05-06
2850,Organic,Tier 3,Android,Control,2026-06-08
2851,Google Ads,Tier 2,iOS,Control,2026-07-24
2852,Affiliate,Tier 3,Android,Control,2026-07-06
2853,Referral,Tier 3,iOS,Control,2026-07-12
2854,Organic,Tier 2,Android,Control,2026-05-11
2855,Paid Social,Tier 2,iOS,Variant_B,2026-07-07
2856,Google Ads,Tier 2,iOS,Variant_B,2026-05-07
2857,Referral,Tier 2,Android,Variant_B,2026-03-09
2858,Organic,Tier 2,iOS,Control,2026-06-08
2859,Organic,Tier 2,Android,Control,2026-05-16
2860,Organic,Tier 1,Android,Control,2026-07-26
2861,Paid Social,Tier 3,Android,Control,2026-05-12
2862,Google Ads,Tier 3,Android,Variant_B,2026-05-03
2863,Google Ads,Tier 3,Android,Control,2026-03-21
2864,Organic,Tier 2,Android,Control,2026-03-14
2865,Organic,Tier 2,Android,Variant_B,2026-07-19
2866,Google Ads,Tier 2,Android,Control,2026-05-08
2867,Paid Social,Tier 1,iOS,Control,2026-05-27
2868,Paid Social,Tier 2,Android,Control,2026-04-23
2869,Affiliate,Tier 2,Android,Control,2026-03-05
2870,Google Ads,Tier 1,Android,Variant_B,2026-05-27
2871,Paid Social,Tier 1,Android,Variant_B,2026-06-06
2872,Paid Social,Tier 3,Android,Variant_B,2026-06-10
2873,Organic,Tier 2,Android,Variant_B,2026-04-08
2874,Organic,Tier 3,Android,Control,2026-04-28
2875,Referral,Tier 1,Android,Control,2026-06-03
2876,Referral,Tier 1,Android,Variant_B,2026-06-05
2877,Referral,Tier 1,Android,Variant_B,2026-05-18
2878,Referral,Tier 1,Android,Control,2026-07-04
2879,Google Ads,Tier 3,Android,Control,2026-06-15
2880,Affiliate,Tier 2,Android,Control,2026-06-17
2881,Organic,Tier 2,Android,Variant_B,2026-06-09
2882,Organic,Tier 1,Android,Control,2026-07-15
2883,Referral,Tier 3,Android,Variant_B,2026-07-14
2884,Referral,Tier 1,Android,Control,2026-05-23
2885,Referral,Tier 2,Android,Control,2026-07-16
2886,Paid Social,Tier 2,iOS,Control,2026-03-16
2887,Affiliate,Tier 2,Android,Control,2026-06-09
2888,Paid Social,Tier 1,Android,Control,2026-03-30
2889,Referral,Tier 2,Android,Variant_B,2026-06-03
2890,Affiliate,Tier 3,Android,Control,2026-05-11
2891,Affiliate,Tier 3,Android,Control,2026-06-01
2892,Paid Social,Tier 1,Android,Control,2026-03-05
2893,Google Ads,Tier 1,Android,Control,2026-04-28
2894,Organic,Tier 1,Android,Control,2026-07-28
2895,Organic,Tier 3,Android,Variant_B,2026-06-07
2896,Affiliate,Tier 1,Android,Control,2026-04-23
2897,Google Ads,Tier 1,Android,Variant_B,2026-07-05
2898,Google Ads,Tier 1,Android,Variant_B,2026-03-05
2899,Referral,Tier 1,Android,Variant_B,2026-03-13
2900,Google Ads,Tier 2,iOS,Control,2026-04-25
2901,Organic,Tier 2,Android,Variant_B,2026-07-10
2902,Referral,Tier 1,Android,Variant_B,2026-05-06
2903,Organic,Tier 1,Android,Control,2026-06-14
2904,Organic,Tier 1,Android,Control,2026-05-10
2905,Organic,Tier 1,Android,Variant_B,2026-07-30
2906,Google Ads,Tier 2,iOS,Control,2026-03-27
2907,Referral,Tier 2,Android,Variant_B,2026-05-08
2908,Organic,Tier 2,iOS,Variant_B,2026-06-19
2909,Google Ads,Tier 3,Android,Control,2026-07-12
2910,Organic,Tier 1,Android,Control,2026-04-07
2911,Organic,Tier 1,Android,Control,2026-05-13
2912,Paid Social,Tier 3,Android,Control,2026-04-08
2913,Google Ads,Tier 1,Android,Variant_B,2026-04-29
2914,Affiliate,Tier 1,Android,Variant_B,2026-07-21
2915,Paid Social,Tier 3,Android,Control,2026-07-21
2916,Google Ads,Tier 1,Android,Control,2026-06-29
2917,Organic,Tier 2,Android,Variant_B,2026-07-01
2918,Organic,Tier 1,Android,Variant_B,2026-07-11
2919,Referral,Tier 1,iOS,Variant_B,2026-05-15
2920,Organic,Tier 3,Android,Control,2026-05-04
2921,Paid Social,Tier 1,Android,Variant_B,2026-04-03
2922,Organic,Tier 1,Android,Control,2026-04-03
2923,Referral,Tier 3,Android,Control,2026-05-16
2924,Paid Social,Tier 2,Android,Control,2026-06-10
2925,Organic,Tier 1,Android,Variant_B,2026-03-31
2926,Paid Social,Tier 2,iOS,Variant_B,2026-05-01
2927,Affiliate,Tier 2,Android,Variant_B,2026-07-06
2928,Paid Social,Tier 1,Android,Control,2026-05-07
2929,Organic,Tier 3,Android,Control,2026-06-27
2930,Organic,Tier 2,Android,Control,2026-07-03
2931,Referral,Tier 1,Android,Control,2026-06-27
2932,Organic,Tier 2,Android,Variant_B,2026-06-30
2933,Organic,Tier 2,iOS,Variant_B,2026-07-20
2934,Referral,Tier 3,Android,Control,2026-03-14
2935,Paid Social,Tier 1,Android,Control,2026-03-08
2936,Google Ads,Tier 2,Android,Variant_B,2026-04-21
2937,Organic,Tier 1,Android,Control,2026-07-22
2938,Organic,Tier 1,Android,Control,2026-04-02
2939,Google Ads,Tier 1,Android,Variant_B,2026-05-25
2940,Organic,Tier 1,Android,Control,2026-03-18
2941,Google Ads,Tier 1,Android,Variant_B,2026-05-03
2942,Paid Social,Tier 2,iOS,Variant_B,2026-05-25
2943,Google Ads,Tier 1,iOS,Control,2026-05-30
2944,Affiliate,Tier 2,Android,Variant_B,2026-05-29
2945,Organic,Tier 2,iOS,Variant_B,2026-04-29
2946,Paid Social,Tier 3,Android,Variant_B,2026-05-18
2947,Organic,Tier 1,Android,Variant_B,2026-06-11
2948,Affiliate,Tier 2,Android,Variant_B,2026-03-31
2949,Paid Social,Tier 1,Android,Variant_B,2026-06-13
2950,Organic,Tier 1,iOS,Control,2026-06-14
2951,Paid Social,Tier 1,Android,Variant_B,2026-03-12
2952,Organic,Tier 1,Android,Control,2026-05-21
2953,Google Ads,Tier 1,Android,Control,2026-03-31
2954,Paid Social,Tier 2,Android,Control,2026-05-30
2955,Google Ads,Tier 1,Android,Control,2026-03-30
2956,Organic,Tier 3,Android,Control,2026-07-19
2957,Organic,Tier 1,Android,Control,2026-05-20
2958,Referral,Tier 1,Android,Control,2026-04-04
2959,Organic,Tier 1,iOS,Variant_B,2026-05-31
2960,Paid Social,Tier 2,iOS,Control,2026-04-01
2961,Affiliate,Tier 2,Android,Control,2026-07-28
2962,Paid Social,Tier 2,Android,Control,2026-07-05
2963,Referral,Tier 1,Android,Control,2026-04-18
2964,Google Ads,Tier 1,Android,Variant_B,2026-03-24
2965,Referral,Tier 3,Android,Variant_B,2026-04-17
2966,Organic,Tier 1,iOS,Control,2026-05-09
2967,Referral,Tier 1,Android,Variant_B,2026-04-20
2968,Paid Social,Tier 2,Android,Variant_B,2026-04-24
2969,Paid Social,Tier 2,Android,Variant_B,2026-05-02
2970,Affiliate,Tier 1,Android,Variant_B,2026-03-10
2971,Google Ads,Tier 1,iOS,Variant_B,2026-07-31
2972,Google Ads,Tier 1,Android,Variant_B,2026-05-11
2973,Organic,Tier 2,Android,Control,2026-06-07
2974,Organic,Tier 1,iOS,Variant_B,2026-07-01
2975,Organic,Tier 2,Android,Control,2026-06-25
2976,Organic,Tier 3,Android,Variant_B,2026-04-27
2977,Paid Social,Tier 1,Android,Control,2026-04-08
2978,Organic,Tier 2,Android,Control,2026-03-07
2979,Google Ads,Tier 3,Android,Variant_B,2026-03-24
2980,Organic,Tier 3,Android,Variant_B,2026-05-24
2981,Organic,Tier 2,iOS,Variant_B,2026-03-05
2982,Affiliate,Tier 3,Android,Variant_B,2026-06-16
2983,Referral,Tier 1,iOS,Control,2026-03-23
2984,Affiliate,Tier 3,iOS,Control,2026-03-26
2985,Organic,Tier 2,Android,Control,2026-06-15
2986,Organic,Tier 2,Android,Control,2026-05-19
2987,Organic,Tier 3,iOS,Variant_B,2026-07-10
2988,Affiliate,Tier 1,iOS,Variant_B,2026-04-21
2989,Google Ads,Tier 3,Android,Control,2026-07-05
2990,Google Ads,Tier 1,Android,Control,2026-06-10
2991,Google Ads,Tier 2,Android,Control,2026-04-06
2992,Organic,Tier 3,Android,Control,2026-06-01
2993,Google Ads,Tier 2,Android,Control,2026-06-12
2994,Referral,Tier 2,Android,Variant_B,2026-07-21
2995,Paid Social,Tier 2,Android,Variant_B,2026-06-05
2996,Organic,Tier 1,Android,Variant_B,2026-07-09
2997,Google Ads,Tier 1,iOS,Control,2026-03-18
2998,Organic,Tier 1,Android,Control,2026-07-07
2999,Paid Social,Tier 1,Android,Variant_B,2026-06-19
3000,Paid Social,Tier 1,iOS,Control,2026-05-17
3001,Referral,Tier 1,iOS,Variant_B,2026-04-19
3002,Referral,Tier 1,Android,Control,2026-03-17
3003,Organic,Tier 1,Android,Control,2026-07-12
3004,Organic,Tier 1,Android,Control,2026-05-08
3005,Organic,Tier 1,Android,Variant_B,2026-05-17
3006,Paid Social,Tier 1,Android,Control,2026-07-08
3007,Organic,Tier 2,iOS,Control,2026-06-17
3008,Paid Social,Tier 1,Android,Variant_B,2026-07-03
3009,Referral,Tier 1,Android,Variant_B,2026-03-08
3010,Paid Social,Tier 2,Android,Control,2026-05-10
3011,Organic,Tier 1,Android,Control,2026-03-11
3012,Organic,Tier 1,Android,Variant_B,2026-06-17
3013,Paid Social,Tier 3,Android,Control,2026-05-05
3014,Google Ads,Tier 2,Android,Control,2026-03-21
3015,Google Ads,Tier 2,Android,Control,2026-07-15
3016,Organic,Tier 2,Android,Control,2026-04-07
3017,Paid Social,Tier 1,Android,Variant_B,2026-06-03
3018,Referral,Tier 3,Android,Control,2026-03-30
3019,Referral,Tier 1,iOS,Variant_B,2026-04-29
3020,Paid Social,Tier 2,Android,Control,2026-06-10
3021,Affiliate,Tier 1,Android,Control,2026-03-01
3022,Affiliate,Tier 1,Android,Control,2026-03-15
3023,Organic,Tier 3,Android,Control,2026-06-28
3024,Referral,Tier 1,Android,Variant_B,2026-06-10
3025,Paid Social,Tier 3,Android,Control,2026-04-15
3026,Google Ads,Tier 3,Android,Control,2026-04-18
3027,Google Ads,Tier 3,Android,Control,2026-04-11
3028,Referral,Tier 3,Android,Variant_B,2026-06-24
3029,Referral,Tier 2,Android,Variant_B,2026-06-21
3030,Paid Social,Tier 1,Android,Control,2026-05-17
3031,Paid Social,Tier 1,iOS,Control,2026-03-09
3032,Organic,Tier 2,Android,Variant_B,2026-05-16
3033,Paid Social,Tier 2,Android,Control,2026-07-05
3034,Paid Social,Tier 2,Android,Variant_B,2026-03-22
3035,Referral,Tier 1,iOS,Variant_B,2026-07-29
3036,Paid Social,Tier 1,Android,Control,2026-03-29
3037,Organic,Tier 1,iOS,Control,2026-05-22
3038,Organic,Tier 3,iOS,Variant_B,2026-07-21
3039,Organic,Tier 1,Android,Control,2026-07-23
3040,Organic,Tier 3,Android,Variant_B,2026-03-18
3041,Paid Social,Tier 1,Android,Control,2026-04-21
3042,Organic,Tier 1,Android,Control,2026-04-09
3043,Organic,Tier 1,Android,Variant_B,2026-04-23
3044,Google Ads,Tier 1,Android,Variant_B,2026-06-08
3045,Paid Social,Tier 2,Android,Variant_B,2026-03-28
3046,Referral,Tier 1,Android,Control,2026-05-10
3047,Google Ads,Tier 1,Android,Control,2026-05-17
3048,Paid Social,Tier 1,Android,Variant_B,2026-06-30
3049,Organic,Tier 1,Android,Control,2026-07-31
3050,Organic,Tier 1,Android,Control,2026-03-12
3051,Paid Social,Tier 3,Android,Control,2026-03-14
3052,Organic,Tier 2,Android,Variant_B,2026-06-19
3053,Organic,Tier 3,Android,Variant_B,2026-05-22
3054,Referral,Tier 1,Android,Variant_B,2026-07-08
3055,Google Ads,Tier 2,iOS,Variant_B,2026-06-14
3056,Google Ads,Tier 2,iOS,Variant_B,2026-03-24
3057,Google Ads,Tier 1,Android,Control,2026-07-26
3058,Paid Social,Tier 3,iOS,Control,2026-07-27
3059,Paid Social,Tier 3,iOS,Variant_B,2026-06-12
3060,Paid Social,Tier 1,Android,Variant_B,2026-05-03
3061,Google Ads,Tier 2,Android,Control,2026-04-15
3062,Referral,Tier 1,Android,Variant_B,2026-03-10
3063,Organic,Tier 2,iOS,Control,2026-07-08
3064,Organic,Tier 1,Android,Control,2026-06-19
3065,Paid Social,Tier 3,iOS,Control,2026-03-10
3066,Referral,Tier 3,Android,Control,2026-03-24
3067,Organic,Tier 3,Android,Variant_B,2026-04-19
3068,Organic,Tier 1,iOS,Variant_B,2026-05-24
3069,Google Ads,Tier 2,Android,Control,2026-07-08
3070,Google Ads,Tier 1,Android,Control,2026-06-17
3071,Referral,Tier 3,Android,Control,2026-04-11
3072,Paid Social,Tier 1,Android,Control,2026-05-28
3073,Organic,Tier 3,Android,Variant_B,2026-05-10
3074,Google Ads,Tier 1,Android,Control,2026-04-25
3075,Organic,Tier 3,Android,Variant_B,2026-07-11
3076,Paid Social,Tier 3,Android,Control,2026-03-04
3077,Organic,Tier 2,Android,Control,2026-04-04
3078,Organic,Tier 1,Android,Control,2026-06-22
3079,Organic,Tier 1,iOS,Variant_B,2026-07-13
3080,Organic,Tier 2,iOS,Variant_B,2026-03-10
3081,Google Ads,Tier 1,Android,Variant_B,2026-05-12
3082,Paid Social,Tier 1,Android,Variant_B,2026-03-13
3083,Referral,Tier 2,Android,Control,2026-07-19
3084,Organic,Tier 3,Android,Variant_B,2026-05-28
3085,Organic,Tier 2,iOS,Variant_B,2026-04-11
3086,Affiliate,Tier 3,Android,Control,2026-04-26
3087,Referral,Tier 2,Android,Variant_B,2026-03-23
3088,Organic,Tier 2,iOS,Variant_B,2026-05-06
3089,Organic,Tier 2,Android,Control,2026-03-21
3090,Organic,Tier 2,Android,Control,2026-07-01
3091,Paid Social,Tier 2,Android,Control,2026-03-22
3092,Organic,Tier 2,Android,Control,2026-04-16
3093,Paid Social,Tier 1,Android,Control,2026-03-01
3094,Google Ads,Tier 2,Android,Control,2026-04-19
3095,Referral,Tier 1,iOS,Control,2026-05-23
3096,Google Ads,Tier 2,Android,Variant_B,2026-03-26
3097,Referral,Tier 2,Android,Variant_B,2026-06-09
3098,Google Ads,Tier 3,iOS,Variant_B,2026-06-27
3099,Google Ads,Tier 2,Android,Variant_B,2026-05-13
3100,Organic,Tier 2,Android,Variant_B,2026-06-04
3101,Google Ads,Tier 3,iOS,Control,2026-03-09
3102,Organic,Tier 2,iOS,Variant_B,2026-06-29
3103,Referral,Tier 1,Android,Control,2026-03-10
3104,Organic,Tier 3,Android,Control,2026-07-18
3105,Referral,Tier 2,iOS,Variant_B,2026-05-06
3106,Organic,Tier 2,Android,Control,2026-04-19
3107,Referral,Tier 1,iOS,Control,2026-07-28
3108,Paid Social,Tier 1,iOS,Control,2026-06-27
3109,Referral,Tier 3,Android,Variant_B,2026-04-24
3110,Google Ads,Tier 2,Android,Control,2026-06-17
3111,Organic,Tier 1,Android,Variant_B,2026-03-19
3112,Google Ads,Tier 2,Android,Control,2026-03-10
3113,Google Ads,Tier 3,iOS,Control,2026-06-05
3114,Paid Social,Tier 3,iOS,Variant_B,2026-03-29
3115,Referral,Tier 1,Android,Variant_B,2026-05-15
3116,Referral,Tier 1,Android,Control,2026-03-06
3117,Google Ads,Tier 1,Android,Control,2026-04-10
3118,Paid Social,Tier 2,Android,Variant_B,2026-07-21
3119,Paid Social,Tier 1,Android,Variant_B,2026-07-10
3120,Referral,Tier 3,Android,Variant_B,2026-03-15
3121,Google Ads,Tier 1,Android,Variant_B,2026-04-29
3122,Affiliate,Tier 3,Android,Control,2026-07-14
3123,Organic,Tier 1,Android,Variant_B,2026-07-24
3124,Organic,Tier 3,Android,Variant_B,2026-03-16
3125,Google Ads,Tier 1,Android,Control,2026-03-16
3126,Organic,Tier 2,Android,Control,2026-03-07
3127,Google Ads,Tier 1,Android,Variant_B,2026-03-23
3128,Organic,Tier 3,Android,Control,2026-07-16
3129,Google Ads,Tier 2,Android,Variant_B,2026-03-03
3130,Referral,Tier 3,Android,Variant_B,2026-06-24
3131,Organic,Tier 3,Android,Variant_B,2026-07-02
3132,Paid Social,Tier 1,Android,Control,2026-06-27
3133,Paid Social,Tier 2,iOS,Control,2026-07-27
3134,Referral,Tier 1,Android,Control,2026-05-14
3135,Paid Social,Tier 1,Android,Variant_B,2026-07-04
3136,Paid Social,Tier 1,iOS,Control,2026-06-18
3137,Google Ads,Tier 1,Android,Variant_B,2026-06-27
3138,Paid Social,Tier 1,Android,Variant_B,2026-06-13
3139,Affiliate,Tier 2,Android,Control,2026-04-01
3140,Organic,Tier 3,Android,Control,2026-05-07
3141,Paid Social,Tier 2,iOS,Variant_B,2026-06-15
3142,Paid Social,Tier 2,Android,Control,2026-07-15
3143,Paid Social,Tier 1,Android,Control,2026-06-25
3144,Paid Social,Tier 1,iOS,Control,2026-04-12
3145,Paid Social,Tier 3,Android,Control,2026-04-14
3146,Organic,Tier 2,Android,Variant_B,2026-04-11
3147,Google Ads,Tier 1,Android,Control,2026-03-10
3148,Google Ads,Tier 2,Android,Control,2026-03-17
3149,Referral,Tier 3,Android,Control,2026-06-28
3150,Referral,Tier 1,Android,Control,2026-07-11
3151,Affiliate,Tier 2,Android,Variant_B,2026-03-30
3152,Organic,Tier 3,iOS,Control,2026-06-22
3153,Organic,Tier 2,Android,Variant_B,2026-04-07
3154,Affiliate,Tier 1,Android,Control,2026-06-12
3155,Affiliate,Tier 1,Android,Variant_B,2026-03-13
3156,Affiliate,Tier 2,Android,Control,2026-04-13
3157,Organic,Tier 2,Android,Variant_B,2026-05-01
3158,Affiliate,Tier 2,iOS,Variant_B,2026-04-27
3159,Paid Social,Tier 1,iOS,Variant_B,2026-03-29
3160,Google Ads,Tier 2,iOS,Control,2026-04-30
3161,Google Ads,Tier 1,iOS,Control,2026-03-15
3162,Paid Social,Tier 1,Android,Variant_B,2026-04-20
3163,Referral,Tier 1,iOS,Variant_B,2026-04-04
3164,Google Ads,Tier 1,Android,Control,2026-03-25
3165,Google Ads,Tier 3,Android,Variant_B,2026-07-17
3166,Google Ads,Tier 1,Android,Control,2026-06-10
3167,Organic,Tier 2,Android,Variant_B,2026-07-15
3168,Organic,Tier 1,iOS,Control,2026-04-08
3169,Google Ads,Tier 2,Android,Control,2026-06-20
3170,Affiliate,Tier 1,Android,Variant_B,2026-05-17
3171,Affiliate,Tier 2,Android,Control,2026-06-21
3172,Google Ads,Tier 1,iOS,Control,2026-03-25
3173,Organic,Tier 3,Android,Variant_B,2026-05-15
3174,Organic,Tier 2,Android,Variant_B,2026-07-20
3175,Referral,Tier 1,Android,Variant_B,2026-06-21
3176,Paid Social,Tier 1,Android,Variant_B,2026-03-04
3177,Google Ads,Tier 2,iOS,Variant_B,2026-03-08
3178,Affiliate,Tier 1,Android,Control,2026-06-01
3179,Organic,Tier 1,iOS,Variant_B,2026-07-29
3180,Organic,Tier 3,Android,Control,2026-05-11
3181,Paid Social,Tier 1,iOS,Variant_B,2026-03-13
3182,Google Ads,Tier 2,Android,Control,2026-06-15
3183,Affiliate,Tier 2,Android,Variant_B,2026-04-10
3184,Organic,Tier 2,Android,Control,2026-04-06
3185,Referral,Tier 2,Android,Control,2026-07-19
3186,Referral,Tier 3,Android,Control,2026-07-18
3187,Paid Social,Tier 1,Android,Control,2026-05-02
3188,Paid Social,Tier 1,Android,Variant_B,2026-06-17
3189,Organic,Tier 2,Android,Control,2026-07-26
3190,Affiliate,Tier 2,iOS,Variant_B,2026-03-27
3191,Paid Social,Tier 2,Android,Control,2026-03-04
3192,Organic,Tier 2,Android,Variant_B,2026-04-03
3193,Google Ads,Tier 1,Android,Variant_B,2026-04-18
3194,Organic,Tier 1,iOS,Control,2026-06-06
3195,Google Ads,Tier 1,Android,Variant_B,2026-07-07
3196,Google Ads,Tier 2,Android,Control,2026-06-28
3197,Organic,Tier 3,Android,Control,2026-07-21
3198,Referral,Tier 1,Android,Control,2026-06-18
3199,Paid Social,Tier 2,Android,Variant_B,2026-06-04
3200,Organic,Tier 3,Android,Control,2026-04-24
3201,Google Ads,Tier 1,Android,Variant_B,2026-07-04
3202,Referral,Tier 1,Android,Variant_B,2026-04-19
3203,Referral,Tier 2,Android,Variant_B,2026-06-07
3204,Google Ads,Tier 1,Android,Variant_B,2026-04-11
3205,Referral,Tier 3,Android,Variant_B,2026-07-15
3206,Paid Social,Tier 1,Android,Control,2026-06-11
3207,Google Ads,Tier 2,Android,Variant_B,2026-03-05
3208,Google Ads,Tier 2,iOS,Control,2026-03-02
3209,Paid Social,Tier 1,Android,Control,2026-05-09
3210,Organic,Tier 3,Android,Control,2026-07-29
3211,Organic,Tier 1,Android,Variant_B,2026-04-21
3212,Organic,Tier 2,Android,Control,2026-03-04
3213,Organic,Tier 2,Android,Control,2026-04-20
3214,Organic,Tier 1,Android,Variant_B,2026-03-07
3215,Organic,Tier 1,iOS,Control,2026-06-24
3216,Paid Social,Tier 2,iOS,Variant_B,2026-06-06
3217,Paid Social,Tier 3,iOS,Control,2026-06-22
3218,Organic,Tier 1,Android,Control,2026-05-24
3219,Affiliate,Tier 1,Android,Control,2026-03-30
3220,Organic,Tier 1,Android,Variant_B,2026-06-01
3221,Organic,Tier 2,Android,Variant_B,2026-06-14
3222,Affiliate,Tier 3,Android,Control,2026-03-31
3223,Affiliate,Tier 3,Android,Variant_B,2026-06-19
3224,Paid Social,Tier 1,Android,Variant_B,2026-06-24
3225,Google Ads,Tier 1,Android,Control,2026-07-01
3226,Organic,Tier 1,Android,Variant_B,2026-05-14
3227,Paid Social,Tier 2,Android,Control,2026-03-16
3228,Paid Social,Tier 1,iOS,Control,2026-07-27
3229,Paid Social,Tier 2,Android,Variant_B,2026-05-25
3230,Affiliate,Tier 3,iOS,Variant_B,2026-04-03
3231,Google Ads,Tier 2,Android,Variant_B,2026-04-20
3232,Organic,Tier 2,Android,Control,2026-07-02
3233,Google Ads,Tier 2,Android,Control,2026-05-13
3234,Google Ads,Tier 1,Android,Control,2026-03-16
3235,Organic,Tier 3,Android,Control,2026-04-30
3236,Organic,Tier 1,Android,Variant_B,2026-03-05
3237,Google Ads,Tier 1,Android,Variant_B,2026-04-10
3238,Organic,Tier 1,iOS,Control,2026-06-20
3239,Google Ads,Tier 1,Android,Control,2026-06-12
3240,Paid Social,Tier 1,Android,Variant_B,2026-06-21
3241,Organic,Tier 3,Android,Control,2026-05-21
3242,Organic,Tier 1,Android,Control,2026-05-20
3243,Referral,Tier 3,Android,Variant_B,2026-06-12
3244,Google Ads,Tier 2,Android,Variant_B,2026-07-21
3245,Referral,Tier 3,iOS,Variant_B,2026-06-27
3246,Google Ads,Tier 2,Android,Control,2026-04-23
3247,Paid Social,Tier 3,Android,Control,2026-04-18
3248,Organic,Tier 2,Android,Variant_B,2026-03-03
3249,Paid Social,Tier 1,iOS,Control,2026-06-22
3250,Organic,Tier 3,Android,Variant_B,2026-07-30
3251,Paid Social,Tier 1,Android,Variant_B,2026-07-25
3252,Google Ads,Tier 2,Android,Variant_B,2026-04-30
3253,Affiliate,Tier 1,Android,Variant_B,2026-04-04
3254,Referral,Tier 3,iOS,Variant_B,2026-04-23
3255,Referral,Tier 1,Android,Variant_B,2026-03-02
3256,Google Ads,Tier 2,Android,Control,2026-06-08
3257,Organic,Tier 1,Android,Variant_B,2026-07-02
3258,Paid Social,Tier 2,Android,Variant_B,2026-06-27
3259,Affiliate,Tier 1,Android,Control,2026-04-29
3260,Organic,Tier 2,Android,Variant_B,2026-04-29
3261,Organic,Tier 1,iOS,Control,2026-05-13
3262,Referral,Tier 1,Android,Variant_B,2026-06-28
3263,Affiliate,Tier 1,Android,Control,2026-06-13
3264,Referral,Tier 2,Android,Control,2026-06-16
3265,Organic,Tier 3,Android,Variant_B,2026-03-03
3266,Organic,Tier 2,iOS,Control,2026-06-06
3267,Google Ads,Tier 1,Android,Variant_B,2026-07-19
3268,Organic,Tier 1,iOS,Variant_B,2026-05-26
3269,Paid Social,Tier 3,Android,Control,2026-07-23
3270,Paid Social,Tier 1,Android,Variant_B,2026-05-14
3271,Organic,Tier 1,Android,Variant_B,2026-05-22
3272,Organic,Tier 3,iOS,Control,2026-06-04
3273,Google Ads,Tier 2,Android,Variant_B,2026-07-04
3274,Google Ads,Tier 2,iOS,Control,2026-05-21
3275,Organic,Tier 2,Android,Variant_B,2026-04-26
3276,Google Ads,Tier 2,Android,Control,2026-06-01
3277,Referral,Tier 3,Android,Variant_B,2026-04-10
3278,Referral,Tier 2,Android,Variant_B,2026-06-27
3279,Organic,Tier 2,Android,Variant_B,2026-07-22
3280,Paid Social,Tier 1,Android,Variant_B,2026-05-12
3281,Organic,Tier 1,Android,Variant_B,2026-05-30
3282,Google Ads,Tier 1,Android,Control,2026-04-30
3283,Paid Social,Tier 1,Android,Variant_B,2026-06-24
3284,Organic,Tier 1,iOS,Variant_B,2026-03-26
3285,Referral,Tier 1,iOS,Control,2026-06-21
3286,Paid Social,Tier 2,iOS,Variant_B,2026-07-17
3287,Organic,Tier 2,Android,Control,2026-03-14
3288,Paid Social,Tier 1,Android,Control,2026-07-27
3289,Paid Social,Tier 3,iOS,Control,2026-06-12
3290,Organic,Tier 1,Android,Variant_B,2026-05-19
3291,Paid Social,Tier 1,iOS,Control,2026-06-28
3292,Affiliate,Tier 1,Android,Control,2026-07-20
3293,Referral,Tier 3,Android,Variant_B,2026-06-03
3294,Referral,Tier 3,iOS,Control,2026-06-20
3295,Paid Social,Tier 2,Android,Variant_B,2026-03-03
3296,Google Ads,Tier 2,Android,Control,2026-04-13
3297,Organic,Tier 2,Android,Variant_B,2026-03-30
3298,Organic,Tier 1,iOS,Variant_B,2026-06-26
3299,Referral,Tier 2,Android,Variant_B,2026-06-02
3300,Paid Social,Tier 3,Android,Control,2026-03-29
3301,Referral,Tier 1,iOS,Control,2026-03-26
3302,Organic,Tier 1,Android,Control,2026-07-29
3303,Referral,Tier 2,iOS,Control,2026-06-21
3304,Paid Social,Tier 2,Android,Variant_B,2026-07-24
3305,Paid Social,Tier 3,Android,Variant_B,2026-04-04
3306,Organic,Tier 1,Android,Control,2026-04-30
3307,Google Ads,Tier 2,Android,Control,2026-07-13
3308,Google Ads,Tier 1,Android,Control,2026-06-11
3309,Paid Social,Tier 3,iOS,Control,2026-03-09
3310,Paid Social,Tier 1,Android,Variant_B,2026-03-02
3311,Organic,Tier 1,Android,Variant_B,2026-03-31
3312,Referral,Tier 2,iOS,Control,2026-06-28
3313,Paid Social,Tier 3,iOS,Variant_B,2026-07-24
3314,Organic,Tier 1,Android,Control,2026-06-28
3315,Organic,Tier 2,Android,Variant_B,2026-04-27
3316,Affiliate,Tier 1,Android,Variant_B,2026-04-20
3317,Google Ads,Tier 1,Android,Control,2026-05-08
3318,Paid Social,Tier 3,Android,Variant_B,2026-03-17
3319,Organic,Tier 2,Android,Control,2026-04-23
3320,Organic,Tier 1,Android,Control,2026-03-04
3321,Google Ads,Tier 1,Android,Variant_B,2026-07-29
3322,Organic,Tier 2,Android,Control,2026-05-19
3323,Organic,Tier 2,Android,Control,2026-03-13
3324,Referral,Tier 1,iOS,Control,2026-07-16
3325,Organic,Tier 1,Android,Variant_B,2026-06-19
3326,Referral,Tier 2,Android,Control,2026-06-19
3327,Referral,Tier 1,Android,Control,2026-03-30
3328,Referral,Tier 2,Android,Variant_B,2026-07-14
3329,Organic,Tier 2,Android,Variant_B,2026-06-01
3330,Google Ads,Tier 2,iOS,Control,2026-06-04
3331,Google Ads,Tier 2,iOS,Control,2026-03-16
3332,Organic,Tier 1,Android,Control,2026-04-09
3333,Paid Social,Tier 1,Android,Variant_B,2026-05-06
3334,Paid Social,Tier 1,iOS,Variant_B,2026-06-14
3335,Google Ads,Tier 1,Android,Control,2026-03-26
3336,Organic,Tier 2,Android,Variant_B,2026-04-17
3337,Organic,Tier 2,Android,Variant_B,2026-07-16
3338,Organic,Tier 3,iOS,Control,2026-06-14
3339,Organic,Tier 1,Android,Control,2026-03-21
3340,Organic,Tier 2,Android,Control,2026-03-14
3341,Organic,Tier 1,Android,Control,2026-03-14
3342,Paid Social,Tier 1,iOS,Variant_B,2026-04-28
3343,Referral,Tier 3,iOS,Variant_B,2026-07-05
3344,Organic,Tier 1,Android,Control,2026-05-28
3345,Referral,Tier 1,Android,Control,2026-05-07
3346,Affiliate,Tier 1,Android,Control,2026-06-08
3347,Affiliate,Tier 2,iOS,Control,2026-04-05
3348,Paid Social,Tier 1,Android,Variant_B,2026-03-12
3349,Google Ads,Tier 3,Android,Control,2026-04-19
3350,Referral,Tier 2,iOS,Control,2026-05-23
3351,Paid Social,Tier 2,Android,Variant_B,2026-07-19
3352,Google Ads,Tier 3,Android,Control,2026-05-22
3353,Google Ads,Tier 1,Android,Control,2026-03-03
3354,Referral,Tier 1,Android,Control,2026-05-20
3355,Paid Social,Tier 2,Android,Variant_B,2026-04-29
3356,Referral,Tier 3,iOS,Variant_B,2026-03-24
3357,Paid Social,Tier 2,Android,Control,2026-06-29
3358,Google Ads,Tier 2,Android,Variant_B,2026-07-20
3359,Google Ads,Tier 2,Android,Variant_B,2026-03-13
3360,Affiliate,Tier 1,Android,Control,2026-07-21
3361,Paid Social,Tier 1,iOS,Variant_B,2026-06-20
3362,Affiliate,Tier 3,Android,Variant_B,2026-03-04
3363,Organic,Tier 3,Android,Control,2026-05-27
3364,Paid Social,Tier 2,Android,Control,2026-03-22
3365,Referral,Tier 2,Android,Control,2026-06-07
3366,Organic,Tier 2,Android,Control,2026-04-11
3367,Google Ads,Tier 3,iOS,Control,2026-07-18
3368,Paid Social,Tier 3,Android,Control,2026-05-28
3369,Paid Social,Tier 2,Android,Control,2026-03-28
3370,Referral,Tier 1,Android,Variant_B,2026-07-22
3371,Organic,Tier 1,Android,Variant_B,2026-07-18
3372,Organic,Tier 2,Android,Control,2026-03-03
3373,Organic,Tier 1,Android,Control,2026-04-20
3374,Referral,Tier 1,Android,Control,2026-03-19
3375,Affiliate,Tier 1,Android,Variant_B,2026-05-17
3376,Organic,Tier 1,Android,Control,2026-06-21
3377,Paid Social,Tier 3,iOS,Variant_B,2026-03-15
3378,Google Ads,Tier 1,iOS,Variant_B,2026-04-08
3379,Paid Social,Tier 1,iOS,Variant_B,2026-03-06
3380,Referral,Tier 1,Android,Variant_B,2026-03-17
3381,Referral,Tier 3,Android,Control,2026-03-02
3382,Organic,Tier 3,Android,Control,2026-07-17
3383,Referral,Tier 1,Android,Variant_B,2026-07-10
3384,Paid Social,Tier 3,Android,Variant_B,2026-05-12
3385,Google Ads,Tier 2,Android,Control,2026-07-17
3386,Organic,Tier 1,iOS,Variant_B,2026-03-19
3387,Organic,Tier 3,Android,Control,2026-06-02
3388,Google Ads,Tier 2,Android,Control,2026-03-27
3389,Paid Social,Tier 1,Android,Variant_B,2026-08-01
3390,Google Ads,Tier 3,iOS,Variant_B,2026-03-03
3391,Google Ads,Tier 1,Android,Control,2026-03-19
3392,Paid Social,Tier 2,iOS,Variant_B,2026-03-03
3393,Affiliate,Tier 1,Android,Variant_B,2026-05-06
3394,Google Ads,Tier 1,Android,Variant_B,2026-04-14
3395,Organic,Tier 2,iOS,Control,2026-03-06
3396,Paid Social,Tier 1,Android,Variant_B,2026-03-13
3397,Organic,Tier 1,Android,Control,2026-07-13
3398,Organic,Tier 3,Android,Variant_B,2026-07-07
3399,Organic,Tier 1,Android,Control,2026-06-30
3400,Organic,Tier 3,iOS,Control,2026-04-10
3401,Paid Social,Tier 2,iOS,Control,2026-06-24
3402,Referral,Tier 1,iOS,Control,2026-05-16
3403,Referral,Tier 2,iOS,Control,2026-05-14
3404,Organic,Tier 1,iOS,Control,2026-07-17
3405,Organic,Tier 2,Android,Control,2026-03-21
3406,Google Ads,Tier 2,Android,Variant_B,2026-04-11
3407,Paid Social,Tier 1,Android,Control,2026-05-27
3408,Paid Social,Tier 2,Android,Variant_B,2026-07-01
3409,Referral,Tier 2,iOS,Variant_B,2026-03-30
3410,Paid Social,Tier 1,Android,Variant_B,2026-03-23
3411,Referral,Tier 1,Android,Control,2026-03-30
3412,Affiliate,Tier 1,Android,Variant_B,2026-05-13
3413,Referral,Tier 1,Android,Control,2026-06-21
3414,Google Ads,Tier 1,iOS,Variant_B,2026-04-25
3415,Paid Social,Tier 1,Android,Control,2026-05-15
3416,Affiliate,Tier 2,Android,Control,2026-03-10
3417,Organic,Tier 1,Android,Control,2026-06-30
3418,Paid Social,Tier 1,Android,Control,2026-05-11
3419,Paid Social,Tier 3,Android,Variant_B,2026-03-08
3420,Organic,Tier 2,Android,Control,2026-03-30
3421,Referral,Tier 3,iOS,Variant_B,2026-05-07
3422,Google Ads,Tier 1,iOS,Variant_B,2026-03-05
3423,Paid Social,Tier 1,iOS,Control,2026-07-12
3424,Paid Social,Tier 2,iOS,Variant_B,2026-05-24
3425,Affiliate,Tier 1,Android,Control,2026-06-24
3426,Referral,Tier 2,Android,Control,2026-03-23
3427,Referral,Tier 2,Android,Control,2026-05-26
3428,Organic,Tier 3,Android,Control,2026-04-08
3429,Google Ads,Tier 2,iOS,Control,2026-03-10
3430,Google Ads,Tier 1,iOS,Variant_B,2026-05-02
3431,Referral,Tier 1,iOS,Variant_B,2026-06-27
3432,Paid Social,Tier 1,Android,Control,2026-05-06
3433,Paid Social,Tier 2,Android,Control,2026-04-27
3434,Organic,Tier 2,Android,Variant_B,2026-05-22
3435,Organic,Tier 2,Android,Control,2026-07-02
3436,Organic,Tier 1,Android,Variant_B,2026-04-20
3437,Organic,Tier 2,Android,Variant_B,2026-06-12
3438,Paid Social,Tier 1,Android,Control,2026-06-01
3439,Organic,Tier 2,Android,Variant_B,2026-05-19
3440,Paid Social,Tier 2,iOS,Control,2026-03-31
3441,Organic,Tier 2,Android,Control,2026-05-05
3442,Organic,Tier 2,Android,Control,2026-05-14
3443,Google Ads,Tier 3,Android,Control,2026-06-11
3444,Paid Social,Tier 3,Android,Variant_B,2026-05-01
3445,Referral,Tier 1,Android,Control,2026-04-23
3446,Google Ads,Tier 1,Android,Control,2026-03-23
3447,Paid Social,Tier 1,Android,Control,2026-07-21
3448,Paid Social,Tier 1,Android,Control,2026-06-19
3449,Paid Social,Tier 2,Android,Control,2026-06-25
3450,Organic,Tier 2,Android,Variant_B,2026-07-05
3451,Organic,Tier 2,iOS,Control,2026-07-29
3452,Organic,Tier 1,Android,Control,2026-06-27
3453,Affiliate,Tier 3,iOS,Control,2026-04-04
3454,Organic,Tier 1,Android,Variant_B,2026-03-28
3455,Google Ads,Tier 1,Android,Variant_B,2026-07-07
3456,Referral,Tier 3,Android,Variant_B,2026-07-03
3457,Referral,Tier 2,Android,Control,2026-03-21
3458,Organic,Tier 1,Android,Variant_B,2026-05-18
3459,Google Ads,Tier 2,Android,Control,2026-06-14
3460,Referral,Tier 1,Android,Variant_B,2026-05-20
3461,Referral,Tier 1,Android,Control,2026-04-08
3462,Paid Social,Tier 1,Android,Variant_B,2026-05-17
3463,Google Ads,Tier 2,Android,Control,2026-06-26
3464,Organic,Tier 2,Android,Control,2026-07-16
3465,Organic,Tier 1,Android,Variant_B,2026-05-17
3466,Referral,Tier 1,Android,Variant_B,2026-05-31
3467,Organic,Tier 2,iOS,Variant_B,2026-05-14
3468,Organic,Tier 2,Android,Control,2026-03-16
3469,Affiliate,Tier 2,iOS,Variant_B,2026-04-15
3470,Referral,Tier 3,iOS,Variant_B,2026-04-26
3471,Paid Social,Tier 1,Android,Variant_B,2026-04-09
3472,Google Ads,Tier 1,Android,Variant_B,2026-04-27
3473,Affiliate,Tier 1,Android,Variant_B,2026-03-07
3474,Organic,Tier 2,Android,Control,2026-05-23
3475,Google Ads,Tier 1,Android,Variant_B,2026-04-29
3476,Google Ads,Tier 2,Android,Control,2026-06-18
3477,Organic,Tier 1,iOS,Variant_B,2026-05-16
3478,Google Ads,Tier 2,Android,Variant_B,2026-04-11
3479,Paid Social,Tier 1,Android,Variant_B,2026-05-03
3480,Referral,Tier 3,Android,Variant_B,2026-03-11
3481,Organic,Tier 1,iOS,Variant_B,2026-03-03
3482,Paid Social,Tier 3,Android,Variant_B,2026-05-05
3483,Google Ads,Tier 1,Android,Control,2026-05-03
3484,Affiliate,Tier 1,Android,Control,2026-03-29
3485,Paid Social,Tier 1,Android,Control,2026-03-29
3486,Affiliate,Tier 1,Android,Variant_B,2026-04-08
3487,Organic,Tier 2,Android,Variant_B,2026-07-26
3488,Google Ads,Tier 1,iOS,Variant_B,2026-06-30
3489,Organic,Tier 1,iOS,Variant_B,2026-03-24
3490,Organic,Tier 1,Android,Control,2026-03-13
3491,Organic,Tier 1,Android,Control,2026-03-10
3492,Organic,Tier 1,Android,Control,2026-06-25
3493,Paid Social,Tier 1,Android,Variant_B,2026-03-15
3494,Organic,Tier 1,Android,Control,2026-04-23
3495,Google Ads,Tier 1,Android,Control,2026-07-04
3496,Paid Social,Tier 1,Android,Variant_B,2026-07-25
3497,Organic,Tier 3,Android,Variant_B,2026-07-26
3498,Organic,Tier 1,iOS,Variant_B,2026-06-05
3499,Google Ads,Tier 3,Android,Control,2026-05-29
3500,Referral,Tier 3,Android,Variant_B,2026-07-21
3501,Organic,Tier 2,Android,Control,2026-06-13
3502,Google Ads,Tier 3,iOS,Control,2026-07-02
3503,Google Ads,Tier 1,Android,Control,2026-06-06
3504,Google Ads,Tier 1,Android,Variant_B,2026-03-16
3505,Referral,Tier 1,Android,Control,2026-07-27
3506,Google Ads,Tier 2,Android,Control,2026-06-27
3507,Referral,Tier 2,Android,Control,2026-07-10
3508,Google Ads,Tier 2,Android,Control,2026-06-18
3509,Affiliate,Tier 2,Android,Control,2026-07-08
3510,Google Ads,Tier 1,iOS,Control,2026-04-18
3511,Paid Social,Tier 2,Android,Control,2026-03-30
3512,Organic,Tier 2,Android,Control,2026-07-18
3513,Referral,Tier 1,Android,Control,2026-05-26
3514,Affiliate,Tier 2,Android,Variant_B,2026-07-16
3515,Google Ads,Tier 1,iOS,Control,2026-06-10
3516,Paid Social,Tier 1,Android,Variant_B,2026-06-21
3517,Affiliate,Tier 2,Android,Control,2026-03-08
3518,Affiliate,Tier 1,Android,Variant_B,2026-07-18
3519,Organic,Tier 2,iOS,Variant_B,2026-03-01
3520,Paid Social,Tier 1,Android,Control,2026-07-18
3521,Paid Social,Tier 1,Android,Control,2026-06-18
3522,Referral,Tier 3,Android,Control,2026-04-13
3523,Google Ads,Tier 1,iOS,Variant_B,2026-07-04
3524,Organic,Tier 1,Android,Control,2026-04-25
3525,Google Ads,Tier 2,Android,Control,2026-05-13
3526,Organic,Tier 1,Android,Control,2026-06-15
3527,Organic,Tier 1,Android,Control,2026-05-23
3528,Organic,Tier 2,Android,Variant_B,2026-04-10
3529,Google Ads,Tier 2,iOS,Variant_B,2026-06-05
3530,Organic,Tier 2,Android,Control,2026-03-18
3531,Organic,Tier 1,iOS,Variant_B,2026-05-05
3532,Google Ads,Tier 1,Android,Variant_B,2026-04-28
3533,Affiliate,Tier 1,Android,Control,2026-06-14
3534,Google Ads,Tier 2,Android,Control,2026-04-21
3535,Organic,Tier 3,Android,Control,2026-06-08
3536,Referral,Tier 1,Android,Control,2026-06-29
3537,Google Ads,Tier 1,Android,Variant_B,2026-06-04
3538,Affiliate,Tier 1,Android,Control,2026-06-17
3539,Paid Social,Tier 3,iOS,Variant_B,2026-06-14
3540,Referral,Tier 1,Android,Variant_B,2026-03-11
3541,Google Ads,Tier 2,Android,Control,2026-05-28
3542,Organic,Tier 1,Android,Variant_B,2026-07-24
3543,Paid Social,Tier 2,Android,Variant_B,2026-07-04
3544,Referral,Tier 1,Android,Control,2026-05-26
3545,Paid Social,Tier 1,Android,Control,2026-07-10
3546,Organic,Tier 1,Android,Control,2026-06-06
3547,Referral,Tier 2,iOS,Variant_B,2026-03-24
3548,Affiliate,Tier 3,Android,Control,2026-04-07
3549,Organic,Tier 3,Android,Control,2026-06-11
3550,Paid Social,Tier 3,Android,Control,2026-03-24
3551,Organic,Tier 1,Android,Variant_B,2026-05-22
3552,Referral,Tier 2,Android,Variant_B,2026-03-22
3553,Organic,Tier 3,Android,Variant_B,2026-05-27
3554,Paid Social,Tier 1,Android,Control,2026-03-03
3555,Organic,Tier 2,Android,Control,2026-07-25
3556,Referral,Tier 1,Android,Control,2026-05-02
3557,Referral,Tier 3,Android,Control,2026-06-21
3558,Organic,Tier 1,Android,Control,2026-05-29
3559,Paid Social,Tier 3,Android,Variant_B,2026-05-05
3560,Affiliate,Tier 1,Android,Variant_B,2026-04-18
3561,Affiliate,Tier 2,Android,Control,2026-03-20
3562,Organic,Tier 1,Android,Control,2026-05-07
3563,Referral,Tier 3,Android,Variant_B,2026-03-28
3564,Organic,Tier 3,Android,Variant_B,2026-03-24
3565,Google Ads,Tier 1,iOS,Control,2026-03-16
3566,Paid Social,Tier 2,Android,Control,2026-04-14
3567,Paid Social,Tier 2,iOS,Control,2026-07-13
3568,Organic,Tier 3,Android,Control,2026-04-11
3569,Google Ads,Tier 2,iOS,Control,2026-03-09
3570,Referral,Tier 3,Android,Control,2026-04-11
3571,Organic,Tier 1,Android,Variant_B,2026-04-28
3572,Google Ads,Tier 3,Android,Control,2026-04-09
3573,Referral,Tier 2,Android,Control,2026-06-05
3574,Affiliate,Tier 1,Android,Control,2026-06-02
3575,Google Ads,Tier 2,iOS,Control,2026-05-10
3576,Paid Social,Tier 1,Android,Control,2026-07-10
3577,Google Ads,Tier 2,Android,Variant_B,2026-03-08
3578,Google Ads,Tier 1,Android,Control,2026-03-31
3579,Referral,Tier 1,Android,Variant_B,2026-03-04
3580,Google Ads,Tier 1,Android,Control,2026-06-30
3581,Referral,Tier 1,Android,Control,2026-03-15
3582,Affiliate,Tier 1,Android,Control,2026-03-14
3583,Referral,Tier 2,iOS,Variant_B,2026-04-20
3584,Organic,Tier 1,iOS,Variant_B,2026-06-01
3585,Google Ads,Tier 2,Android,Control,2026-07-18
3586,Organic,Tier 2,Android,Variant_B,2026-03-25
3587,Paid Social,Tier 3,Android,Variant_B,2026-03-03
3588,Organic,Tier 2,iOS,Variant_B,2026-05-12
3589,Affiliate,Tier 1,Android,Control,2026-06-05
3590,Referral,Tier 3,Android,Control,2026-05-31
3591,Referral,Tier 3,Android,Control,2026-04-26
3592,Organic,Tier 1,Android,Control,2026-04-28
3593,Organic,Tier 2,iOS,Control,2026-05-09
3594,Organic,Tier 2,Android,Control,2026-05-04
3595,Organic,Tier 1,Android,Variant_B,2026-07-03
3596,Organic,Tier 1,Android,Control,2026-06-07
3597,Affiliate,Tier 3,Android,Control,2026-06-05
3598,Google Ads,Tier 1,Android,Control,2026-06-23
3599,Affiliate,Tier 2,Android,Variant_B,2026-06-23
3600,Organic,Tier 3,iOS,Control,2026-06-22
3601,Affiliate,Tier 1,Android,Control,2026-03-10
3602,Organic,Tier 2,Android,Variant_B,2026-06-30
3603,Affiliate,Tier 2,Android,Variant_B,2026-06-28
3604,Paid Social,Tier 2,iOS,Variant_B,2026-07-29
3605,Organic,Tier 3,Android,Variant_B,2026-06-10
3606,Paid Social,Tier 2,Android,Variant_B,2026-03-21
3607,Referral,Tier 3,iOS,Variant_B,2026-05-04
3608,Paid Social,Tier 1,iOS,Control,2026-05-24
3609,Paid Social,Tier 3,Android,Variant_B,2026-03-31
3610,Referral,Tier 1,Android,Control,2026-03-16
3611,Google Ads,Tier 1,Android,Variant_B,2026-07-05
3612,Google Ads,Tier 3,Android,Variant_B,2026-03-14
3613,Affiliate,Tier 1,Android,Variant_B,2026-08-01
3614,Affiliate,Tier 3,Android,Control,2026-04-04
3615,Google Ads,Tier 2,iOS,Variant_B,2026-03-29
3616,Organic,Tier 1,Android,Control,2026-07-23
3617,Affiliate,Tier 2,Android,Control,2026-04-11
3618,Organic,Tier 1,Android,Variant_B,2026-05-20
3619,Referral,Tier 1,Android,Variant_B,2026-05-27
3620,Google Ads,Tier 3,Android,Variant_B,2026-05-25
3621,Google Ads,Tier 1,Android,Variant_B,2026-05-26
3622,Affiliate,Tier 1,iOS,Control,2026-07-14
3623,Google Ads,Tier 1,Android,Control,2026-03-28
3624,Paid Social,Tier 2,Android,Control,2026-05-16
3625,Organic,Tier 2,Android,Control,2026-06-22
3626,Organic,Tier 2,Android,Variant_B,2026-07-29
3627,Google Ads,Tier 1,Android,Control,2026-03-08
3628,Referral,Tier 2,Android,Variant_B,2026-05-26
3629,Referral,Tier 1,Android,Control,2026-04-10
3630,Organic,Tier 1,Android,Variant_B,2026-03-02
3631,Google Ads,Tier 2,Android,Variant_B,2026-04-10
3632,Google Ads,Tier 1,Android,Variant_B,2026-07-23
3633,Affiliate,Tier 3,Android,Control,2026-04-29
3634,Organic,Tier 3,Android,Control,2026-03-06
3635,Referral,Tier 2,iOS,Control,2026-07-12
3636,Paid Social,Tier 3,Android,Variant_B,2026-07-09
3637,Paid Social,Tier 2,Android,Control,2026-07-13
3638,Affiliate,Tier 1,iOS,Variant_B,2026-03-22
3639,Paid Social,Tier 2,Android,Variant_B,2026-04-25
3640,Referral,Tier 1,iOS,Control,2026-07-06
3641,Affiliate,Tier 3,Android,Variant_B,2026-04-01
3642,Affiliate,Tier 2,Android,Control,2026-05-24
3643,Paid Social,Tier 2,Android,Control,2026-06-11
3644,Affiliate,Tier 2,Android,Variant_B,2026-06-30
3645,Affiliate,Tier 1,Android,Variant_B,2026-04-24
3646,Organic,Tier 1,Android,Control,2026-04-23
3647,Organic,Tier 1,Android,Control,2026-06-01
3648,Organic,Tier 2,Android,Variant_B,2026-08-01
3649,Organic,Tier 1,Android,Control,2026-07-08
3650,Google Ads,Tier 2,Android,Variant_B,2026-07-10
3651,Organic,Tier 2,Android,Variant_B,2026-04-28
3652,Organic,Tier 1,Android,Control,2026-07-13
3653,Organic,Tier 1,Android,Variant_B,2026-04-12
3654,Paid Social,Tier 3,Android,Control,2026-04-14
3655,Affiliate,Tier 2,iOS,Variant_B,2026-03-19
3656,Google Ads,Tier 2,Android,Control,2026-04-03
3657,Referral,Tier 2,iOS,Variant_B,2026-07-03
3658,Google Ads,Tier 3,Android,Variant_B,2026-06-09
3659,Affiliate,Tier 2,Android,Control,2026-05-21
3660,Organic,Tier 1,Android,Control,2026-05-21
3661,Google Ads,Tier 3,Android,Variant_B,2026-07-18
3662,Referral,Tier 2,Android,Control,2026-03-15
3663,Google Ads,Tier 1,Android,Control,2026-05-06
3664,Google Ads,Tier 3,Android,Variant_B,2026-03-24
3665,Referral,Tier 1,Android,Control,2026-05-19
3666,Referral,Tier 1,Android,Control,2026-06-25
3667,Referral,Tier 2,Android,Variant_B,2026-05-05
3668,Organic,Tier 2,Android,Variant_B,2026-03-11
3669,Referral,Tier 2,iOS,Control,2026-03-19
3670,Paid Social,Tier 1,iOS,Variant_B,2026-03-14
3671,Affiliate,Tier 3,Android,Control,2026-04-27
3672,Google Ads,Tier 2,Android,Control,2026-03-14
3673,Referral,Tier 1,Android,Control,2026-03-23
3674,Organic,Tier 2,Android,Control,2026-03-03
3675,Google Ads,Tier 2,Android,Variant_B,2026-06-03
3676,Referral,Tier 2,Android,Variant_B,2026-06-21
3677,Organic,Tier 2,iOS,Variant_B,2026-03-12
3678,Google Ads,Tier 3,iOS,Variant_B,2026-04-16
3679,Affiliate,Tier 2,Android,Control,2026-07-11
3680,Referral,Tier 2,Android,Variant_B,2026-07-06
3681,Organic,Tier 2,Android,Control,2026-07-20
3682,Organic,Tier 3,Android,Variant_B,2026-07-16
3683,Referral,Tier 2,Android,Variant_B,2026-07-12
3684,Referral,Tier 2,iOS,Control,2026-05-04
3685,Organic,Tier 2,Android,Control,2026-06-10
3686,Paid Social,Tier 3,iOS,Variant_B,2026-07-29
3687,Organic,Tier 2,Android,Control,2026-04-28
3688,Google Ads,Tier 2,Android,Control,2026-03-13
3689,Paid Social,Tier 1,Android,Variant_B,2026-03-25
3690,Organic,Tier 1,Android,Variant_B,2026-06-28
3691,Organic,Tier 1,Android,Variant_B,2026-03-07
3692,Google Ads,Tier 2,Android,Variant_B,2026-04-03
3693,Organic,Tier 2,Android,Control,2026-07-20
3694,Organic,Tier 1,Android,Variant_B,2026-06-04
3695,Affiliate,Tier 2,Android,Variant_B,2026-04-26
3696,Organic,Tier 1,Android,Variant_B,2026-07-02
3697,Paid Social,Tier 2,Android,Control,2026-07-22
3698,Google Ads,Tier 2,Android,Variant_B,2026-07-22
3699,Referral,Tier 1,Android,Control,2026-04-30
3700,Google Ads,Tier 1,Android,Control,2026-04-21
3701,Organic,Tier 3,Android,Variant_B,2026-08-01
3702,Google Ads,Tier 2,iOS,Control,2026-04-17
3703,Google Ads,Tier 1,iOS,Variant_B,2026-07-22
3704,Referral,Tier 2,Android,Control,2026-07-17
3705,Google Ads,Tier 3,Android,Variant_B,2026-03-02
3706,Google Ads,Tier 1,Android,Control,2026-04-12
3707,Organic,Tier 2,Android,Control,2026-03-01
3708,Referral,Tier 3,Android,Variant_B,2026-05-07
3709,Paid Social,Tier 1,Android,Variant_B,2026-03-09
3710,Organic,Tier 1,Android,Variant_B,2026-03-30
3711,Referral,Tier 1,Android,Variant_B,2026-05-09
3712,Paid Social,Tier 3,iOS,Control,2026-04-09
3713,Organic,Tier 3,Android,Control,2026-06-29
3714,Organic,Tier 1,iOS,Variant_B,2026-06-18
3715,Referral,Tier 1,iOS,Control,2026-07-31
3716,Referral,Tier 1,iOS,Control,2026-06-29
3717,Paid Social,Tier 2,Android,Control,2026-07-02
3718,Organic,Tier 1,Android,Variant_B,2026-06-19
3719,Referral,Tier 2,Android,Variant_B,2026-07-13
3720,Google Ads,Tier 2,iOS,Variant_B,2026-04-05
3721,Organic,Tier 1,Android,Variant_B,2026-04-19
3722,Google Ads,Tier 1,Android,Variant_B,2026-06-24
3723,Paid Social,Tier 1,Android,Control,2026-04-23
3724,Organic,Tier 1,iOS,Variant_B,2026-04-12
3725,Referral,Tier 1,iOS,Variant_B,2026-06-27
3726,Paid Social,Tier 1,Android,Control,2026-03-04
3727,Referral,Tier 3,iOS,Variant_B,2026-07-12
3728,Organic,Tier 1,iOS,Control,2026-05-08
3729,Organic,Tier 2,Android,Variant_B,2026-05-13
3730,Google Ads,Tier 3,Android,Control,2026-06-15
3731,Google Ads,Tier 3,Android,Variant_B,2026-07-18
3732,Referral,Tier 1,iOS,Variant_B,2026-07-30
3733,Paid Social,Tier 1,Android,Control,2026-05-06
3734,Referral,Tier 3,iOS,Control,2026-08-01
3735,Google Ads,Tier 1,Android,Variant_B,2026-04-20
3736,Organic,Tier 3,Android,Control,2026-06-05
3737,Referral,Tier 2,Android,Variant_B,2026-03-08
3738,Organic,Tier 3,Android,Control,2026-03-14
3739,Google Ads,Tier 3,Android,Variant_B,2026-04-20
3740,Organic,Tier 3,Android,Control,2026-05-09
3741,Paid Social,Tier 1,iOS,Variant_B,2026-06-09
3742,Paid Social,Tier 3,Android,Control,2026-03-05
3743,Referral,Tier 3,Android,Variant_B,2026-05-05
3744,Paid Social,Tier 3,Android,Variant_B,2026-06-23
3745,Paid Social,Tier 2,iOS,Control,2026-04-20
3746,Organic,Tier 2,Android,Control,2026-03-01
3747,Google Ads,Tier 2,Android,Control,2026-05-18
3748,Referral,Tier 1,Android,Control,2026-04-20
3749,Google Ads,Tier 1,Android,Control,2026-07-04
3750,Referral,Tier 1,Android,Variant_B,2026-07-15
3751,Paid Social,Tier 1,Android,Variant_B,2026-07-31
3752,Organic,Tier 1,iOS,Control,2026-05-31
3753,Organic,Tier 1,Android,Control,2026-04-05
3754,Google Ads,Tier 3,Android,Variant_B,2026-04-06
3755,Google Ads,Tier 1,iOS,Control,2026-06-13
3756,Organic,Tier 3,Android,Control,2026-07-30
3757,Referral,Tier 2,Android,Control,2026-05-10
3758,Affiliate,Tier 1,Android,Variant_B,2026-07-06
3759,Google Ads,Tier 3,iOS,Variant_B,2026-07-10
3760,Organic,Tier 3,Android,Control,2026-06-22
3761,Organic,Tier 3,iOS,Control,2026-03-24
3762,Referral,Tier 2,Android,Control,2026-03-21
3763,Affiliate,Tier 1,Android,Control,2026-07-03
3764,Referral,Tier 1,iOS,Control,2026-06-15
3765,Paid Social,Tier 1,Android,Variant_B,2026-06-05
3766,Google Ads,Tier 1,iOS,Control,2026-07-31
3767,Paid Social,Tier 2,Android,Control,2026-06-15
3768,Paid Social,Tier 2,Android,Variant_B,2026-04-24
3769,Referral,Tier 1,Android,Variant_B,2026-04-04
3770,Affiliate,Tier 3,Android,Variant_B,2026-03-01
3771,Google Ads,Tier 1,Android,Control,2026-05-29
3772,Organic,Tier 2,iOS,Control,2026-03-31
3773,Organic,Tier 2,Android,Control,2026-04-12
3774,Google Ads,Tier 2,Android,Variant_B,2026-06-01
3775,Affiliate,Tier 3,Android,Control,2026-07-30
3776,Paid Social,Tier 2,Android,Variant_B,2026-03-29
3777,Organic,Tier 1,Android,Control,2026-05-26
3778,Affiliate,Tier 1,Android,Control,2026-06-06
3779,Organic,Tier 3,iOS,Variant_B,2026-07-16
3780,Organic,Tier 3,Android,Variant_B,2026-03-14
3781,Referral,Tier 1,iOS,Variant_B,2026-04-17
3782,Referral,Tier 1,Android,Variant_B,2026-03-09
3783,Affiliate,Tier 1,Android,Control,2026-07-10
3784,Paid Social,Tier 1,Android,Variant_B,2026-06-30
3785,Google Ads,Tier 2,Android,Variant_B,2026-07-30
3786,Paid Social,Tier 3,Android,Control,2026-03-18
3787,Organic,Tier 3,iOS,Control,2026-03-27
3788,Affiliate,Tier 1,Android,Variant_B,2026-07-05
3789,Organic,Tier 1,Android,Control,2026-04-21
3790,Paid Social,Tier 3,iOS,Variant_B,2026-07-29
3791,Organic,Tier 1,Android,Control,2026-07-02
3792,Referral,Tier 3,Android,Control,2026-05-08
3793,Affiliate,Tier 1,Android,Control,2026-03-23
3794,Paid Social,Tier 1,iOS,Control,2026-07-20
3795,Affiliate,Tier 1,Android,Variant_B,2026-05-13
3796,Referral,Tier 1,Android,Control,2026-07-27
3797,Google Ads,Tier 3,Android,Variant_B,2026-03-28
3798,Organic,Tier 2,iOS,Control,2026-07-24
3799,Paid Social,Tier 2,Android,Variant_B,2026-04-18
3800,Google Ads,Tier 1,iOS,Control,2026-06-29
3801,Paid Social,Tier 1,Android,Control,2026-07-30
3802,Paid Social,Tier 1,Android,Control,2026-05-11
3803,Referral,Tier 2,iOS,Variant_B,2026-07-22
3804,Google Ads,Tier 1,Android,Variant_B,2026-06-07
3805,Organic,Tier 1,Android,Variant_B,2026-03-07
3806,Referral,Tier 1,Android,Control,2026-06-08
3807,Referral,Tier 3,Android,Control,2026-04-08
3808,Google Ads,Tier 2,Android,Variant_B,2026-03-15
3809,Affiliate,Tier 3,Android,Control,2026-04-09
3810,Organic,Tier 3,Android,Control,2026-07-23
3811,Organic,Tier 2,Android,Variant_B,2026-07-08
3812,Affiliate,Tier 3,iOS,Variant_B,2026-05-12
3813,Paid Social,Tier 1,Android,Variant_B,2026-03-07
3814,Organic,Tier 1,Android,Control,2026-06-28
3815,Google Ads,Tier 3,Android,Control,2026-07-04
3816,Affiliate,Tier 1,iOS,Control,2026-06-22
3817,Paid Social,Tier 3,Android,Variant_B,2026-04-14
3818,Paid Social,Tier 2,Android,Control,2026-04-06
3819,Organic,Tier 2,Android,Control,2026-05-19
3820,Organic,Tier 2,Android,Variant_B,2026-03-30
3821,Referral,Tier 3,Android,Control,2026-04-17
3822,Referral,Tier 1,Android,Variant_B,2026-04-29
3823,Organic,Tier 2,Android,Control,2026-03-12
3824,Affiliate,Tier 1,iOS,Control,2026-03-29
3825,Referral,Tier 1,iOS,Control,2026-05-14
3826,Organic,Tier 3,Android,Control,2026-07-19
3827,Google Ads,Tier 1,Android,Control,2026-04-10
3828,Google Ads,Tier 1,Android,Variant_B,2026-06-10
3829,Referral,Tier 2,iOS,Variant_B,2026-04-28
3830,Referral,Tier 1,Android,Variant_B,2026-05-02
3831,Organic,Tier 1,iOS,Control,2026-03-20
3832,Paid Social,Tier 3,Android,Control,2026-03-18
3833,Google Ads,Tier 2,iOS,Variant_B,2026-05-15
3834,Google Ads,Tier 2,Android,Control,2026-05-07
3835,Organic,Tier 1,Android,Variant_B,2026-04-02
3836,Referral,Tier 3,Android,Variant_B,2026-04-30
3837,Google Ads,Tier 1,Android,Control,2026-03-10
3838,Affiliate,Tier 1,Android,Variant_B,2026-05-19
3839,Google Ads,Tier 1,iOS,Control,2026-06-01
3840,Paid Social,Tier 1,Android,Control,2026-06-29
3841,Affiliate,Tier 2,Android,Variant_B,2026-07-14
3842,Referral,Tier 1,Android,Variant_B,2026-05-07
3843,Referral,Tier 1,Android,Control,2026-05-15
3844,Paid Social,Tier 1,Android,Control,2026-05-18
3845,Referral,Tier 2,Android,Control,2026-04-21
3846,Organic,Tier 2,Android,Variant_B,2026-06-21
3847,Referral,Tier 3,Android,Control,2026-03-03
3848,Paid Social,Tier 1,Android,Variant_B,2026-03-22
3849,Google Ads,Tier 1,Android,Variant_B,2026-07-19
3850,Paid Social,Tier 2,Android,Variant_B,2026-05-10
3851,Organic,Tier 2,Android,Control,2026-07-24
3852,Affiliate,Tier 1,Android,Control,2026-06-08
3853,Affiliate,Tier 1,Android,Variant_B,2026-04-23
3854,Organic,Tier 1,Android,Control,2026-06-29
3855,Paid Social,Tier 3,iOS,Control,2026-06-19
3856,Google Ads,Tier 3,Android,Control,2026-06-25
3857,Google Ads,Tier 3,Android,Variant_B,2026-04-20
3858,Paid Social,Tier 2,Android,Control,2026-03-30
3859,Google Ads,Tier 2,Android,Control,2026-05-11
3860,Google Ads,Tier 3,Android,Variant_B,2026-04-27
3861,Google Ads,Tier 1,Android,Variant_B,2026-04-30
3862,Paid Social,Tier 1,Android,Control,2026-04-21
3863,Organic,Tier 2,Android,Variant_B,2026-03-11
3864,Paid Social,Tier 1,Android,Control,2026-03-14
3865,Affiliate,Tier 2,Android,Variant_B,2026-07-09
3866,Paid Social,Tier 1,Android,Control,2026-04-05
3867,Organic,Tier 1,Android,Variant_B,2026-07-26
3868,Referral,Tier 1,Android,Control,2026-06-23
3869,Referral,Tier 1,Android,Control,2026-05-07
3870,Organic,Tier 3,Android,Variant_B,2026-04-09
3871,Paid Social,Tier 2,Android,Variant_B,2026-07-03
3872,Paid Social,Tier 1,Android,Variant_B,2026-07-20
3873,Organic,Tier 1,Android,Control,2026-04-01
3874,Affiliate,Tier 2,iOS,Control,2026-03-05
3875,Referral,Tier 2,Android,Control,2026-07-11
3876,Organic,Tier 2,Android,Variant_B,2026-04-09
3877,Google Ads,Tier 1,Android,Variant_B,2026-07-31
3878,Affiliate,Tier 1,iOS,Variant_B,2026-04-04
3879,Organic,Tier 1,Android,Variant_B,2026-04-01
3880,Organic,Tier 1,Android,Variant_B,2026-03-18
3881,Google Ads,Tier 1,Android,Variant_B,2026-04-21
3882,Referral,Tier 3,Android,Variant_B,2026-04-24
3883,Organic,Tier 2,Android,Control,2026-06-16
3884,Google Ads,Tier 1,Android,Control,2026-06-26
3885,Paid Social,Tier 2,iOS,Control,2026-05-21
3886,Referral,Tier 3,iOS,Variant_B,2026-03-11
3887,Referral,Tier 2,Android,Variant_B,2026-07-03
3888,Paid Social,Tier 1,Android,Variant_B,2026-04-23
3889,Google Ads,Tier 1,Android,Variant_B,2026-05-26
3890,Referral,Tier 1,Android,Variant_B,2026-03-06
3891,Referral,Tier 1,Android,Variant_B,2026-05-09
3892,Paid Social,Tier 1,Android,Control,2026-04-29
3893,Organic,Tier 2,Android,Variant_B,2026-07-17
3894,Paid Social,Tier 2,Android,Control,2026-03-17
3895,Paid Social,Tier 2,Android,Variant_B,2026-07-14
3896,Paid Social,Tier 3,Android,Variant_B,2026-05-23
3897,Google Ads,Tier 3,Android,Variant_B,2026-04-29
3898,Paid Social,Tier 2,Android,Variant_B,2026-05-21
3899,Affiliate,Tier 2,Android,Variant_B,2026-05-19
3900,Paid Social,Tier 1,Android,Variant_B,2026-04-14
3901,Google Ads,Tier 2,iOS,Variant_B,2026-07-22
3902,Paid Social,Tier 1,Android,Variant_B,2026-06-26
3903,Organic,Tier 3,Android,Variant_B,2026-04-15
3904,Organic,Tier 1,iOS,Control,2026-04-15
3905,Paid Social,Tier 2,Android,Variant_B,2026-07-24
3906,Referral,Tier 1,Android,Variant_B,2026-06-11
3907,Google Ads,Tier 1,iOS,Variant_B,2026-06-12
3908,Organic,Tier 2,Android,Control,2026-03-17
3909,Referral,Tier 1,iOS,Control,2026-03-17
3910,Paid Social,Tier 3,Android,Control,2026-07-10
3911,Organic,Tier 1,Android,Control,2026-07-19
3912,Organic,Tier 1,Android,Variant_B,2026-05-09
3913,Referral,Tier 3,Android,Control,2026-07-08
3914,Paid Social,Tier 1,Android,Control,2026-05-29
3915,Paid Social,Tier 2,Android,Control,2026-04-13
3916,Referral,Tier 1,Android,Control,2026-06-13
3917,Organic,Tier 1,iOS,Variant_B,2026-05-28
3918,Organic,Tier 1,Android,Control,2026-03-23
3919,Organic,Tier 2,Android,Variant_B,2026-03-17
3920,Google Ads,Tier 1,iOS,Variant_B,2026-04-11
3921,Paid Social,Tier 3,Android,Variant_B,2026-03-25
3922,Organic,Tier 2,Android,Variant_B,2026-05-16
3923,Paid Social,Tier 1,Android,Control,2026-06-02
3924,Paid Social,Tier 1,iOS,Control,2026-03-02
3925,Referral,Tier 1,Android,Control,2026-06-06
3926,Referral,Tier 2,Android,Control,2026-05-30
3927,Google Ads,Tier 3,iOS,Variant_B,2026-07-16
3928,Organic,Tier 3,Android,Control,2026-05-08
3929,Referral,Tier 2,Android,Control,2026-07-24
3930,Organic,Tier 1,Android,Variant_B,2026-07-02
3931,Organic,Tier 1,Android,Control,2026-04-10
3932,Affiliate,Tier 3,Android,Variant_B,2026-06-25
3933,Paid Social,Tier 3,Android,Control,2026-04-27
3934,Referral,Tier 2,Android,Variant_B,2026-04-06
3935,Organic,Tier 2,Android,Control,2026-03-28
3936,Referral,Tier 2,Android,Control,2026-06-06
3937,Organic,Tier 2,Android,Variant_B,2026-05-09
3938,Organic,Tier 3,Android,Variant_B,2026-03-05
3939,Paid Social,Tier 1,iOS,Variant_B,2026-03-30
3940,Referral,Tier 1,Android,Variant_B,2026-03-10
3941,Paid Social,Tier 1,iOS,Control,2026-03-14
3942,Paid Social,Tier 3,Android,Control,2026-07-03
3943,Paid Social,Tier 3,Android,Control,2026-06-13
3944,Organic,Tier 2,Android,Control,2026-06-12
3945,Affiliate,Tier 3,Android,Variant_B,2026-04-29
3946,Affiliate,Tier 2,Android,Variant_B,2026-07-31
3947,Referral,Tier 1,Android,Control,2026-05-16
3948,Referral,Tier 2,iOS,Control,2026-07-29
3949,Organic,Tier 1,iOS,Control,2026-06-07
3950,Google Ads,Tier 1,Android,Control,2026-03-04
3951,Referral,Tier 2,Android,Variant_B,2026-04-17
3952,Affiliate,Tier 3,Android,Control,2026-03-15
3953,Referral,Tier 1,Android,Variant_B,2026-04-18
3954,Organic,Tier 2,iOS,Variant_B,2026-07-08
3955,Google Ads,Tier 1,Android,Variant_B,2026-06-18
3956,Affiliate,Tier 2,Android,Control,2026-03-31
3957,Paid Social,Tier 2,Android,Control,2026-05-26
3958,Google Ads,Tier 2,Android,Control,2026-04-03
3959,Google Ads,Tier 1,Android,Variant_B,2026-03-26
3960,Referral,Tier 2,Android,Control,2026-06-01
3961,Organic,Tier 2,Android,Variant_B,2026-06-13
3962,Paid Social,Tier 1,Android,Variant_B,2026-06-04
3963,Organic,Tier 2,Android,Control,2026-03-09
3964,Referral,Tier 3,Android,Control,2026-07-05
3965,Affiliate,Tier 3,Android,Variant_B,2026-03-30
3966,Referral,Tier 3,iOS,Variant_B,2026-04-05
3967,Affiliate,Tier 1,Android,Control,2026-05-05
3968,Organic,Tier 1,Android,Variant_B,2026-04-18
3969,Affiliate,Tier 1,Android,Variant_B,2026-05-15
3970,Affiliate,Tier 2,Android,Control,2026-06-15
3971,Referral,Tier 1,Android,Control,2026-07-29
3972,Paid Social,Tier 2,Android,Variant_B,2026-05-27
3973,Referral,Tier 1,iOS,Control,2026-05-16
3974,Organic,Tier 3,Android,Variant_B,2026-05-02
3975,Google Ads,Tier 1,Android,Variant_B,2026-06-03
3976,Google Ads,Tier 1,Android,Control,2026-05-22
3977,Affiliate,Tier 1,iOS,Control,2026-04-19
3978,Google Ads,Tier 2,Android,Variant_B,2026-05-31
3979,Referral,Tier 1,iOS,Variant_B,2026-05-29
3980,Affiliate,Tier 2,iOS,Control,2026-07-22
3981,Google Ads,Tier 1,Android,Variant_B,2026-03-27
3982,Referral,Tier 1,iOS,Variant_B,2026-04-06
3983,Paid Social,Tier 1,iOS,Variant_B,2026-05-19
3984,Affiliate,Tier 2,Android,Variant_B,2026-06-06
3985,Google Ads,Tier 2,Android,Control,2026-03-20
3986,Organic,Tier 1,Android,Variant_B,2026-06-08
3987,Paid Social,Tier 1,Android,Variant_B,2026-07-09
3988,Organic,Tier 2,iOS,Variant_B,2026-04-11
3989,Google Ads,Tier 2,Android,Variant_B,2026-07-24
3990,Paid Social,Tier 1,Android,Variant_B,2026-06-25
3991,Google Ads,Tier 2,Android,Control,2026-05-23
3992,Organic,Tier 1,Android,Variant_B,2026-07-30
3993,Google Ads,Tier 3,iOS,Variant_B,2026-06-18
3994,Organic,Tier 1,Android,Control,2026-07-30
3995,Paid Social,Tier 1,iOS,Control,2026-03-28
3996,Organic,Tier 2,Android,Control,2026-05-02
3997,Google Ads,Tier 3,iOS,Control,2026-07-22
3998,Referral,Tier 2,Android,Variant_B,2026-03-14
3999,Google Ads,Tier 1,Android,Variant_B,2026-07-24
4000,Paid Social,Tier 3,Android,Control,2026-05-16
4001,Google Ads,Tier 1,Android,Variant_B,2026-04-07
4002,Referral,Tier 1,iOS,Control,2026-03-28
4003,Paid Social,Tier 2,Android,Variant_B,2026-06-04
4004,Organic,Tier 2,Android,Control,2026-06-18
4005,Paid Social,Tier 2,iOS,Control,2026-06-26
4006,Google Ads,Tier 2,iOS,Variant_B,2026-06-10
4007,Referral,Tier 1,Android,Variant_B,2026-06-17
4008,Affiliate,Tier 2,Android,Variant_B,2026-07-19
4009,Google Ads,Tier 2,Android,Variant_B,2026-07-12
4010,Affiliate,Tier 1,Android,Variant_B,2026-07-22
4011,Google Ads,Tier 2,Android,Control,2026-05-21
4012,Organic,Tier 2,Android,Control,2026-03-10
4013,Organic,Tier 1,iOS,Variant_B,2026-04-27
4014,Paid Social,Tier 1,Android,Variant_B,2026-07-07
4015,Referral,Tier 1,Android,Variant_B,2026-07-31
4016,Organic,Tier 1,iOS,Variant_B,2026-06-09
4017,Referral,Tier 2,Android,Control,2026-05-11
4018,Affiliate,Tier 2,Android,Control,2026-07-02
4019,Organic,Tier 3,Android,Variant_B,2026-06-23
4020,Organic,Tier 1,iOS,Variant_B,2026-06-30
4021,Organic,Tier 1,Android,Control,2026-07-12
4022,Organic,Tier 1,Android,Control,2026-04-18
4023,Organic,Tier 1,iOS,Variant_B,2026-06-15
4024,Google Ads,Tier 1,Android,Variant_B,2026-05-05
4025,Paid Social,Tier 3,iOS,Control,2026-04-09
4026,Google Ads,Tier 2,Android,Variant_B,2026-06-05
4027,Organic,Tier 2,Android,Variant_B,2026-07-13
4028,Organic,Tier 2,Android,Control,2026-06-17
4029,Paid Social,Tier 1,Android,Variant_B,2026-07-10
4030,Organic,Tier 2,Android,Control,2026-05-19
4031,Google Ads,Tier 2,Android,Variant_B,2026-05-01
4032,Organic,Tier 2,iOS,Control,2026-05-07
4033,Referral,Tier 1,Android,Control,2026-04-29
4034,Paid Social,Tier 2,Android,Variant_B,2026-03-24
4035,Referral,Tier 1,iOS,Variant_B,2026-07-27
4036,Organic,Tier 1,Android,Variant_B,2026-06-03
4037,Affiliate,Tier 2,iOS,Variant_B,2026-04-11
4038,Paid Social,Tier 1,Android,Control,2026-05-29
4039,Paid Social,Tier 3,Android,Control,2026-05-19
4040,Google Ads,Tier 2,Android,Variant_B,2026-04-26
4041,Affiliate,Tier 1,Android,Control,2026-04-01
4042,Organic,Tier 2,Android,Variant_B,2026-05-24
4043,Google Ads,Tier 2,Android,Variant_B,2026-07-02
4044,Paid Social,Tier 2,Android,Control,2026-05-27
4045,Google Ads,Tier 3,Android,Variant_B,2026-05-29
4046,Referral,Tier 3,Android,Control,2026-05-20
4047,Organic,Tier 1,Android,Control,2026-07-02
4048,Google Ads,Tier 2,Android,Control,2026-03-20
4049,Organic,Tier 1,iOS,Control,2026-03-28
4050,Paid Social,Tier 2,Android,Control,2026-07-31
4051,Organic,Tier 1,Android,Variant_B,2026-06-16
4052,Organic,Tier 3,iOS,Control,2026-03-31
4053,Paid Social,Tier 2,Android,Control,2026-05-16
4054,Organic,Tier 3,Android,Control,2026-07-20
4055,Organic,Tier 2,Android,Control,2026-07-12
4056,Paid Social,Tier 1,Android,Control,2026-07-20
4057,Google Ads,Tier 3,Android,Variant_B,2026-06-19
4058,Paid Social,Tier 2,Android,Variant_B,2026-04-25
4059,Referral,Tier 1,Android,Variant_B,2026-03-17
4060,Paid Social,Tier 3,Android,Variant_B,2026-03-09
4061,Affiliate,Tier 3,Android,Control,2026-04-22
4062,Referral,Tier 3,Android,Control,2026-06-10
4063,Referral,Tier 1,Android,Control,2026-03-14
4064,Google Ads,Tier 2,Android,Control,2026-04-18
4065,Paid Social,Tier 1,iOS,Variant_B,2026-04-19
4066,Referral,Tier 1,iOS,Control,2026-03-12
4067,Google Ads,Tier 2,Android,Control,2026-04-25
4068,Affiliate,Tier 2,iOS,Control,2026-03-16
4069,Paid Social,Tier 2,Android,Variant_B,2026-05-05
4070,Paid Social,Tier 1,Android,Control,2026-04-22
4071,Organic,Tier 1,Android,Variant_B,2026-04-08
4072,Organic,Tier 2,Android,Variant_B,2026-06-23
4073,Google Ads,Tier 2,Android,Control,2026-06-30
4074,Referral,Tier 1,iOS,Variant_B,2026-07-09
4075,Organic,Tier 1,Android,Control,2026-07-28
4076,Referral,Tier 1,Android,Variant_B,2026-04-24
4077,Organic,Tier 2,Android,Control,2026-06-14
4078,Affiliate,Tier 2,Android,Control,2026-07-24
4079,Paid Social,Tier 3,iOS,Variant_B,2026-07-08
4080,Google Ads,Tier 1,Android,Control,2026-06-19
4081,Google Ads,Tier 1,Android,Variant_B,2026-03-28
4082,Paid Social,Tier 1,Android,Control,2026-03-18
4083,Organic,Tier 2,iOS,Control,2026-06-05
4084,Paid Social,Tier 1,Android,Control,2026-07-08
4085,Paid Social,Tier 3,Android,Variant_B,2026-05-01
4086,Referral,Tier 1,Android,Control,2026-07-21
4087,Organic,Tier 1,Android,Variant_B,2026-04-17
4088,Google Ads,Tier 3,Android,Variant_B,2026-06-28
4089,Organic,Tier 1,iOS,Control,2026-07-02
4090,Paid Social,Tier 1,Android,Control,2026-05-27
4091,Organic,Tier 2,Android,Control,2026-06-17
4092,Google Ads,Tier 1,Android,Control,2026-07-24
4093,Organic,Tier 3,Android,Variant_B,2026-05-08
4094,Paid Social,Tier 1,Android,Control,2026-07-09
4095,Organic,Tier 1,Android,Control,2026-03-01
4096,Organic,Tier 3,Android,Control,2026-05-02
4097,Google Ads,Tier 3,Android,Control,2026-03-31
4098,Paid Social,Tier 1,Android,Control,2026-05-10
4099,Affiliate,Tier 1,Android,Variant_B,2026-06-03
4100,Google Ads,Tier 2,iOS,Control,2026-07-29
4101,Paid Social,Tier 1,Android,Control,2026-04-29
4102,Affiliate,Tier 2,Android,Control,2026-03-13
4103,Google Ads,Tier 2,Android,Variant_B,2026-03-31
4104,Organic,Tier 3,Android,Control,2026-07-08
4105,Referral,Tier 1,Android,Variant_B,2026-05-19
4106,Organic,Tier 1,Android,Control,2026-05-28
4107,Organic,Tier 1,Android,Variant_B,2026-05-19
4108,Organic,Tier 1,Android,Variant_B,2026-05-13
4109,Referral,Tier 1,Android,Variant_B,2026-04-20
4110,Paid Social,Tier 2,Android,Variant_B,2026-06-27
4111,Paid Social,Tier 3,Android,Control,2026-05-21
4112,Referral,Tier 1,Android,Control,2026-06-25
4113,Organic,Tier 1,Android,Variant_B,2026-06-21
4114,Organic,Tier 3,Android,Variant_B,2026-07-25
4115,Google Ads,Tier 2,Android,Variant_B,2026-03-14
4116,Referral,Tier 3,Android,Control,2026-06-03
4117,Paid Social,Tier 3,Android,Variant_B,2026-04-05
4118,Affiliate,Tier 2,iOS,Variant_B,2026-07-13
4119,Organic,Tier 1,Android,Control,2026-06-24
4120,Google Ads,Tier 1,iOS,Variant_B,2026-03-19
4121,Referral,Tier 2,iOS,Variant_B,2026-07-19
4122,Organic,Tier 1,Android,Variant_B,2026-05-31
4123,Organic,Tier 3,iOS,Variant_B,2026-03-17
4124,Google Ads,Tier 2,Android,Control,2026-04-14
4125,Affiliate,Tier 2,iOS,Variant_B,2026-06-13
4126,Google Ads,Tier 1,Android,Variant_B,2026-05-05
4127,Organic,Tier 2,Android,Variant_B,2026-04-04
4128,Paid Social,Tier 3,Android,Control,2026-05-29
4129,Referral,Tier 1,Android,Variant_B,2026-04-04
4130,Referral,Tier 2,Android,Control,2026-07-21
4131,Paid Social,Tier 2,Android,Variant_B,2026-04-12
4132,Organic,Tier 3,Android,Variant_B,2026-07-03
4133,Google Ads,Tier 2,Android,Variant_B,2026-07-19
4134,Referral,Tier 2,iOS,Control,2026-06-25
4135,Affiliate,Tier 3,Android,Control,2026-05-29
4136,Google Ads,Tier 1,Android,Control,2026-03-18
4137,Paid Social,Tier 2,Android,Variant_B,2026-04-29
4138,Organic,Tier 1,iOS,Control,2026-06-30
4139,Paid Social,Tier 3,Android,Variant_B,2026-03-26
4140,Affiliate,Tier 1,Android,Control,2026-04-27
4141,Organic,Tier 2,Android,Variant_B,2026-06-20
4142,Referral,Tier 1,Android,Control,2026-07-21
4143,Google Ads,Tier 3,Android,Control,2026-03-03
4144,Organic,Tier 3,iOS,Control,2026-03-25
4145,Google Ads,Tier 2,Android,Variant_B,2026-04-28
4146,Google Ads,Tier 2,Android,Variant_B,2026-07-30
4147,Referral,Tier 3,Android,Control,2026-07-29
4148,Paid Social,Tier 2,Android,Variant_B,2026-04-02
4149,Google Ads,Tier 1,Android,Control,2026-06-07
4150,Organic,Tier 2,Android,Control,2026-07-11
4151,Google Ads,Tier 1,Android,Control,2026-03-05
4152,Google Ads,Tier 1,Android,Variant_B,2026-05-05
4153,Referral,Tier 2,Android,Variant_B,2026-05-19
4154,Google Ads,Tier 2,Android,Control,2026-03-27
4155,Google Ads,Tier 1,iOS,Variant_B,2026-03-02
4156,Google Ads,Tier 1,Android,Variant_B,2026-07-21
4157,Referral,Tier 1,Android,Control,2026-03-30
4158,Organic,Tier 3,Android,Control,2026-06-11
4159,Organic,Tier 1,iOS,Control,2026-06-24
4160,Paid Social,Tier 3,Android,Control,2026-05-14
4161,Paid Social,Tier 3,Android,Control,2026-03-19
4162,Organic,Tier 1,Android,Control,2026-04-11
4163,Google Ads,Tier 1,Android,Control,2026-03-23
4164,Paid Social,Tier 1,Android,Control,2026-03-01
4165,Referral,Tier 2,Android,Variant_B,2026-04-05
4166,Affiliate,Tier 3,Android,Variant_B,2026-03-22
4167,Affiliate,Tier 3,Android,Control,2026-03-15
4168,Paid Social,Tier 1,Android,Variant_B,2026-06-24
4169,Organic,Tier 1,Android,Variant_B,2026-07-30
4170,Google Ads,Tier 1,Android,Control,2026-03-20
4171,Referral,Tier 3,Android,Variant_B,2026-03-04
4172,Organic,Tier 2,Android,Variant_B,2026-03-29
4173,Referral,Tier 1,Android,Variant_B,2026-05-01
4174,Referral,Tier 3,Android,Control,2026-06-14
4175,Referral,Tier 2,Android,Control,2026-05-12
4176,Google Ads,Tier 2,Android,Variant_B,2026-06-20
4177,Referral,Tier 1,Android,Variant_B,2026-05-29
4178,Referral,Tier 3,Android,Variant_B,2026-04-23
4179,Referral,Tier 2,Android,Control,2026-03-28
4180,Organic,Tier 3,Android,Variant_B,2026-06-25
4181,Google Ads,Tier 3,Android,Control,2026-04-16
4182,Google Ads,Tier 1,Android,Control,2026-06-03
4183,Organic,Tier 3,Android,Variant_B,2026-06-15
4184,Organic,Tier 1,iOS,Variant_B,2026-03-06
4185,Google Ads,Tier 2,Android,Control,2026-06-28
4186,Organic,Tier 1,Android,Control,2026-04-12
4187,Organic,Tier 1,Android,Variant_B,2026-05-31
4188,Organic,Tier 2,Android,Control,2026-03-17
4189,Affiliate,Tier 1,Android,Control,2026-07-28
4190,Affiliate,Tier 3,Android,Variant_B,2026-07-30
4191,Referral,Tier 1,Android,Control,2026-03-27
4192,Google Ads,Tier 2,Android,Control,2026-03-07
4193,Organic,Tier 1,iOS,Control,2026-05-18
4194,Paid Social,Tier 1,Android,Variant_B,2026-05-25
4195,Google Ads,Tier 2,Android,Variant_B,2026-05-15
4196,Google Ads,Tier 2,Android,Variant_B,2026-04-12
4197,Paid Social,Tier 3,Android,Control,2026-07-25
4198,Google Ads,Tier 1,Android,Variant_B,2026-05-27
4199,Affiliate,Tier 1,Android,Control,2026-03-05
4200,Google Ads,Tier 3,Android,Variant_B,2026-04-24
4201,Organic,Tier 2,Android,Variant_B,2026-07-15
4202,Google Ads,Tier 1,Android,Control,2026-03-10
4203,Affiliate,Tier 2,Android,Control,2026-06-22
4204,Organic,Tier 1,Android,Control,2026-03-06
4205,Organic,Tier 2,iOS,Control,2026-03-19
4206,Organic,Tier 3,Android,Control,2026-04-28
4207,Paid Social,Tier 2,Android,Variant_B,2026-07-02
4208,Referral,Tier 3,iOS,Control,2026-07-03
4209,Organic,Tier 2,Android,Variant_B,2026-03-12
4210,Referral,Tier 1,Android,Variant_B,2026-05-02
4211,Organic,Tier 3,Android,Variant_B,2026-04-27
4212,Referral,Tier 1,iOS,Variant_B,2026-06-19
4213,Google Ads,Tier 3,Android,Variant_B,2026-05-10
4214,Organic,Tier 1,Android,Variant_B,2026-06-14
4215,Organic,Tier 1,Android,Control,2026-06-30
4216,Referral,Tier 1,Android,Control,2026-07-18
4217,Referral,Tier 1,Android,Variant_B,2026-05-13
4218,Organic,Tier 1,Android,Variant_B,2026-03-01
4219,Organic,Tier 1,Android,Control,2026-04-22
4220,Paid Social,Tier 3,Android,Control,2026-07-24
4221,Referral,Tier 1,Android,Variant_B,2026-04-08
4222,Paid Social,Tier 1,Android,Control,2026-03-23
4223,Paid Social,Tier 1,Android,Variant_B,2026-03-05
4224,Google Ads,Tier 1,iOS,Variant_B,2026-03-04
4225,Google Ads,Tier 1,Android,Variant_B,2026-04-21
4226,Google Ads,Tier 1,iOS,Variant_B,2026-05-08
4227,Referral,Tier 2,Android,Variant_B,2026-06-22
4228,Organic,Tier 3,Android,Control,2026-03-26
4229,Paid Social,Tier 2,Android,Variant_B,2026-06-25
4230,Referral,Tier 1,Android,Control,2026-07-20
4231,Referral,Tier 1,Android,Variant_B,2026-04-05
4232,Affiliate,Tier 1,Android,Control,2026-03-17
4233,Google Ads,Tier 1,Android,Control,2026-06-02
4234,Google Ads,Tier 2,Android,Variant_B,2026-08-01
4235,Organic,Tier 1,Android,Variant_B,2026-06-10
4236,Organic,Tier 3,Android,Control,2026-07-18
4237,Google Ads,Tier 2,Android,Control,2026-06-14
4238,Referral,Tier 1,Android,Variant_B,2026-06-07
4239,Organic,Tier 2,Android,Control,2026-03-15
4240,Paid Social,Tier 1,Android,Variant_B,2026-03-18
4241,Affiliate,Tier 2,Android,Variant_B,2026-07-24
4242,Google Ads,Tier 2,iOS,Control,2026-03-28
4243,Paid Social,Tier 3,Android,Variant_B,2026-04-17
4244,Google Ads,Tier 2,Android,Variant_B,2026-06-09
4245,Organic,Tier 1,Android,Control,2026-06-06
4246,Organic,Tier 3,iOS,Control,2026-06-30
4247,Paid Social,Tier 3,Android,Variant_B,2026-04-16
4248,Organic,Tier 1,iOS,Variant_B,2026-06-11
4249,Google Ads,Tier 3,Android,Variant_B,2026-04-16
4250,Affiliate,Tier 1,Android,Control,2026-03-05
4251,Organic,Tier 1,Android,Variant_B,2026-05-20
4252,Paid Social,Tier 3,Android,Variant_B,2026-07-06
4253,Google Ads,Tier 3,iOS,Control,2026-07-19
4254,Referral,Tier 3,Android,Variant_B,2026-07-24
4255,Paid Social,Tier 3,iOS,Variant_B,2026-06-28
4256,Google Ads,Tier 3,iOS,Variant_B,2026-03-31
4257,Referral,Tier 1,Android,Variant_B,2026-03-27
4258,Affiliate,Tier 2,Android,Variant_B,2026-05-31
4259,Organic,Tier 2,iOS,Variant_B,2026-04-05
4260,Organic,Tier 2,Android,Control,2026-05-23
4261,Referral,Tier 2,Android,Control,2026-04-15
4262,Paid Social,Tier 1,Android,Control,2026-06-19
4263,Organic,Tier 2,Android,Variant_B,2026-03-16
4264,Paid Social,Tier 1,Android,Control,2026-05-10
4265,Paid Social,Tier 1,iOS,Variant_B,2026-03-19
4266,Referral,Tier 1,Android,Control,2026-07-30
4267,Affiliate,Tier 3,Android,Variant_B,2026-05-20
4268,Organic,Tier 3,Android,Variant_B,2026-05-09
4269,Referral,Tier 1,Android,Variant_B,2026-05-17
4270,Affiliate,Tier 2,Android,Control,2026-05-17
4271,Affiliate,Tier 1,Android,Control,2026-04-11
4272,Paid Social,Tier 3,Android,Control,2026-07-07
4273,Organic,Tier 3,Android,Control,2026-04-17
4274,Google Ads,Tier 3,Android,Variant_B,2026-07-22
4275,Organic,Tier 2,Android,Variant_B,2026-06-24
4276,Referral,Tier 2,iOS,Control,2026-06-06
4277,Referral,Tier 2,Android,Variant_B,2026-05-01
4278,Organic,Tier 2,Android,Control,2026-03-25
4279,Paid Social,Tier 1,Android,Control,2026-04-09
4280,Organic,Tier 1,Android,Variant_B,2026-03-10
4281,Referral,Tier 2,Android,Variant_B,2026-08-01
4282,Google Ads,Tier 3,iOS,Variant_B,2026-03-21
4283,Paid Social,Tier 2,Android,Control,2026-07-27
4284,Organic,Tier 2,Android,Variant_B,2026-04-20
4285,Organic,Tier 2,iOS,Control,2026-05-11
4286,Google Ads,Tier 1,iOS,Control,2026-07-25
4287,Google Ads,Tier 1,Android,Control,2026-06-24
4288,Affiliate,Tier 1,Android,Control,2026-03-14
4289,Google Ads,Tier 1,Android,Variant_B,2026-03-30
4290,Paid Social,Tier 2,Android,Variant_B,2026-06-19
4291,Paid Social,Tier 3,Android,Control,2026-03-07
4292,Paid Social,Tier 2,Android,Control,2026-04-11
4293,Paid Social,Tier 1,Android,Variant_B,2026-04-19
4294,Organic,Tier 2,iOS,Control,2026-04-14
4295,Organic,Tier 1,Android,Control,2026-06-27
4296,Organic,Tier 2,iOS,Control,2026-06-16
4297,Paid Social,Tier 1,iOS,Variant_B,2026-07-13
4298,Organic,Tier 2,Android,Variant_B,2026-05-26
4299,Organic,Tier 1,iOS,Variant_B,2026-05-18
4300,Organic,Tier 1,Android,Control,2026-03-25
4301,Google Ads,Tier 1,Android,Control,2026-06-10
4302,Paid Social,Tier 3,iOS,Variant_B,2026-06-22
4303,Affiliate,Tier 1,Android,Variant_B,2026-05-09
4304,Organic,Tier 3,Android,Variant_B,2026-03-11
4305,Referral,Tier 2,Android,Variant_B,2026-05-10
4306,Paid Social,Tier 1,iOS,Variant_B,2026-06-09
4307,Organic,Tier 2,Android,Control,2026-06-15
4308,Organic,Tier 3,Android,Variant_B,2026-03-24
4309,Affiliate,Tier 2,Android,Variant_B,2026-06-27
4310,Affiliate,Tier 2,Android,Variant_B,2026-04-25
4311,Paid Social,Tier 1,Android,Control,2026-03-30
4312,Organic,Tier 1,Android,Variant_B,2026-04-02
4313,Organic,Tier 1,iOS,Control,2026-04-27
4314,Organic,Tier 2,Android,Variant_B,2026-06-28
4315,Organic,Tier 3,Android,Variant_B,2026-05-15
4316,Referral,Tier 2,Android,Control,2026-04-05
4317,Google Ads,Tier 1,Android,Control,2026-06-09
4318,Paid Social,Tier 3,Android,Variant_B,2026-05-30
4319,Organic,Tier 2,Android,Variant_B,2026-08-01
4320,Organic,Tier 3,Android,Variant_B,2026-05-08
4321,Paid Social,Tier 3,Android,Variant_B,2026-03-14
4322,Affiliate,Tier 2,iOS,Variant_B,2026-05-04
4323,Organic,Tier 2,Android,Control,2026-03-16
4324,Organic,Tier 2,Android,Control,2026-07-13
4325,Organic,Tier 2,Android,Control,2026-07-01
4326,Organic,Tier 2,Android,Variant_B,2026-05-21
4327,Organic,Tier 2,Android,Control,2026-07-17
4328,Organic,Tier 2,Android,Control,2026-05-23
4329,Google Ads,Tier 1,Android,Variant_B,2026-06-11
4330,Google Ads,Tier 1,Android,Control,2026-05-16
4331,Paid Social,Tier 1,Android,Variant_B,2026-05-24
4332,Affiliate,Tier 2,Android,Control,2026-05-04
4333,Organic,Tier 2,Android,Variant_B,2026-03-11
4334,Organic,Tier 3,Android,Control,2026-03-24
4335,Organic,Tier 1,Android,Control,2026-06-21
4336,Google Ads,Tier 1,Android,Variant_B,2026-03-17
4337,Organic,Tier 1,iOS,Variant_B,2026-05-16
4338,Organic,Tier 3,Android,Variant_B,2026-06-22
4339,Referral,Tier 1,Android,Control,2026-06-04
4340,Affiliate,Tier 1,Android,Control,2026-07-28
4341,Organic,Tier 1,Android,Control,2026-06-15
4342,Organic,Tier 1,Android,Control,2026-06-30
4343,Organic,Tier 2,Android,Variant_B,2026-05-14
4344,Paid Social,Tier 2,Android,Control,2026-06-08
4345,Paid Social,Tier 1,Android,Control,2026-06-16
4346,Organic,Tier 1,Android,Variant_B,2026-05-31
4347,Paid Social,Tier 3,Android,Control,2026-07-10
4348,Organic,Tier 1,Android,Variant_B,2026-03-13
4349,Google Ads,Tier 2,Android,Control,2026-05-14
4350,Google Ads,Tier 1,Android,Variant_B,2026-04-30
4351,Organic,Tier 2,Android,Variant_B,2026-07-16
4352,Referral,Tier 1,Android,Variant_B,2026-06-28
4353,Organic,Tier 1,iOS,Variant_B,2026-03-01
4354,Organic,Tier 1,Android,Control,2026-07-29
4355,Google Ads,Tier 2,Android,Control,2026-05-27
4356,Organic,Tier 3,Android,Control,2026-03-18
4357,Affiliate,Tier 3,iOS,Control,2026-03-09
4358,Google Ads,Tier 2,iOS,Variant_B,2026-05-15
4359,Google Ads,Tier 1,Android,Control,2026-07-23
4360,Organic,Tier 2,iOS,Control,2026-04-17
4361,Referral,Tier 1,Android,Variant_B,2026-05-03
4362,Affiliate,Tier 1,Android,Control,2026-03-20
4363,Organic,Tier 3,Android,Variant_B,2026-07-04
4364,Referral,Tier 1,Android,Variant_B,2026-06-12
4365,Organic,Tier 1,Android,Control,2026-03-01
4366,Paid Social,Tier 1,iOS,Control,2026-06-02
4367,Organic,Tier 1,Android,Variant_B,2026-04-06
4368,Organic,Tier 1,Android,Control,2026-05-21
4369,Organic,Tier 1,iOS,Control,2026-05-06
4370,Google Ads,Tier 2,Android,Control,2026-03-31
4371,Referral,Tier 3,Android,Control,2026-06-01
4372,Affiliate,Tier 2,Android,Variant_B,2026-06-16
4373,Paid Social,Tier 1,Android,Control,2026-03-12
4374,Google Ads,Tier 1,Android,Variant_B,2026-06-12
4375,Paid Social,Tier 2,Android,Control,2026-07-23
4376,Google Ads,Tier 2,Android,Control,2026-04-28
4377,Paid Social,Tier 3,Android,Variant_B,2026-03-04
4378,Organic,Tier 1,Android,Control,2026-06-14
4379,Referral,Tier 2,iOS,Control,2026-05-25
4380,Paid Social,Tier 2,Android,Control,2026-03-11
4381,Organic,Tier 1,Android,Control,2026-05-26
4382,Referral,Tier 3,Android,Variant_B,2026-07-19
4383,Paid Social,Tier 2,Android,Variant_B,2026-06-09
4384,Referral,Tier 2,Android,Variant_B,2026-05-31
4385,Google Ads,Tier 3,Android,Variant_B,2026-07-23
4386,Organic,Tier 1,iOS,Variant_B,2026-04-07
4387,Organic,Tier 2,Android,Variant_B,2026-03-08
4388,Google Ads,Tier 3,Android,Variant_B,2026-06-12
4389,Paid Social,Tier 3,Android,Variant_B,2026-03-25
4390,Referral,Tier 2,Android,Variant_B,2026-03-02
4391,Organic,Tier 1,Android,Variant_B,2026-05-12
4392,Paid Social,Tier 2,Android,Control,2026-03-17
4393,Google Ads,Tier 1,Android,Control,2026-06-07
4394,Organic,Tier 3,Android,Variant_B,2026-03-02
4395,Organic,Tier 1,Android,Control,2026-06-09
4396,Organic,Tier 1,Android,Control,2026-06-13
4397,Google Ads,Tier 2,iOS,Variant_B,2026-05-05
4398,Affiliate,Tier 1,Android,Variant_B,2026-06-18
4399,Organic,Tier 2,Android,Variant_B,2026-06-17
4400,Google Ads,Tier 1,Android,Control,2026-03-20
4401,Referral,Tier 1,Android,Variant_B,2026-05-03
4402,Referral,Tier 1,Android,Variant_B,2026-07-11
4403,Google Ads,Tier 1,Android,Control,2026-06-07
4404,Google Ads,Tier 1,Android,Variant_B,2026-07-27
4405,Organic,Tier 2,Android,Variant_B,2026-04-08
4406,Google Ads,Tier 1,Android,Variant_B,2026-05-04
4407,Referral,Tier 1,Android,Variant_B,2026-07-14
4408,Referral,Tier 1,Android,Control,2026-03-11
4409,Paid Social,Tier 1,Android,Variant_B,2026-07-02
4410,Referral,Tier 1,iOS,Control,2026-05-15
4411,Organic,Tier 2,Android,Variant_B,2026-04-17
4412,Google Ads,Tier 3,Android,Control,2026-07-01
4413,Organic,Tier 1,Android,Variant_B,2026-06-11
4414,Google Ads,Tier 1,Android,Control,2026-06-10
4415,Google Ads,Tier 3,Android,Variant_B,2026-05-03
4416,Paid Social,Tier 1,Android,Variant_B,2026-05-27
4417,Google Ads,Tier 3,Android,Variant_B,2026-03-03
4418,Referral,Tier 1,Android,Variant_B,2026-04-24
4419,Paid Social,Tier 2,iOS,Control,2026-06-12
4420,Organic,Tier 2,Android,Control,2026-05-05
4421,Google Ads,Tier 3,Android,Variant_B,2026-03-16
4422,Referral,Tier 2,Android,Control,2026-03-19
4423,Organic,Tier 3,Android,Control,2026-07-17
4424,Referral,Tier 2,Android,Variant_B,2026-03-03
4425,Organic,Tier 1,Android,Variant_B,2026-05-31
4426,Organic,Tier 3,Android,Control,2026-06-17
4427,Organic,Tier 1,iOS,Control,2026-03-21
4428,Affiliate,Tier 1,Android,Control,2026-07-04
4429,Google Ads,Tier 1,Android,Variant_B,2026-03-21
4430,Google Ads,Tier 2,Android,Control,2026-04-28
4431,Google Ads,Tier 2,Android,Variant_B,2026-05-12
4432,Organic,Tier 3,iOS,Variant_B,2026-03-07
4433,Google Ads,Tier 3,Android,Variant_B,2026-07-08
4434,Referral,Tier 2,Android,Variant_B,2026-07-28
4435,Paid Social,Tier 2,iOS,Control,2026-07-06
4436,Organic,Tier 3,Android,Control,2026-07-05
4437,Organic,Tier 2,Android,Control,2026-07-31
4438,Organic,Tier 1,Android,Control,2026-06-03
4439,Referral,Tier 3,Android,Variant_B,2026-06-09
4440,Google Ads,Tier 1,Android,Control,2026-06-10
4441,Organic,Tier 3,Android,Control,2026-04-21
4442,Organic,Tier 3,iOS,Variant_B,2026-06-07
4443,Affiliate,Tier 1,iOS,Control,2026-07-20
4444,Organic,Tier 3,Android,Variant_B,2026-03-13
4445,Referral,Tier 3,iOS,Control,2026-04-08
4446,Referral,Tier 1,Android,Variant_B,2026-03-17
4447,Referral,Tier 3,Android,Control,2026-06-05
4448,Referral,Tier 1,iOS,Variant_B,2026-03-04
4449,Google Ads,Tier 1,iOS,Control,2026-06-29
4450,Organic,Tier 1,Android,Control,2026-06-27
4451,Affiliate,Tier 2,Android,Variant_B,2026-03-14
4452,Organic,Tier 1,Android,Control,2026-06-27
4453,Affiliate,Tier 1,Android,Variant_B,2026-06-04
4454,Paid Social,Tier 2,Android,Variant_B,2026-06-18
4455,Referral,Tier 2,iOS,Variant_B,2026-05-26
4456,Organic,Tier 2,Android,Control,2026-04-09
4457,Organic,Tier 1,Android,Control,2026-07-17
4458,Organic,Tier 3,iOS,Variant_B,2026-03-08
4459,Referral,Tier 3,Android,Variant_B,2026-04-20
4460,Google Ads,Tier 3,Android,Variant_B,2026-06-20
4461,Organic,Tier 1,Android,Control,2026-07-15
4462,Paid Social,Tier 2,iOS,Control,2026-04-23
4463,Affiliate,Tier 1,iOS,Control,2026-04-11
4464,Organic,Tier 2,Android,Control,2026-07-31
4465,Organic,Tier 3,Android,Control,2026-04-12
4466,Organic,Tier 2,Android,Variant_B,2026-06-20
4467,Paid Social,Tier 2,Android,Control,2026-06-20
4468,Google Ads,Tier 2,iOS,Variant_B,2026-03-05
4469,Paid Social,Tier 1,iOS,Variant_B,2026-06-26
4470,Organic,Tier 1,Android,Control,2026-06-27
4471,Organic,Tier 1,Android,Variant_B,2026-03-09
4472,Referral,Tier 1,iOS,Control,2026-07-29
4473,Paid Social,Tier 1,Android,Control,2026-06-24
4474,Paid Social,Tier 2,Android,Variant_B,2026-04-30
4475,Referral,Tier 2,Android,Variant_B,2026-06-04
4476,Organic,Tier 2,Android,Control,2026-06-25
4477,Referral,Tier 3,Android,Variant_B,2026-03-23
4478,Google Ads,Tier 1,iOS,Variant_B,2026-06-11
4479,Organic,Tier 3,iOS,Variant_B,2026-07-15
4480,Affiliate,Tier 2,iOS,Variant_B,2026-07-13
4481,Google Ads,Tier 3,Android,Control,2026-03-11
4482,Organic,Tier 1,Android,Variant_B,2026-04-27
4483,Organic,Tier 3,Android,Control,2026-07-15
4484,Organic,Tier 2,Android,Control,2026-04-21
4485,Google Ads,Tier 2,Android,Control,2026-05-18
4486,Organic,Tier 1,Android,Control,2026-04-10
4487,Paid Social,Tier 2,Android,Control,2026-06-18
4488,Google Ads,Tier 1,Android,Variant_B,2026-04-27
4489,Google Ads,Tier 2,Android,Variant_B,2026-07-22
4490,Organic,Tier 2,Android,Variant_B,2026-07-11
4491,Organic,Tier 1,Android,Variant_B,2026-06-18
4492,Google Ads,Tier 2,iOS,Variant_B,2026-06-20
4493,Google Ads,Tier 2,Android,Control,2026-03-13
4494,Organic,Tier 1,Android,Variant_B,2026-06-28
4495,Google Ads,Tier 1,iOS,Variant_B,2026-05-26
4496,Google Ads,Tier 1,Android,Control,2026-07-26
4497,Organic,Tier 1,Android,Variant_B,2026-04-27
4498,Referral,Tier 2,Android,Variant_B,2026-03-10
4499,Google Ads,Tier 3,Android,Control,2026-04-14
4500,Organic,Tier 2,iOS,Variant_B,2026-06-30
4501,Organic,Tier 3,Android,Control,2026-06-22
4502,Organic,Tier 1,Android,Variant_B,2026-03-06
4503,Affiliate,Tier 1,Android,Control,2026-05-13
4504,Organic,Tier 1,iOS,Control,2026-05-25
4505,Paid Social,Tier 1,iOS,Variant_B,2026-05-20
4506,Google Ads,Tier 2,Android,Control,2026-04-05
4507,Organic,Tier 1,Android,Control,2026-03-09
4508,Google Ads,Tier 2,Android,Control,2026-03-10
4509,Google Ads,Tier 1,Android,Control,2026-06-07
4510,Google Ads,Tier 1,iOS,Variant_B,2026-07-02
4511,Paid Social,Tier 2,Android,Control,2026-05-21
4512,Organic,Tier 1,Android,Control,2026-06-17
4513,Affiliate,Tier 1,Android,Variant_B,2026-06-20
4514,Organic,Tier 2,Android,Control,2026-05-18
4515,Referral,Tier 2,Android,Control,2026-04-15
4516,Google Ads,Tier 1,Android,Variant_B,2026-04-06
4517,Google Ads,Tier 3,Android,Control,2026-07-05
4518,Referral,Tier 1,Android,Variant_B,2026-04-02
4519,Referral,Tier 1,Android,Variant_B,2026-04-07
4520,Paid Social,Tier 2,iOS,Control,2026-08-01
4521,Referral,Tier 1,Android,Control,2026-04-17
4522,Referral,Tier 2,Android,Control,2026-07-07
4523,Referral,Tier 1,iOS,Variant_B,2026-04-01
4524,Paid Social,Tier 1,Android,Variant_B,2026-03-18
4525,Organic,Tier 2,Android,Variant_B,2026-06-09
4526,Organic,Tier 1,Android,Variant_B,2026-04-22
4527,Google Ads,Tier 2,Android,Control,2026-03-12
4528,Organic,Tier 1,iOS,Variant_B,2026-03-22
4529,Google Ads,Tier 2,iOS,Variant_B,2026-04-14
4530,Google Ads,Tier 1,Android,Variant_B,2026-05-06
4531,Organic,Tier 3,Android,Control,2026-05-17
4532,Organic,Tier 3,iOS,Variant_B,2026-07-01
4533,Affiliate,Tier 1,Android,Control,2026-04-30
4534,Google Ads,Tier 1,Android,Control,2026-07-29
4535,Google Ads,Tier 1,Android,Variant_B,2026-07-12
4536,Affiliate,Tier 2,Android,Control,2026-06-10
4537,Organic,Tier 1,iOS,Variant_B,2026-05-24
4538,Organic,Tier 2,Android,Control,2026-03-16
4539,Organic,Tier 3,iOS,Control,2026-07-06
4540,Paid Social,Tier 3,Android,Variant_B,2026-06-26
4541,Paid Social,Tier 2,Android,Variant_B,2026-05-02
4542,Affiliate,Tier 2,Android,Control,2026-05-11
4543,Google Ads,Tier 3,Android,Variant_B,2026-03-11
4544,Organic,Tier 1,Android,Variant_B,2026-06-30
4545,Google Ads,Tier 2,Android,Control,2026-03-21
4546,Paid Social,Tier 1,Android,Variant_B,2026-05-22
4547,Referral,Tier 1,Android,Control,2026-05-06
4548,Paid Social,Tier 1,Android,Control,2026-04-18
4549,Organic,Tier 2,iOS,Variant_B,2026-07-13
4550,Referral,Tier 1,Android,Control,2026-03-27
4551,Paid Social,Tier 1,Android,Control,2026-04-02
4552,Organic,Tier 1,iOS,Control,2026-05-11
4553,Google Ads,Tier 1,Android,Variant_B,2026-05-02
4554,Affiliate,Tier 1,Android,Control,2026-03-03
4555,Referral,Tier 1,Android,Variant_B,2026-04-02
4556,Paid Social,Tier 2,iOS,Variant_B,2026-06-15
4557,Google Ads,Tier 2,iOS,Control,2026-03-04
4558,Google Ads,Tier 2,iOS,Control,2026-04-19
4559,Referral,Tier 3,Android,Variant_B,2026-03-02
4560,Organic,Tier 2,Android,Control,2026-07-30
4561,Google Ads,Tier 2,Android,Variant_B,2026-04-13
4562,Organic,Tier 2,iOS,Control,2026-07-08
4563,Google Ads,Tier 1,Android,Variant_B,2026-03-27
4564,Organic,Tier 3,Android,Variant_B,2026-03-13
4565,Referral,Tier 1,Android,Control,2026-05-16
4566,Paid Social,Tier 1,Android,Control,2026-05-05
4567,Google Ads,Tier 3,Android,Variant_B,2026-07-14
4568,Organic,Tier 2,Android,Control,2026-06-02
4569,Referral,Tier 2,Android,Control,2026-05-05
4570,Organic,Tier 2,iOS,Variant_B,2026-04-28
4571,Paid Social,Tier 1,iOS,Control,2026-03-30
4572,Google Ads,Tier 2,Android,Control,2026-06-29
4573,Paid Social,Tier 1,Android,Variant_B,2026-04-18
4574,Referral,Tier 1,Android,Control,2026-03-20
4575,Paid Social,Tier 2,iOS,Control,2026-04-21
4576,Referral,Tier 3,Android,Variant_B,2026-08-01
4577,Google Ads,Tier 1,Android,Variant_B,2026-03-06
4578,Organic,Tier 3,Android,Variant_B,2026-04-17
4579,Google Ads,Tier 1,Android,Variant_B,2026-03-16
4580,Organic,Tier 3,Android,Variant_B,2026-07-31
4581,Affiliate,Tier 2,Android,Control,2026-05-26
4582,Organic,Tier 1,Android,Variant_B,2026-05-03
4583,Affiliate,Tier 1,Android,Variant_B,2026-03-11
4584,Affiliate,Tier 1,iOS,Control,2026-07-07
4585,Affiliate,Tier 1,Android,Variant_B,2026-04-27
4586,Google Ads,Tier 1,Android,Control,2026-07-30
4587,Referral,Tier 2,Android,Control,2026-03-10
4588,Paid Social,Tier 2,iOS,Control,2026-07-07
4589,Referral,Tier 2,Android,Variant_B,2026-06-05
4590,Organic,Tier 1,Android,Control,2026-03-15
4591,Google Ads,Tier 1,iOS,Control,2026-07-20
4592,Affiliate,Tier 2,Android,Control,2026-06-18
4593,Organic,Tier 1,Android,Control,2026-05-20
4594,Google Ads,Tier 2,Android,Variant_B,2026-06-23
4595,Organic,Tier 1,Android,Variant_B,2026-04-09
4596,Google Ads,Tier 2,Android,Variant_B,2026-07-03
4597,Organic,Tier 2,iOS,Control,2026-05-28
4598,Paid Social,Tier 2,Android,Variant_B,2026-07-30
4599,Paid Social,Tier 2,iOS,Variant_B,2026-05-23
4600,Google Ads,Tier 1,iOS,Variant_B,2026-04-22
4601,Organic,Tier 2,Android,Control,2026-04-29
4602,Referral,Tier 3,Android,Control,2026-04-26
4603,Paid Social,Tier 1,Android,Variant_B,2026-06-22
4604,Organic,Tier 1,iOS,Control,2026-05-10
4605,Paid Social,Tier 2,Android,Variant_B,2026-06-27
4606,Organic,Tier 3,iOS,Variant_B,2026-07-28
4607,Organic,Tier 1,Android,Variant_B,2026-04-26
4608,Paid Social,Tier 3,Android,Control,2026-03-13
4609,Organic,Tier 2,iOS,Variant_B,2026-07-09
4610,Affiliate,Tier 1,iOS,Control,2026-04-15
4611,Google Ads,Tier 3,Android,Variant_B,2026-07-27
4612,Referral,Tier 1,iOS,Control,2026-04-16
4613,Google Ads,Tier 1,Android,Variant_B,2026-06-25
4614,Paid Social,Tier 1,iOS,Control,2026-03-02
4615,Paid Social,Tier 1,Android,Control,2026-04-11
4616,Affiliate,Tier 1,Android,Variant_B,2026-03-02
4617,Paid Social,Tier 1,Android,Control,2026-05-15
4618,Google Ads,Tier 2,iOS,Variant_B,2026-04-19
4619,Google Ads,Tier 2,Android,Control,2026-04-16
4620,Google Ads,Tier 2,Android,Control,2026-07-10
4621,Affiliate,Tier 2,Android,Control,2026-03-12
4622,Google Ads,Tier 1,Android,Control,2026-04-16
4623,Affiliate,Tier 2,Android,Control,2026-04-29
4624,Organic,Tier 2,Android,Variant_B,2026-06-18
4625,Google Ads,Tier 2,Android,Control,2026-03-11
4626,Google Ads,Tier 1,Android,Control,2026-04-22
4627,Google Ads,Tier 3,Android,Control,2026-05-09
4628,Google Ads,Tier 1,Android,Variant_B,2026-04-02
4629,Affiliate,Tier 2,iOS,Variant_B,2026-06-09
4630,Google Ads,Tier 2,Android,Variant_B,2026-04-16
4631,Paid Social,Tier 1,Android,Control,2026-06-10
4632,Paid Social,Tier 2,iOS,Variant_B,2026-04-29
4633,Affiliate,Tier 1,Android,Variant_B,2026-03-01
4634,Organic,Tier 1,iOS,Variant_B,2026-03-24
4635,Organic,Tier 1,Android,Control,2026-07-23
4636,Organic,Tier 3,Android,Control,2026-03-01
4637,Paid Social,Tier 1,Android,Control,2026-03-01
4638,Organic,Tier 2,Android,Control,2026-06-01
4639,Organic,Tier 3,Android,Variant_B,2026-04-26
4640,Referral,Tier 1,Android,Variant_B,2026-05-21
4641,Paid Social,Tier 2,iOS,Control,2026-05-01
4642,Referral,Tier 2,iOS,Control,2026-07-04
4643,Organic,Tier 3,iOS,Variant_B,2026-06-02
4644,Organic,Tier 1,Android,Variant_B,2026-03-06
4645,Referral,Tier 1,Android,Variant_B,2026-06-24
4646,Referral,Tier 1,Android,Control,2026-04-20
4647,Organic,Tier 1,Android,Control,2026-04-02
4648,Referral,Tier 2,Android,Variant_B,2026-04-20
4649,Paid Social,Tier 1,Android,Variant_B,2026-04-02
4650,Organic,Tier 1,iOS,Variant_B,2026-03-06
4651,Paid Social,Tier 1,Android,Control,2026-03-18
4652,Google Ads,Tier 2,Android,Variant_B,2026-05-15
4653,Google Ads,Tier 1,Android,Variant_B,2026-03-20
4654,Referral,Tier 1,Android,Control,2026-04-04
4655,Google Ads,Tier 2,Android,Control,2026-04-11
4656,Affiliate,Tier 1,Android,Variant_B,2026-03-21
4657,Referral,Tier 1,Android,Variant_B,2026-03-02
4658,Organic,Tier 2,iOS,Variant_B,2026-05-06
4659,Google Ads,Tier 2,iOS,Variant_B,2026-04-14
4660,Affiliate,Tier 1,Android,Control,2026-05-11
4661,Referral,Tier 2,iOS,Control,2026-07-10
4662,Google Ads,Tier 1,iOS,Control,2026-04-14
4663,Referral,Tier 2,Android,Control,2026-07-03
4664,Google Ads,Tier 1,Android,Variant_B,2026-06-06
4665,Google Ads,Tier 2,Android,Control,2026-07-05
4666,Organic,Tier 3,Android,Variant_B,2026-03-02
4667,Organic,Tier 2,Android,Control,2026-03-29
4668,Paid Social,Tier 1,iOS,Control,2026-06-01
4669,Organic,Tier 1,Android,Control,2026-03-14
4670,Paid Social,Tier 1,Android,Control,2026-07-28
4671,Referral,Tier 2,Android,Variant_B,2026-05-06
4672,Paid Social,Tier 1,Android,Variant_B,2026-03-16
4673,Organic,Tier 1,Android,Variant_B,2026-05-11
4674,Paid Social,Tier 3,Android,Variant_B,2026-07-09
4675,Google Ads,Tier 1,Android,Control,2026-08-01
4676,Google Ads,Tier 2,iOS,Variant_B,2026-05-20
4677,Google Ads,Tier 3,iOS,Variant_B,2026-03-08
4678,Affiliate,Tier 2,Android,Control,2026-04-11
4679,Organic,Tier 2,iOS,Variant_B,2026-07-27
4680,Google Ads,Tier 2,Android,Control,2026-06-12
4681,Organic,Tier 1,iOS,Control,2026-07-28
4682,Google Ads,Tier 2,iOS,Control,2026-04-04
4683,Affiliate,Tier 1,Android,Control,2026-04-28
4684,Referral,Tier 3,Android,Variant_B,2026-06-01
4685,Google Ads,Tier 3,Android,Control,2026-07-08
4686,Organic,Tier 1,Android,Control,2026-07-16
4687,Affiliate,Tier 2,Android,Control,2026-07-24
4688,Organic,Tier 1,Android,Control,2026-06-27
4689,Referral,Tier 2,Android,Variant_B,2026-05-27
4690,Referral,Tier 2,iOS,Control,2026-04-24
4691,Organic,Tier 2,Android,Variant_B,2026-03-25
4692,Organic,Tier 1,Android,Control,2026-07-22
4693,Organic,Tier 2,Android,Control,2026-06-09
4694,Google Ads,Tier 1,Android,Control,2026-03-26
4695,Referral,Tier 3,Android,Variant_B,2026-07-11
4696,Organic,Tier 3,Android,Control,2026-06-10
4697,Paid Social,Tier 2,Android,Variant_B,2026-03-02
4698,Organic,Tier 1,Android,Control,2026-07-11
4699,Organic,Tier 2,iOS,Control,2026-08-01
4700,Organic,Tier 3,Android,Variant_B,2026-04-25
4701,Google Ads,Tier 1,Android,Control,2026-04-02
4702,Organic,Tier 1,iOS,Variant_B,2026-06-06
4703,Paid Social,Tier 2,Android,Variant_B,2026-06-01
4704,Paid Social,Tier 3,Android,Control,2026-06-03
4705,Referral,Tier 3,iOS,Variant_B,2026-07-25
4706,Organic,Tier 2,Android,Control,2026-04-12
4707,Google Ads,Tier 1,Android,Variant_B,2026-06-12
4708,Organic,Tier 2,Android,Variant_B,2026-06-11
4709,Organic,Tier 2,iOS,Control,2026-07-03
4710,Referral,Tier 2,Android,Variant_B,2026-03-21
4711,Referral,Tier 3,Android,Variant_B,2026-06-17
4712,Paid Social,Tier 3,Android,Variant_B,2026-07-26
4713,Organic,Tier 2,iOS,Control,2026-07-31
4714,Organic,Tier 3,iOS,Control,2026-05-17
4715,Paid Social,Tier 1,iOS,Variant_B,2026-07-07
4716,Organic,Tier 1,Android,Variant_B,2026-05-08
4717,Google Ads,Tier 1,Android,Variant_B,2026-07-09
4718,Paid Social,Tier 1,Android,Control,2026-06-19
4719,Referral,Tier 1,iOS,Variant_B,2026-07-20
4720,Referral,Tier 2,Android,Control,2026-06-13
4721,Referral,Tier 1,Android,Control,2026-05-02
4722,Google Ads,Tier 1,Android,Variant_B,2026-03-24
4723,Paid Social,Tier 2,Android,Variant_B,2026-04-02
4724,Google Ads,Tier 2,iOS,Variant_B,2026-07-21
4725,Google Ads,Tier 2,Android,Variant_B,2026-06-23
4726,Paid Social,Tier 1,Android,Variant_B,2026-04-15
4727,Paid Social,Tier 1,Android,Variant_B,2026-05-18
4728,Organic,Tier 2,Android,Control,2026-04-10
4729,Google Ads,Tier 1,Android,Control,2026-05-22
4730,Paid Social,Tier 2,Android,Control,2026-05-25
4731,Paid Social,Tier 1,Android,Variant_B,2026-04-22
4732,Google Ads,Tier 1,iOS,Variant_B,2026-06-26
4733,Paid Social,Tier 2,Android,Variant_B,2026-06-29
4734,Organic,Tier 1,Android,Control,2026-04-02
4735,Paid Social,Tier 1,iOS,Variant_B,2026-04-06
4736,Affiliate,Tier 1,Android,Variant_B,2026-04-23
4737,Paid Social,Tier 1,iOS,Variant_B,2026-04-07
4738,Google Ads,Tier 3,Android,Control,2026-07-13
4739,Referral,Tier 2,Android,Variant_B,2026-07-13
4740,Referral,Tier 2,Android,Control,2026-04-26
4741,Affiliate,Tier 1,Android,Control,2026-04-10
4742,Organic,Tier 1,Android,Variant_B,2026-05-04
4743,Paid Social,Tier 1,Android,Variant_B,2026-03-17
4744,Referral,Tier 3,Android,Control,2026-04-04
4745,Paid Social,Tier 1,iOS,Variant_B,2026-05-13
4746,Paid Social,Tier 1,Android,Control,2026-04-26
4747,Google Ads,Tier 2,Android,Control,2026-03-20
4748,Affiliate,Tier 3,iOS,Control,2026-03-09
4749,Paid Social,Tier 1,Android,Variant_B,2026-05-29
4750,Organic,Tier 2,Android,Control,2026-06-02
4751,Paid Social,Tier 3,iOS,Variant_B,2026-04-19
4752,Referral,Tier 3,Android,Control,2026-05-28
4753,Paid Social,Tier 3,Android,Control,2026-05-20
4754,Referral,Tier 1,Android,Control,2026-07-17
4755,Google Ads,Tier 1,Android,Control,2026-04-27
4756,Organic,Tier 1,iOS,Control,2026-05-25
4757,Referral,Tier 3,Android,Variant_B,2026-06-10
4758,Paid Social,Tier 1,Android,Control,2026-04-06
4759,Google Ads,Tier 2,Android,Variant_B,2026-03-03
4760,Paid Social,Tier 2,iOS,Variant_B,2026-03-01
4761,Organic,Tier 1,Android,Control,2026-07-13
4762,Google Ads,Tier 1,iOS,Control,2026-07-01
4763,Google Ads,Tier 2,Android,Variant_B,2026-07-27
4764,Organic,Tier 2,Android,Variant_B,2026-05-12
4765,Affiliate,Tier 3,Android,Variant_B,2026-06-14
4766,Referral,Tier 1,Android,Variant_B,2026-07-03
4767,Google Ads,Tier 2,iOS,Control,2026-07-14
4768,Referral,Tier 2,Android,Variant_B,2026-03-28
4769,Google Ads,Tier 2,iOS,Control,2026-05-25
4770,Google Ads,Tier 2,Android,Control,2026-06-27
4771,Paid Social,Tier 1,Android,Control,2026-05-31
4772,Paid Social,Tier 1,iOS,Control,2026-03-03
4773,Affiliate,Tier 2,Android,Control,2026-07-26
4774,Affiliate,Tier 2,iOS,Control,2026-06-19
4775,Google Ads,Tier 1,iOS,Control,2026-03-07
4776,Paid Social,Tier 1,iOS,Variant_B,2026-06-21
4777,Organic,Tier 2,iOS,Control,2026-06-10
4778,Affiliate,Tier 3,Android,Control,2026-06-21
4779,Organic,Tier 1,Android,Control,2026-04-07
4780,Organic,Tier 1,Android,Control,2026-06-24
4781,Google Ads,Tier 1,Android,Control,2026-03-06
4782,Organic,Tier 2,iOS,Variant_B,2026-04-23
4783,Organic,Tier 3,Android,Variant_B,2026-07-01
4784,Organic,Tier 3,Android,Variant_B,2026-04-09
4785,Organic,Tier 3,Android,Variant_B,2026-06-27
4786,Organic,Tier 1,iOS,Variant_B,2026-07-11
4787,Organic,Tier 1,Android,Control,2026-03-13
4788,Organic,Tier 3,iOS,Variant_B,2026-04-01
4789,Paid Social,Tier 3,Android,Control,2026-07-27
4790,Paid Social,Tier 1,Android,Control,2026-03-06
4791,Affiliate,Tier 2,Android,Variant_B,2026-04-25
4792,Organic,Tier 2,iOS,Control,2026-03-01
4793,Organic,Tier 1,iOS,Variant_B,2026-05-22
4794,Google Ads,Tier 2,Android,Variant_B,2026-06-18
4795,Referral,Tier 2,Android,Control,2026-04-17
4796,Google Ads,Tier 1,Android,Control,2026-04-27
4797,Google Ads,Tier 2,Android,Variant_B,2026-03-11
4798,Organic,Tier 3,Android,Control,2026-07-17
4799,Google Ads,Tier 2,Android,Variant_B,2026-07-13
4800,Referral,Tier 2,Android,Control,2026-06-11
4801,Referral,Tier 2,Android,Variant_B,2026-07-03
4802,Organic,Tier 3,iOS,Variant_B,2026-03-12
4803,Referral,Tier 2,Android,Control,2026-04-28
4804,Paid Social,Tier 3,Android,Variant_B,2026-07-28
4805,Organic,Tier 2,Android,Control,2026-03-24
4806,Paid Social,Tier 1,Android,Variant_B,2026-04-06
4807,Referral,Tier 3,Android,Control,2026-03-31
4808,Organic,Tier 3,iOS,Variant_B,2026-03-19
4809,Organic,Tier 3,Android,Variant_B,2026-03-05
4810,Organic,Tier 2,Android,Variant_B,2026-05-28
4811,Referral,Tier 2,Android,Variant_B,2026-07-13
4812,Affiliate,Tier 2,Android,Variant_B,2026-04-15
4813,Google Ads,Tier 1,iOS,Variant_B,2026-06-11
4814,Paid Social,Tier 3,Android,Variant_B,2026-03-10
4815,Paid Social,Tier 3,Android,Control,2026-04-22
4816,Google Ads,Tier 1,iOS,Control,2026-06-22
4817,Paid Social,Tier 2,Android,Variant_B,2026-07-07
4818,Organic,Tier 1,Android,Control,2026-06-03
4819,Referral,Tier 2,Android,Variant_B,2026-07-26
4820,Referral,Tier 1,Android,Variant_B,2026-07-18
4821,Organic,Tier 3,Android,Variant_B,2026-05-20
4822,Organic,Tier 2,Android,Variant_B,2026-05-09
4823,Affiliate,Tier 2,Android,Control,2026-07-21
4824,Paid Social,Tier 2,iOS,Variant_B,2026-03-17
4825,Google Ads,Tier 1,Android,Variant_B,2026-03-07
4826,Google Ads,Tier 1,Android,Control,2026-03-31
4827,Organic,Tier 1,Android,Control,2026-07-03
4828,Organic,Tier 2,Android,Variant_B,2026-08-01
4829,Organic,Tier 2,Android,Control,2026-07-28
4830,Affiliate,Tier 3,Android,Variant_B,2026-04-11
4831,Affiliate,Tier 2,iOS,Variant_B,2026-04-29
4832,Organic,Tier 2,Android,Variant_B,2026-06-05
4833,Organic,Tier 3,iOS,Control,2026-06-08
4834,Google Ads,Tier 2,Android,Variant_B,2026-03-21
4835,Organic,Tier 2,Android,Control,2026-05-18
4836,Organic,Tier 2,Android,Variant_B,2026-06-06
4837,Organic,Tier 2,Android,Variant_B,2026-07-03
4838,Paid Social,Tier 2,iOS,Control,2026-03-13
4839,Google Ads,Tier 3,iOS,Variant_B,2026-05-10
4840,Google Ads,Tier 1,Android,Control,2026-07-06
4841,Paid Social,Tier 1,Android,Control,2026-07-16
4842,Organic,Tier 2,Android,Variant_B,2026-05-30
4843,Paid Social,Tier 3,Android,Variant_B,2026-04-24
4844,Organic,Tier 2,Android,Control,2026-07-17
4845,Referral,Tier 2,iOS,Variant_B,2026-03-04
4846,Google Ads,Tier 1,Android,Variant_B,2026-06-07
4847,Google Ads,Tier 1,Android,Variant_B,2026-05-01
4848,Affiliate,Tier 1,Android,Control,2026-04-02
4849,Referral,Tier 2,Android,Control,2026-06-02
4850,Google Ads,Tier 3,Android,Variant_B,2026-06-02
4851,Organic,Tier 1,Android,Variant_B,2026-03-25
4852,Organic,Tier 3,Android,Control,2026-07-26
4853,Paid Social,Tier 2,Android,Variant_B,2026-06-18
4854,Paid Social,Tier 1,Android,Variant_B,2026-03-23
4855,Organic,Tier 3,iOS,Variant_B,2026-07-17
4856,Google Ads,Tier 1,Android,Control,2026-04-05
4857,Organic,Tier 2,iOS,Control,2026-05-04
4858,Organic,Tier 1,iOS,Control,2026-03-30
4859,Organic,Tier 2,Android,Variant_B,2026-07-20
4860,Google Ads,Tier 3,Android,Control,2026-06-08
4861,Organic,Tier 3,Android,Control,2026-06-15
4862,Google Ads,Tier 2,Android,Variant_B,2026-07-06
4863,Referral,Tier 2,iOS,Control,2026-03-09
4864,Organic,Tier 1,Android,Variant_B,2026-03-09
4865,Organic,Tier 2,Android,Control,2026-07-25
4866,Paid Social,Tier 1,Android,Control,2026-03-25
4867,Referral,Tier 1,iOS,Variant_B,2026-04-06
4868,Google Ads,Tier 2,Android,Control,2026-07-07
4869,Organic,Tier 3,iOS,Control,2026-06-23
4870,Paid Social,Tier 1,Android,Control,2026-03-02
4871,Organic,Tier 3,Android,Control,2026-07-10
4872,Organic,Tier 1,Android,Variant_B,2026-06-09
4873,Paid Social,Tier 2,Android,Control,2026-06-02
4874,Paid Social,Tier 1,Android,Variant_B,2026-04-08
4875,Paid Social,Tier 2,iOS,Control,2026-04-20
4876,Google Ads,Tier 1,Android,Variant_B,2026-05-08
4877,Referral,Tier 3,Android,Variant_B,2026-06-05
4878,Affiliate,Tier 1,Android,Control,2026-05-18
4879,Organic,Tier 1,Android,Control,2026-07-11
4880,Paid Social,Tier 1,iOS,Control,2026-03-23
4881,Referral,Tier 2,Android,Control,2026-05-28
4882,Referral,Tier 3,Android,Control,2026-05-10
4883,Organic,Tier 2,Android,Variant_B,2026-05-31
4884,Referral,Tier 1,Android,Variant_B,2026-03-10
4885,Google Ads,Tier 3,Android,Control,2026-04-17
4886,Paid Social,Tier 2,Android,Control,2026-07-16
4887,Google Ads,Tier 3,iOS,Variant_B,2026-04-03
4888,Referral,Tier 2,Android,Control,2026-04-25
4889,Google Ads,Tier 1,Android,Control,2026-05-20
4890,Paid Social,Tier 2,Android,Control,2026-07-29
4891,Paid Social,Tier 2,iOS,Variant_B,2026-06-20
4892,Google Ads,Tier 1,iOS,Control,2026-04-09
4893,Google Ads,Tier 2,iOS,Variant_B,2026-04-16
4894,Paid Social,Tier 2,Android,Control,2026-04-02
4895,Organic,Tier 1,Android,Variant_B,2026-04-01
4896,Paid Social,Tier 2,iOS,Control,2026-07-03
4897,Paid Social,Tier 1,Android,Variant_B,2026-03-16
4898,Google Ads,Tier 2,Android,Control,2026-07-15
4899,Paid Social,Tier 1,Android,Control,2026-06-13
4900,Organic,Tier 1,Android,Variant_B,2026-05-26
4901,Referral,Tier 2,Android,Variant_B,2026-05-15
4902,Google Ads,Tier 1,Android,Control,2026-03-04
4903,Organic,Tier 3,Android,Variant_B,2026-05-14
4904,Referral,Tier 2,iOS,Control,2026-07-22
4905,Organic,Tier 1,iOS,Control,2026-03-20
4906,Affiliate,Tier 1,Android,Control,2026-06-11
4907,Paid Social,Tier 1,Android,Variant_B,2026-06-25
4908,Paid Social,Tier 3,iOS,Control,2026-05-23
4909,Organic,Tier 3,iOS,Variant_B,2026-03-12
4910,Paid Social,Tier 1,Android,Control,2026-05-13
4911,Organic,Tier 3,iOS,Variant_B,2026-05-04
4912,Referral,Tier 1,Android,Control,2026-07-13
4913,Google Ads,Tier 2,Android,Control,2026-04-13
4914,Paid Social,Tier 1,Android,Control,2026-04-06
4915,Google Ads,Tier 1,iOS,Variant_B,2026-03-07
4916,Paid Social,Tier 2,Android,Control,2026-06-02
4917,Referral,Tier 1,Android,Variant_B,2026-06-15
4918,Organic,Tier 1,iOS,Variant_B,2026-05-25
4919,Paid Social,Tier 2,Android,Control,2026-03-19
4920,Organic,Tier 3,Android,Variant_B,2026-07-29
4921,Organic,Tier 1,Android,Control,2026-03-14
4922,Organic,Tier 3,Android,Variant_B,2026-05-31
4923,Organic,Tier 2,iOS,Control,2026-06-15
4924,Google Ads,Tier 3,Android,Control,2026-04-03
4925,Paid Social,Tier 2,Android,Variant_B,2026-04-08
4926,Organic,Tier 2,iOS,Control,2026-05-07
4927,Paid Social,Tier 1,Android,Variant_B,2026-03-09
4928,Google Ads,Tier 1,Android,Control,2026-04-11
4929,Organic,Tier 2,iOS,Control,2026-06-09
4930,Organic,Tier 2,Android,Control,2026-06-22
4931,Organic,Tier 2,Android,Control,2026-03-21
4932,Organic,Tier 1,Android,Control,2026-07-28
4933,Google Ads,Tier 1,Android,Control,2026-03-01
4934,Organic,Tier 2,Android,Variant_B,2026-05-07
4935,Google Ads,Tier 1,Android,Control,2026-06-22
4936,Affiliate,Tier 2,iOS,Control,2026-03-25
4937,Organic,Tier 2,Android,Variant_B,2026-04-30
4938,Google Ads,Tier 1,Android,Variant_B,2026-06-13
4939,Google Ads,Tier 1,Android,Variant_B,2026-04-12
4940,Google Ads,Tier 1,Android,Control,2026-05-11
4941,Affiliate,Tier 3,Android,Control,2026-03-17
4942,Organic,Tier 1,Android,Variant_B,2026-07-26
4943,Paid Social,Tier 3,Android,Control,2026-06-26
4944,Referral,Tier 2,iOS,Variant_B,2026-04-09
4945,Affiliate,Tier 2,iOS,Variant_B,2026-05-22
4946,Organic,Tier 1,Android,Control,2026-03-10
4947,Referral,Tier 1,Android,Control,2026-06-24
4948,Organic,Tier 1,Android,Control,2026-05-16
4949,Organic,Tier 2,Android,Variant_B,2026-07-04
4950,Paid Social,Tier 1,Android,Control,2026-07-27
4951,Organic,Tier 2,Android,Control,2026-04-06
4952,Paid Social,Tier 3,Android,Variant_B,2026-03-20
4953,Paid Social,Tier 1,Android,Control,2026-04-09
4954,Referral,Tier 2,Android,Variant_B,2026-04-27
4955,Paid Social,Tier 3,Android,Control,2026-03-04
4956,Paid Social,Tier 2,iOS,Control,2026-07-19
4957,Affiliate,Tier 3,Android,Variant_B,2026-04-18
4958,Google Ads,Tier 1,Android,Control,2026-03-15
4959,Organic,Tier 1,Android,Variant_B,2026-06-23
4960,Paid Social,Tier 2,Android,Variant_B,2026-05-17
4961,Google Ads,Tier 3,Android,Control,2026-04-17
4962,Paid Social,Tier 1,Android,Control,2026-04-08
4963,Google Ads,Tier 1,Android,Control,2026-05-21
4964,Paid Social,Tier 2,Android,Control,2026-07-17
4965,Referral,Tier 2,iOS,Variant_B,2026-05-24
4966,Google Ads,Tier 2,Android,Variant_B,2026-05-06
4967,Organic,Tier 2,Android,Variant_B,2026-05-11
4968,Paid Social,Tier 1,iOS,Control,2026-03-15
4969,Paid Social,Tier 2,Android,Variant_B,2026-06-25
4970,Affiliate,Tier 1,iOS,Variant_B,2026-04-18
4971,Google Ads,Tier 1,Android,Control,2026-07-04
4972,Paid Social,Tier 1,Android,Control,2026-05-13
4973,Paid Social,Tier 2,Android,Variant_B,2026-05-26
4974,Affiliate,Tier 1,iOS,Control,2026-04-20
4975,Organic,Tier 2,Android,Variant_B,2026-05-10
4976,Paid Social,Tier 3,Android,Variant_B,2026-06-21
4977,Paid Social,Tier 2,Android,Variant_B,2026-03-19
4978,Affiliate,Tier 1,Android,Control,2026-05-30
4979,Organic,Tier 1,Android,Control,2026-07-08
4980,Organic,Tier 3,Android,Variant_B,2026-05-11
4981,Affiliate,Tier 2,Android,Control,2026-04-07
4982,Paid Social,Tier 3,Android,Control,2026-03-20
4983,Affiliate,Tier 2,iOS,Control,2026-06-01
4984,Affiliate,Tier 1,Android,Variant_B,2026-06-28
4985,Organic,Tier 3,iOS,Control,2026-06-21
4986,Organic,Tier 3,Android,Control,2026-06-14
4987,Google Ads,Tier 2,Android,Control,2026-07-15
4988,Paid Social,Tier 1,Android,Variant_B,2026-05-21
4989,Google Ads,Tier 1,Android,Variant_B,2026-03-07
4990,Organic,Tier 1,Android,Variant_B,2026-05-07
4991,Referral,Tier 2,Android,Control,2026-07-30
4992,Organic,Tier 1,Android,Variant_B,2026-05-05
4993,Affiliate,Tier 2,Android,Control,2026-07-16
4994,Organic,Tier 1,Android,Control,2026-04-02
4995,Referral,Tier 1,Android,Control,2026-06-08
4996,Google Ads,Tier 2,Android,Variant_B,2026-04-27
4997,Paid Social,Tier 2,iOS,Variant_B,2026-07-25
4998,Paid Social,Tier 1,Android,Control,2026-03-29
4999,Google Ads,Tier 2,Android,Variant_B,2026-04-04
5000,Paid Social,Tier 1,iOS,Control,2026-05-13
5001,Referral,Tier 2,Android,Variant_B,2026-03-01
5002,Organic,Tier 1,Android,Control,2026-06-05
5003,Google Ads,Tier 2,Android,Control,2026-07-03
5004,Paid Social,Tier 1,iOS,Control,2026-07-06
5005,Paid Social,Tier 3,iOS,Control,2026-07-17
5006,Paid Social,Tier 2,iOS,Variant_B,2026-04-14
5007,Paid Social,Tier 2,Android,Control,2026-06-05
5008,Paid Social,Tier 2,iOS,Variant_B,2026-06-23
5009,Paid Social,Tier 1,iOS,Control,2026-04-07
5010,Google Ads,Tier 2,Android,Variant_B,2026-03-25
5011,Organic,Tier 1,Android,Control,2026-03-27
5012,Organic,Tier 1,Android,Control,2026-06-04
5013,Organic,Tier 3,Android,Variant_B,2026-05-14
5014,Organic,Tier 3,Android,Variant_B,2026-04-17
5015,Organic,Tier 2,iOS,Control,2026-07-17
5016,Affiliate,Tier 1,Android,Variant_B,2026-03-26
5017,Google Ads,Tier 2,Android,Variant_B,2026-05-13
5018,Google Ads,Tier 2,Android,Control,2026-05-21
5019,Affiliate,Tier 1,Android,Variant_B,2026-04-19
5020,Organic,Tier 3,iOS,Control,2026-06-07
5021,Paid Social,Tier 1,Android,Control,2026-07-05
5022,Google Ads,Tier 3,Android,Control,2026-05-13
5023,Google Ads,Tier 2,Android,Variant_B,2026-06-17
5024,Google Ads,Tier 2,Android,Variant_B,2026-03-16
5025,Organic,Tier 3,Android,Control,2026-05-11
5026,Paid Social,Tier 1,iOS,Control,2026-03-25
5027,Organic,Tier 3,iOS,Control,2026-06-22
5028,Paid Social,Tier 1,Android,Variant_B,2026-08-01
5029,Google Ads,Tier 2,iOS,Control,2026-05-30
5030,Referral,Tier 2,Android,Control,2026-05-16
5031,Organic,Tier 3,iOS,Control,2026-03-21
5032,Referral,Tier 1,iOS,Control,2026-04-27
5033,Organic,Tier 2,Android,Control,2026-05-05
5034,Paid Social,Tier 1,Android,Control,2026-03-28
5035,Organic,Tier 3,Android,Control,2026-03-22
5036,Referral,Tier 2,iOS,Control,2026-07-16
5037,Organic,Tier 2,iOS,Control,2026-04-25
5038,Organic,Tier 1,iOS,Variant_B,2026-07-18
5039,Paid Social,Tier 2,Android,Control,2026-03-04
5040,Organic,Tier 1,Android,Variant_B,2026-03-23
5041,Paid Social,Tier 1,iOS,Variant_B,2026-07-16
5042,Google Ads,Tier 2,Android,Control,2026-05-17
5043,Google Ads,Tier 1,Android,Control,2026-06-09
5044,Google Ads,Tier 3,iOS,Variant_B,2026-04-11
5045,Organic,Tier 1,Android,Variant_B,2026-03-23
5046,Referral,Tier 1,Android,Control,2026-07-08
5047,Google Ads,Tier 1,Android,Control,2026-05-08
5048,Referral,Tier 3,Android,Control,2026-07-10
5049,Affiliate,Tier 1,Android,Control,2026-05-13
5050,Paid Social,Tier 2,Android,Variant_B,2026-05-26
5051,Organic,Tier 1,Android,Variant_B,2026-07-12
5052,Affiliate,Tier 2,iOS,Variant_B,2026-05-06
5053,Paid Social,Tier 1,Android,Control,2026-07-21
5054,Paid Social,Tier 2,Android,Control,2026-06-23
5055,Affiliate,Tier 1,iOS,Variant_B,2026-05-25
5056,Google Ads,Tier 1,Android,Control,2026-05-14
5057,Paid Social,Tier 2,Android,Control,2026-05-20
5058,Organic,Tier 2,Android,Control,2026-05-25
5059,Google Ads,Tier 2,Android,Control,2026-04-05
5060,Affiliate,Tier 3,Android,Variant_B,2026-07-02
5061,Paid Social,Tier 2,Android,Control,2026-06-02
5062,Organic,Tier 3,Android,Control,2026-04-07
5063,Referral,Tier 3,Android,Control,2026-03-16
5064,Google Ads,Tier 2,Android,Variant_B,2026-05-21
5065,Affiliate,Tier 2,Android,Variant_B,2026-07-19
5066,Referral,Tier 2,Android,Control,2026-07-03
5067,Organic,Tier 1,Android,Control,2026-07-14
5068,Organic,Tier 1,Android,Control,2026-08-01
5069,Paid Social,Tier 2,Android,Control,2026-03-30
5070,Paid Social,Tier 3,iOS,Variant_B,2026-06-04
5071,Google Ads,Tier 2,Android,Variant_B,2026-05-13
5072,Organic,Tier 1,Android,Variant_B,2026-06-26
5073,Organic,Tier 1,Android,Control,2026-03-29
5074,Organic,Tier 1,Android,Variant_B,2026-03-03
5075,Organic,Tier 2,iOS,Control,2026-04-08
5076,Google Ads,Tier 2,Android,Variant_B,2026-08-01
5077,Paid Social,Tier 3,Android,Variant_B,2026-06-03
5078,Paid Social,Tier 3,iOS,Variant_B,2026-03-08
5079,Paid Social,Tier 3,Android,Variant_B,2026-05-15
5080,Paid Social,Tier 1,Android,Control,2026-04-09
5081,Paid Social,Tier 1,Android,Control,2026-03-26
5082,Organic,Tier 3,Android,Control,2026-03-04
5083,Affiliate,Tier 3,Android,Control,2026-05-07
5084,Affiliate,Tier 2,Android,Variant_B,2026-07-27
5085,Google Ads,Tier 1,Android,Variant_B,2026-05-07
5086,Paid Social,Tier 2,iOS,Variant_B,2026-04-30
5087,Paid Social,Tier 1,Android,Variant_B,2026-06-02
5088,Google Ads,Tier 1,Android,Control,2026-07-29
5089,Referral,Tier 2,Android,Control,2026-07-18
5090,Organic,Tier 2,Android,Variant_B,2026-03-05
5091,Google Ads,Tier 3,iOS,Control,2026-03-29
5092,Organic,Tier 1,Android,Control,2026-05-04
5093,Paid Social,Tier 1,Android,Control,2026-05-31
5094,Affiliate,Tier 1,Android,Control,2026-06-22
5095,Referral,Tier 2,iOS,Control,2026-07-12
5096,Referral,Tier 1,Android,Control,2026-04-03
5097,Organic,Tier 2,Android,Variant_B,2026-05-26
5098,Referral,Tier 2,iOS,Control,2026-07-11
5099,Google Ads,Tier 1,Android,Control,2026-04-13
5100,Google Ads,Tier 1,Android,Variant_B,2026-07-07
5101,Google Ads,Tier 1,iOS,Variant_B,2026-06-14
5102,Paid Social,Tier 2,Android,Variant_B,2026-03-22
5103,Referral,Tier 1,Android,Variant_B,2026-06-19
5104,Paid Social,Tier 1,Android,Variant_B,2026-06-14
5105,Referral,Tier 1,Android,Variant_B,2026-05-17
5106,Organic,Tier 2,Android,Variant_B,2026-07-03
5107,Organic,Tier 1,Android,Variant_B,2026-03-26
5108,Paid Social,Tier 3,Android,Control,2026-06-04
5109,Organic,Tier 1,Android,Control,2026-06-13
5110,Google Ads,Tier 1,Android,Variant_B,2026-04-02
5111,Google Ads,Tier 3,Android,Variant_B,2026-05-31
5112,Paid Social,Tier 3,Android,Variant_B,2026-06-16
5113,Organic,Tier 1,Android,Control,2026-07-20
5114,Google Ads,Tier 1,Android,Control,2026-03-13
5115,Organic,Tier 1,Android,Control,2026-05-25
5116,Google Ads,Tier 3,Android,Variant_B,2026-04-09
5117,Organic,Tier 2,Android,Control,2026-04-30
5118,Referral,Tier 1,Android,Variant_B,2026-06-18
5119,Paid Social,Tier 1,Android,Variant_B,2026-05-15
5120,Organic,Tier 3,Android,Control,2026-07-09
5121,Paid Social,Tier 1,iOS,Variant_B,2026-03-18
5122,Google Ads,Tier 2,Android,Control,2026-07-18
5123,Paid Social,Tier 1,Android,Control,2026-03-25
5124,Google Ads,Tier 1,Android,Variant_B,2026-06-20
5125,Organic,Tier 1,iOS,Control,2026-03-15
5126,Referral,Tier 1,Android,Variant_B,2026-07-19
5127,Affiliate,Tier 3,Android,Variant_B,2026-03-13
5128,Google Ads,Tier 2,Android,Control,2026-07-03
5129,Paid Social,Tier 2,Android,Variant_B,2026-04-17
5130,Google Ads,Tier 2,iOS,Control,2026-05-05
5131,Organic,Tier 3,Android,Control,2026-03-30
5132,Organic,Tier 1,iOS,Variant_B,2026-04-03
5133,Organic,Tier 3,iOS,Control,2026-07-11
5134,Paid Social,Tier 1,Android,Variant_B,2026-03-29
5135,Referral,Tier 3,Android,Control,2026-06-12
5136,Paid Social,Tier 1,Android,Control,2026-03-21
5137,Google Ads,Tier 1,Android,Control,2026-06-23
5138,Organic,Tier 2,Android,Variant_B,2026-08-01
5139,Referral,Tier 1,Android,Variant_B,2026-03-06
5140,Organic,Tier 1,iOS,Control,2026-04-11
5141,Organic,Tier 2,Android,Variant_B,2026-07-15
5142,Google Ads,Tier 2,Android,Variant_B,2026-04-29
5143,Paid Social,Tier 2,Android,Variant_B,2026-03-01
5144,Google Ads,Tier 2,iOS,Control,2026-07-05
5145,Google Ads,Tier 2,Android,Variant_B,2026-03-10
5146,Organic,Tier 1,Android,Control,2026-05-08
5147,Affiliate,Tier 3,Android,Variant_B,2026-07-14
5148,Organic,Tier 3,iOS,Variant_B,2026-06-16
5149,Organic,Tier 1,Android,Variant_B,2026-04-09
5150,Google Ads,Tier 2,iOS,Variant_B,2026-07-29
5151,Referral,Tier 2,Android,Variant_B,2026-07-29
5152,Google Ads,Tier 2,Android,Variant_B,2026-04-01
5153,Google Ads,Tier 1,Android,Control,2026-03-22
5154,Organic,Tier 2,Android,Variant_B,2026-07-21
5155,Organic,Tier 2,iOS,Variant_B,2026-03-06
5156,Organic,Tier 1,Android,Variant_B,2026-03-14
5157,Organic,Tier 3,Android,Variant_B,2026-07-30
5158,Organic,Tier 1,Android,Variant_B,2026-07-05
5159,Google Ads,Tier 3,Android,Variant_B,2026-03-20
5160,Paid Social,Tier 3,Android,Variant_B,2026-05-24
5161,Google Ads,Tier 3,iOS,Control,2026-03-06
5162,Organic,Tier 1,Android,Control,2026-07-04
5163,Organic,Tier 1,iOS,Control,2026-03-28
5164,Paid Social,Tier 3,iOS,Control,2026-06-25
5165,Affiliate,Tier 1,iOS,Variant_B,2026-05-02
5166,Google Ads,Tier 3,Android,Variant_B,2026-03-12
5167,Google Ads,Tier 2,Android,Control,2026-04-12
5168,Affiliate,Tier 2,Android,Control,2026-07-04
5169,Google Ads,Tier 1,Android,Variant_B,2026-06-07
5170,Paid Social,Tier 2,Android,Control,2026-04-26
5171,Referral,Tier 1,Android,Control,2026-04-14
5172,Google Ads,Tier 1,Android,Variant_B,2026-07-01
5173,Paid Social,Tier 3,Android,Control,2026-05-14
5174,Referral,Tier 3,Android,Variant_B,2026-03-09
5175,Google Ads,Tier 1,Android,Control,2026-07-10
5176,Referral,Tier 1,Android,Variant_B,2026-03-23
5177,Organic,Tier 1,iOS,Variant_B,2026-04-27
5178,Google Ads,Tier 1,Android,Control,2026-07-05
5179,Google Ads,Tier 3,Android,Variant_B,2026-03-25
5180,Organic,Tier 1,Android,Control,2026-03-03
5181,Organic,Tier 1,Android,Variant_B,2026-03-21
5182,Referral,Tier 2,iOS,Control,2026-07-01
5183,Google Ads,Tier 2,iOS,Control,2026-07-16
5184,Referral,Tier 2,Android,Variant_B,2026-07-06
5185,Paid Social,Tier 2,Android,Control,2026-06-23
5186,Affiliate,Tier 1,iOS,Control,2026-07-09
5187,Affiliate,Tier 1,Android,Variant_B,2026-04-07
5188,Organic,Tier 2,iOS,Variant_B,2026-04-19
5189,Paid Social,Tier 2,Android,Control,2026-05-17
5190,Organic,Tier 1,Android,Control,2026-04-25
5191,Organic,Tier 1,Android,Variant_B,2026-06-22
5192,Affiliate,Tier 2,Android,Control,2026-04-04
5193,Referral,Tier 1,Android,Control,2026-03-01
5194,Organic,Tier 2,Android,Control,2026-03-29
5195,Referral,Tier 2,Android,Variant_B,2026-06-09
5196,Paid Social,Tier 2,iOS,Variant_B,2026-05-19
5197,Google Ads,Tier 1,Android,Variant_B,2026-07-04
5198,Organic,Tier 1,iOS,Control,2026-06-29
5199,Affiliate,Tier 2,Android,Control,2026-05-21
5200,Organic,Tier 2,Android,Variant_B,2026-04-01
5201,Google Ads,Tier 2,Android,Variant_B,2026-07-28
5202,Organic,Tier 2,iOS,Variant_B,2026-03-21
5203,Referral,Tier 3,Android,Variant_B,2026-07-10
5204,Organic,Tier 2,Android,Variant_B,2026-03-16
5205,Referral,Tier 2,Android,Control,2026-07-01
5206,Referral,Tier 3,iOS,Variant_B,2026-07-27
5207,Organic,Tier 2,iOS,Control,2026-06-16
5208,Google Ads,Tier 1,Android,Control,2026-06-04
5209,Organic,Tier 1,Android,Control,2026-07-02
5210,Organic,Tier 3,Android,Variant_B,2026-05-09
5211,Organic,Tier 2,Android,Control,2026-07-24
5212,Organic,Tier 1,Android,Variant_B,2026-03-13
5213,Organic,Tier 3,Android,Variant_B,2026-06-05
5214,Organic,Tier 3,Android,Control,2026-05-13
5215,Google Ads,Tier 1,Android,Control,2026-05-06
5216,Organic,Tier 1,Android,Variant_B,2026-06-02
5217,Paid Social,Tier 1,Android,Variant_B,2026-03-06
5218,Organic,Tier 1,Android,Variant_B,2026-05-22
5219,Organic,Tier 2,Android,Variant_B,2026-03-08
5220,Referral,Tier 1,Android,Variant_B,2026-06-03
5221,Paid Social,Tier 2,iOS,Variant_B,2026-06-05
5222,Referral,Tier 1,Android,Variant_B,2026-03-19
5223,Referral,Tier 2,Android,Variant_B,2026-03-13
5224,Organic,Tier 2,Android,Control,2026-05-05
5225,Google Ads,Tier 2,Android,Variant_B,2026-07-24
5226,Google Ads,Tier 3,Android,Control,2026-07-15
5227,Referral,Tier 3,Android,Variant_B,2026-05-19
5228,Google Ads,Tier 1,iOS,Variant_B,2026-04-29
5229,Paid Social,Tier 1,Android,Control,2026-06-14
5230,Organic,Tier 1,Android,Variant_B,2026-06-02
5231,Referral,Tier 3,Android,Variant_B,2026-06-29
5232,Google Ads,Tier 1,Android,Control,2026-07-18
5233,Organic,Tier 1,Android,Control,2026-07-26
5234,Organic,Tier 3,Android,Variant_B,2026-03-14
5235,Paid Social,Tier 2,Android,Variant_B,2026-07-16
5236,Google Ads,Tier 1,Android,Control,2026-06-23
5237,Referral,Tier 1,Android,Variant_B,2026-06-10
5238,Organic,Tier 3,Android,Variant_B,2026-06-27
5239,Paid Social,Tier 1,Android,Variant_B,2026-05-26
5240,Affiliate,Tier 1,Android,Variant_B,2026-07-15
5241,Paid Social,Tier 2,Android,Variant_B,2026-04-14
5242,Google Ads,Tier 2,Android,Variant_B,2026-07-19
5243,Organic,Tier 2,Android,Control,2026-06-11
5244,Referral,Tier 1,Android,Control,2026-04-03
5245,Organic,Tier 3,Android,Variant_B,2026-07-19
5246,Organic,Tier 2,Android,Variant_B,2026-03-11
5247,Google Ads,Tier 2,Android,Variant_B,2026-06-12
5248,Referral,Tier 1,Android,Variant_B,2026-03-06
5249,Organic,Tier 2,Android,Control,2026-05-08
5250,Paid Social,Tier 2,Android,Control,2026-05-17
5251,Paid Social,Tier 3,Android,Variant_B,2026-04-06
5252,Referral,Tier 1,Android,Control,2026-06-08
5253,Referral,Tier 1,Android,Variant_B,2026-03-17
5254,Referral,Tier 1,Android,Variant_B,2026-07-14
5255,Organic,Tier 1,Android,Variant_B,2026-03-27
5256,Organic,Tier 1,Android,Control,2026-03-06
5257,Organic,Tier 2,iOS,Control,2026-07-06
5258,Organic,Tier 1,Android,Variant_B,2026-04-04
5259,Organic,Tier 2,iOS,Control,2026-06-15
5260,Organic,Tier 2,Android,Control,2026-06-22
5261,Paid Social,Tier 2,Android,Variant_B,2026-03-28
5262,Organic,Tier 1,Android,Variant_B,2026-04-10
5263,Organic,Tier 1,Android,Control,2026-05-22
5264,Referral,Tier 2,Android,Variant_B,2026-06-07
5265,Google Ads,Tier 1,iOS,Variant_B,2026-07-29
5266,Organic,Tier 2,Android,Control,2026-07-26
5267,Organic,Tier 2,Android,Control,2026-05-17
5268,Referral,Tier 1,Android,Control,2026-03-06
5269,Organic,Tier 3,Android,Control,2026-06-01
5270,Referral,Tier 2,Android,Variant_B,2026-08-01
5271,Google Ads,Tier 1,iOS,Variant_B,2026-05-22
5272,Organic,Tier 1,iOS,Variant_B,2026-06-15
5273,Organic,Tier 1,Android,Control,2026-07-30
5274,Affiliate,Tier 1,iOS,Control,2026-06-19
5275,Organic,Tier 1,Android,Variant_B,2026-04-06
5276,Paid Social,Tier 1,iOS,Control,2026-05-31
5277,Affiliate,Tier 2,Android,Control,2026-04-15
5278,Google Ads,Tier 2,iOS,Variant_B,2026-04-14
5279,Organic,Tier 3,Android,Control,2026-07-23
5280,Referral,Tier 1,Android,Variant_B,2026-06-22
5281,Organic,Tier 2,Android,Variant_B,2026-04-06
5282,Organic,Tier 2,Android,Variant_B,2026-04-09
5283,Referral,Tier 2,Android,Control,2026-06-03
5284,Paid Social,Tier 2,Android,Control,2026-03-24
5285,Affiliate,Tier 1,Android,Variant_B,2026-03-04
5286,Paid Social,Tier 1,Android,Control,2026-06-14
5287,Google Ads,Tier 3,Android,Control,2026-05-24
5288,Organic,Tier 1,Android,Variant_B,2026-06-12
5289,Organic,Tier 1,Android,Variant_B,2026-03-08
5290,Referral,Tier 2,Android,Variant_B,2026-06-24
5291,Organic,Tier 2,iOS,Control,2026-04-22
5292,Organic,Tier 1,Android,Variant_B,2026-07-11
5293,Referral,Tier 3,Android,Control,2026-07-01
5294,Organic,Tier 2,Android,Control,2026-03-18
5295,Affiliate,Tier 2,Android,Variant_B,2026-03-16
5296,Affiliate,Tier 2,Android,Control,2026-07-13
5297,Paid Social,Tier 1,Android,Control,2026-07-12
5298,Google Ads,Tier 3,Android,Variant_B,2026-03-16
5299,Affiliate,Tier 3,Android,Variant_B,2026-05-04
5300,Google Ads,Tier 1,Android,Control,2026-06-03
5301,Affiliate,Tier 2,Android,Variant_B,2026-03-11
5302,Referral,Tier 1,iOS,Variant_B,2026-06-23
5303,Organic,Tier 3,Android,Variant_B,2026-06-17
5304,Affiliate,Tier 2,Android,Variant_B,2026-07-26
5305,Referral,Tier 1,Android,Control,2026-03-07
5306,Affiliate,Tier 1,Android,Control,2026-05-13
5307,Google Ads,Tier 1,Android,Control,2026-05-25
5308,Referral,Tier 2,Android,Variant_B,2026-05-19
5309,Paid Social,Tier 2,iOS,Control,2026-06-13
5310,Google Ads,Tier 1,Android,Control,2026-05-19
5311,Organic,Tier 1,Android,Variant_B,2026-03-05
5312,Affiliate,Tier 1,iOS,Variant_B,2026-06-14
5313,Referral,Tier 3,Android,Variant_B,2026-05-19
5314,Paid Social,Tier 1,Android,Variant_B,2026-05-14
5315,Paid Social,Tier 2,Android,Control,2026-03-03
5316,Organic,Tier 1,Android,Variant_B,2026-05-05
5317,Affiliate,Tier 2,Android,Variant_B,2026-06-09
5318,Paid Social,Tier 2,Android,Variant_B,2026-06-19
5319,Paid Social,Tier 3,Android,Control,2026-04-30
5320,Paid Social,Tier 1,Android,Variant_B,2026-06-17
5321,Affiliate,Tier 2,Android,Variant_B,2026-07-22
5322,Google Ads,Tier 2,Android,Variant_B,2026-03-26
5323,Organic,Tier 2,Android,Control,2026-03-13
5324,Paid Social,Tier 2,Android,Variant_B,2026-05-15
5325,Google Ads,Tier 1,Android,Control,2026-07-11
5326,Google Ads,Tier 1,Android,Control,2026-06-04
5327,Google Ads,Tier 1,iOS,Control,2026-05-23
5328,Organic,Tier 1,Android,Control,2026-04-01
5329,Organic,Tier 2,Android,Variant_B,2026-04-24
5330,Organic,Tier 2,Android,Variant_B,2026-07-21
5331,Organic,Tier 1,Android,Variant_B,2026-04-19
5332,Paid Social,Tier 3,iOS,Variant_B,2026-03-09
5333,Referral,Tier 3,Android,Variant_B,2026-03-20
5334,Organic,Tier 3,iOS,Variant_B,2026-04-30
5335,Google Ads,Tier 2,Android,Control,2026-07-16
5336,Referral,Tier 2,Android,Variant_B,2026-06-20
5337,Referral,Tier 3,iOS,Variant_B,2026-04-29
5338,Referral,Tier 2,iOS,Control,2026-05-21
5339,Organic,Tier 2,Android,Control,2026-03-06
5340,Google Ads,Tier 1,iOS,Control,2026-05-03
5341,Google Ads,Tier 1,Android,Control,2026-05-12
5342,Organic,Tier 1,Android,Variant_B,2026-07-15
5343,Referral,Tier 3,Android,Variant_B,2026-04-12
5344,Organic,Tier 3,Android,Variant_B,2026-05-29
5345,Paid Social,Tier 2,iOS,Control,2026-03-16
5346,Organic,Tier 2,Android,Control,2026-04-01
5347,Organic,Tier 2,Android,Variant_B,2026-07-14
5348,Paid Social,Tier 1,Android,Variant_B,2026-04-14
5349,Google Ads,Tier 3,Android,Control,2026-04-13
5350,Paid Social,Tier 1,Android,Variant_B,2026-05-14
5351,Referral,Tier 1,Android,Variant_B,2026-03-03
5352,Organic,Tier 2,Android,Variant_B,2026-03-08
5353,Google Ads,Tier 1,Android,Variant_B,2026-04-22
5354,Google Ads,Tier 2,Android,Variant_B,2026-04-09
5355,Paid Social,Tier 2,iOS,Control,2026-07-26
5356,Affiliate,Tier 2,iOS,Control,2026-07-25
5357,Affiliate,Tier 2,iOS,Control,2026-05-15
5358,Google Ads,Tier 2,Android,Control,2026-04-21
5359,Affiliate,Tier 1,Android,Variant_B,2026-04-11
5360,Referral,Tier 2,Android,Control,2026-07-01
5361,Organic,Tier 3,Android,Variant_B,2026-05-01
5362,Affiliate,Tier 2,Android,Control,2026-06-14
5363,Google Ads,Tier 1,iOS,Variant_B,2026-04-13
5364,Google Ads,Tier 3,Android,Variant_B,2026-06-01
5365,Paid Social,Tier 1,Android,Variant_B,2026-06-16
5366,Google Ads,Tier 1,Android,Control,2026-07-08
5367,Organic,Tier 3,iOS,Variant_B,2026-04-20
5368,Organic,Tier 2,Android,Control,2026-06-11
5369,Organic,Tier 2,Android,Control,2026-05-03
5370,Organic,Tier 1,Android,Control,2026-04-06
5371,Organic,Tier 1,Android,Control,2026-03-19
5372,Organic,Tier 1,Android,Control,2026-05-04
5373,Google Ads,Tier 1,iOS,Control,2026-03-14
5374,Paid Social,Tier 1,Android,Control,2026-05-30
5375,Organic,Tier 2,Android,Control,2026-07-17
5376,Organic,Tier 1,Android,Variant_B,2026-05-10
5377,Paid Social,Tier 3,Android,Variant_B,2026-05-16
5378,Referral,Tier 1,iOS,Control,2026-06-23
5379,Organic,Tier 2,iOS,Variant_B,2026-03-07
5380,Organic,Tier 3,Android,Control,2026-03-13
5381,Paid Social,Tier 1,Android,Variant_B,2026-07-12
5382,Referral,Tier 3,Android,Variant_B,2026-06-18
5383,Paid Social,Tier 1,Android,Variant_B,2026-06-13
5384,Google Ads,Tier 2,iOS,Variant_B,2026-05-31
5385,Organic,Tier 1,Android,Variant_B,2026-06-19
5386,Referral,Tier 1,Android,Variant_B,2026-04-11
5387,Referral,Tier 1,iOS,Variant_B,2026-07-31
5388,Referral,Tier 1,Android,Variant_B,2026-05-21
5389,Organic,Tier 1,Android,Variant_B,2026-05-18
5390,Referral,Tier 2,Android,Variant_B,2026-05-13
5391,Paid Social,Tier 1,iOS,Control,2026-05-30
5392,Paid Social,Tier 3,Android,Control,2026-06-11
5393,Organic,Tier 3,Android,Variant_B,2026-05-11
5394,Google Ads,Tier 1,iOS,Variant_B,2026-06-04
5395,Paid Social,Tier 2,Android,Control,2026-06-24
5396,Affiliate,Tier 2,iOS,Variant_B,2026-05-03
5397,Paid Social,Tier 1,Android,Control,2026-06-24
5398,Organic,Tier 3,iOS,Variant_B,2026-07-07
5399,Google Ads,Tier 1,Android,Variant_B,2026-06-06
5400,Organic,Tier 1,Android,Control,2026-07-13
5401,Paid Social,Tier 3,iOS,Variant_B,2026-03-14
5402,Affiliate,Tier 3,iOS,Variant_B,2026-07-03
5403,Organic,Tier 2,Android,Variant_B,2026-05-04
5404,Google Ads,Tier 1,iOS,Control,2026-06-22
5405,Referral,Tier 1,iOS,Variant_B,2026-06-15
5406,Affiliate,Tier 1,Android,Control,2026-03-22
5407,Affiliate,Tier 1,iOS,Control,2026-06-04
5408,Paid Social,Tier 2,iOS,Control,2026-04-20
5409,Organic,Tier 1,Android,Variant_B,2026-07-17
5410,Google Ads,Tier 1,Android,Variant_B,2026-06-19
5411,Affiliate,Tier 1,Android,Control,2026-07-11
5412,Affiliate,Tier 2,iOS,Control,2026-03-31
5413,Organic,Tier 3,iOS,Control,2026-03-18
5414,Referral,Tier 2,Android,Control,2026-03-26
5415,Organic,Tier 3,Android,Variant_B,2026-03-19
5416,Referral,Tier 2,Android,Variant_B,2026-07-16
5417,Google Ads,Tier 2,iOS,Control,2026-06-09
5418,Affiliate,Tier 2,Android,Variant_B,2026-04-05
5419,Paid Social,Tier 2,Android,Variant_B,2026-03-16
5420,Paid Social,Tier 2,Android,Variant_B,2026-06-22
5421,Organic,Tier 2,Android,Control,2026-04-08
5422,Paid Social,Tier 1,iOS,Variant_B,2026-07-30
5423,Organic,Tier 1,Android,Variant_B,2026-05-17
5424,Organic,Tier 1,Android,Control,2026-06-16
5425,Organic,Tier 2,Android,Control,2026-05-11
5426,Google Ads,Tier 3,Android,Control,2026-05-20
5427,Paid Social,Tier 1,Android,Control,2026-04-30
5428,Organic,Tier 3,iOS,Control,2026-03-27
5429,Organic,Tier 1,Android,Control,2026-03-01
5430,Google Ads,Tier 3,Android,Control,2026-06-29
5431,Google Ads,Tier 1,Android,Control,2026-06-11
5432,Google Ads,Tier 1,Android,Variant_B,2026-06-25
5433,Referral,Tier 2,Android,Variant_B,2026-06-05
5434,Affiliate,Tier 2,iOS,Control,2026-07-15
5435,Google Ads,Tier 1,Android,Variant_B,2026-05-19
5436,Paid Social,Tier 3,Android,Variant_B,2026-07-12
5437,Paid Social,Tier 1,iOS,Control,2026-07-12
5438,Affiliate,Tier 3,Android,Control,2026-07-10
5439,Affiliate,Tier 1,Android,Control,2026-04-27
5440,Organic,Tier 3,Android,Variant_B,2026-06-02
5441,Organic,Tier 3,Android,Variant_B,2026-07-14
5442,Paid Social,Tier 1,Android,Control,2026-07-14
5443,Google Ads,Tier 3,Android,Control,2026-06-11
5444,Organic,Tier 2,Android,Variant_B,2026-05-18
5445,Paid Social,Tier 2,Android,Control,2026-05-11
5446,Affiliate,Tier 2,Android,Variant_B,2026-07-24
5447,Google Ads,Tier 1,Android,Variant_B,2026-04-10
5448,Affiliate,Tier 2,Android,Control,2026-07-14
5449,Paid Social,Tier 1,Android,Variant_B,2026-04-09
5450,Google Ads,Tier 2,Android,Variant_B,2026-04-16
5451,Paid Social,Tier 1,Android,Variant_B,2026-05-25
5452,Paid Social,Tier 3,iOS,Control,2026-03-03
5453,Organic,Tier 2,Android,Control,2026-06-01
5454,Paid Social,Tier 3,iOS,Control,2026-03-21
5455,Google Ads,Tier 1,Android,Control,2026-04-04
5456,Organic,Tier 1,Android,Variant_B,2026-06-17
5457,Referral,Tier 1,Android,Control,2026-07-15
5458,Paid Social,Tier 1,Android,Variant_B,2026-05-15
5459,Google Ads,Tier 1,iOS,Control,2026-08-01
5460,Organic,Tier 3,Android,Variant_B,2026-04-04
5461,Referral,Tier 1,Android,Control,2026-03-13
5462,Referral,Tier 3,Android,Variant_B,2026-06-26
5463,Google Ads,Tier 2,Android,Variant_B,2026-04-14
5464,Referral,Tier 1,Android,Variant_B,2026-06-29
5465,Paid Social,Tier 3,Android,Variant_B,2026-03-09
5466,Organic,Tier 1,Android,Control,2026-06-23
5467,Google Ads,Tier 1,Android,Control,2026-03-07
5468,Affiliate,Tier 3,iOS,Variant_B,2026-07-08
5469,Organic,Tier 2,Android,Variant_B,2026-05-15
5470,Organic,Tier 1,Android,Control,2026-07-23
5471,Organic,Tier 1,Android,Control,2026-07-19
5472,Organic,Tier 2,Android,Variant_B,2026-06-24
5473,Organic,Tier 1,Android,Control,2026-06-24
5474,Referral,Tier 1,Android,Control,2026-07-08
5475,Google Ads,Tier 2,iOS,Variant_B,2026-05-22
5476,Organic,Tier 2,iOS,Control,2026-03-18
5477,Affiliate,Tier 1,Android,Control,2026-05-18
5478,Affiliate,Tier 1,Android,Variant_B,2026-04-13
5479,Paid Social,Tier 1,Android,Control,2026-05-14
5480,Referral,Tier 3,Android,Variant_B,2026-04-02
5481,Paid Social,Tier 1,Android,Control,2026-03-19
5482,Paid Social,Tier 2,Android,Variant_B,2026-03-30
5483,Organic,Tier 1,Android,Control,2026-07-04
5484,Affiliate,Tier 3,Android,Control,2026-06-19
5485,Organic,Tier 1,iOS,Variant_B,2026-05-09
5486,Google Ads,Tier 1,iOS,Control,2026-07-20
5487,Organic,Tier 2,Android,Control,2026-06-23
5488,Google Ads,Tier 3,Android,Variant_B,2026-03-03
5489,Google Ads,Tier 3,iOS,Variant_B,2026-04-05
5490,Paid Social,Tier 1,Android,Control,2026-06-05
5491,Organic,Tier 2,Android,Control,2026-03-12
5492,Google Ads,Tier 1,Android,Control,2026-06-20
5493,Referral,Tier 3,Android,Variant_B,2026-03-17
5494,Google Ads,Tier 1,iOS,Control,2026-03-07
5495,Referral,Tier 1,iOS,Control,2026-03-13
5496,Organic,Tier 3,Android,Variant_B,2026-07-03
5497,Affiliate,Tier 1,Android,Control,2026-06-04
5498,Affiliate,Tier 1,Android,Variant_B,2026-03-28
5499,Referral,Tier 1,Android,Variant_B,2026-06-01
5500,Affiliate,Tier 2,iOS,Control,2026-04-21
5501,Google Ads,Tier 1,Android,Variant_B,2026-05-15
5502,Affiliate,Tier 2,iOS,Variant_B,2026-04-05
5503,Google Ads,Tier 2,Android,Control,2026-04-26
5504,Organic,Tier 2,Android,Variant_B,2026-04-01
5505,Organic,Tier 2,iOS,Variant_B,2026-06-16
5506,Organic,Tier 1,iOS,Control,2026-06-11
5507,Affiliate,Tier 3,Android,Variant_B,2026-07-08
5508,Affiliate,Tier 3,Android,Variant_B,2026-06-29
5509,Organic,Tier 1,Android,Control,2026-07-07
5510,Affiliate,Tier 1,Android,Variant_B,2026-06-20
5511,Organic,Tier 3,Android,Control,2026-03-19
5512,Referral,Tier 1,Android,Variant_B,2026-04-20
5513,Paid Social,Tier 2,iOS,Variant_B,2026-03-12
5514,Affiliate,Tier 2,Android,Control,2026-04-26
5515,Organic,Tier 2,Android,Variant_B,2026-06-18
5516,Organic,Tier 2,Android,Control,2026-07-01
5517,Organic,Tier 1,Android,Control,2026-07-12
5518,Referral,Tier 1,Android,Control,2026-06-18
5519,Google Ads,Tier 3,iOS,Variant_B,2026-03-28
5520,Paid Social,Tier 1,Android,Variant_B,2026-04-29
5521,Google Ads,Tier 2,Android,Variant_B,2026-07-14
5522,Referral,Tier 1,Android,Variant_B,2026-04-26
5523,Google Ads,Tier 2,Android,Control,2026-06-11
5524,Organic,Tier 2,Android,Variant_B,2026-05-12
5525,Paid Social,Tier 2,Android,Control,2026-04-08
5526,Paid Social,Tier 1,Android,Variant_B,2026-05-28
5527,Paid Social,Tier 3,Android,Control,2026-06-23
5528,Affiliate,Tier 2,iOS,Variant_B,2026-04-13
5529,Referral,Tier 3,Android,Control,2026-07-15
5530,Organic,Tier 1,iOS,Control,2026-07-03
5531,Paid Social,Tier 3,Android,Control,2026-07-17
5532,Google Ads,Tier 2,iOS,Variant_B,2026-03-16
5533,Organic,Tier 3,Android,Variant_B,2026-04-21
5534,Paid Social,Tier 1,Android,Control,2026-03-21
5535,Affiliate,Tier 2,Android,Control,2026-05-18
5536,Organic,Tier 1,Android,Control,2026-06-26
5537,Organic,Tier 3,Android,Variant_B,2026-05-09
5538,Organic,Tier 2,iOS,Control,2026-05-07
5539,Organic,Tier 1,Android,Control,2026-07-11
5540,Paid Social,Tier 3,Android,Variant_B,2026-07-17
5541,Paid Social,Tier 2,Android,Control,2026-07-04
5542,Referral,Tier 2,iOS,Control,2026-06-23
5543,Paid Social,Tier 3,Android,Variant_B,2026-07-20
5544,Organic,Tier 1,Android,Variant_B,2026-03-28
5545,Organic,Tier 1,iOS,Variant_B,2026-04-26
5546,Organic,Tier 1,Android,Variant_B,2026-03-20
5547,Referral,Tier 1,Android,Control,2026-07-02
5548,Google Ads,Tier 2,Android,Control,2026-03-16
5549,Affiliate,Tier 1,Android,Variant_B,2026-06-10
5550,Paid Social,Tier 1,iOS,Control,2026-05-10
5551,Paid Social,Tier 2,Android,Variant_B,2026-05-28
5552,Google Ads,Tier 2,Android,Control,2026-07-05
5553,Google Ads,Tier 1,Android,Control,2026-05-26
5554,Paid Social,Tier 1,Android,Control,2026-07-14
5555,Paid Social,Tier 1,Android,Control,2026-07-14
5556,Organic,Tier 1,Android,Variant_B,2026-07-08
5557,Organic,Tier 2,Android,Variant_B,2026-04-02
5558,Paid Social,Tier 2,Android,Variant_B,2026-03-22
5559,Referral,Tier 3,Android,Variant_B,2026-06-19
5560,Google Ads,Tier 3,Android,Variant_B,2026-04-03
5561,Referral,Tier 3,iOS,Control,2026-06-19
5562,Affiliate,Tier 2,Android,Control,2026-03-08
5563,Paid Social,Tier 2,Android,Variant_B,2026-07-12
5564,Google Ads,Tier 2,Android,Control,2026-06-13
5565,Google Ads,Tier 3,Android,Variant_B,2026-06-08
5566,Google Ads,Tier 3,Android,Control,2026-03-18
5567,Organic,Tier 2,Android,Variant_B,2026-05-28
5568,Organic,Tier 1,Android,Control,2026-07-31
5569,Organic,Tier 2,Android,Variant_B,2026-06-07
5570,Referral,Tier 1,iOS,Control,2026-07-19
5571,Organic,Tier 1,Android,Control,2026-05-19
5572,Organic,Tier 1,Android,Control,2026-05-19
5573,Google Ads,Tier 1,Android,Control,2026-05-27
5574,Paid Social,Tier 2,Android,Control,2026-05-18
5575,Google Ads,Tier 2,Android,Control,2026-07-17
5576,Referral,Tier 2,iOS,Control,2026-06-03
5577,Referral,Tier 1,Android,Variant_B,2026-06-15
5578,Google Ads,Tier 1,Android,Variant_B,2026-04-28
5579,Google Ads,Tier 2,Android,Control,2026-06-04
5580,Organic,Tier 3,Android,Variant_B,2026-03-20
5581,Paid Social,Tier 1,Android,Control,2026-06-18
5582,Referral,Tier 1,iOS,Variant_B,2026-04-22
5583,Referral,Tier 2,Android,Control,2026-03-12
5584,Referral,Tier 1,Android,Variant_B,2026-06-12
5585,Organic,Tier 2,iOS,Variant_B,2026-07-12
5586,Organic,Tier 1,Android,Variant_B,2026-04-11
5587,Referral,Tier 2,Android,Control,2026-06-28
5588,Google Ads,Tier 1,Android,Control,2026-05-11
5589,Organic,Tier 1,Android,Variant_B,2026-06-18
5590,Referral,Tier 1,Android,Variant_B,2026-06-29
5591,Paid Social,Tier 2,Android,Variant_B,2026-07-13
5592,Affiliate,Tier 2,iOS,Control,2026-03-25
5593,Referral,Tier 1,Android,Control,2026-03-18
5594,Referral,Tier 3,iOS,Control,2026-05-10
5595,Referral,Tier 1,iOS,Variant_B,2026-03-10
5596,Organic,Tier 1,Android,Control,2026-07-28
5597,Paid Social,Tier 3,Android,Control,2026-06-13
5598,Organic,Tier 1,iOS,Control,2026-03-28
5599,Paid Social,Tier 1,Android,Control,2026-06-06
5600,Organic,Tier 1,iOS,Control,2026-07-10
5601,Referral,Tier 2,Android,Control,2026-04-09
5602,Paid Social,Tier 1,Android,Control,2026-07-14
5603,Affiliate,Tier 1,Android,Variant_B,2026-04-16
5604,Organic,Tier 1,iOS,Control,2026-05-14
5605,Google Ads,Tier 1,Android,Variant_B,2026-04-17
5606,Affiliate,Tier 2,Android,Control,2026-03-30
5607,Organic,Tier 3,Android,Variant_B,2026-07-28
5608,Affiliate,Tier 2,iOS,Variant_B,2026-03-15
5609,Affiliate,Tier 1,iOS,Control,2026-03-06
5610,Google Ads,Tier 2,Android,Variant_B,2026-06-07
5611,Organic,Tier 1,Android,Variant_B,2026-05-19
5612,Affiliate,Tier 1,Android,Control,2026-03-22
5613,Affiliate,Tier 1,Android,Control,2026-06-26
5614,Organic,Tier 2,Android,Control,2026-06-13
5615,Paid Social,Tier 3,Android,Variant_B,2026-04-30
5616,Paid Social,Tier 1,iOS,Control,2026-06-05
5617,Organic,Tier 2,iOS,Control,2026-03-31
5618,Paid Social,Tier 2,Android,Control,2026-07-10
5619,Paid Social,Tier 2,iOS,Control,2026-06-23
5620,Google Ads,Tier 2,Android,Variant_B,2026-06-25
5621,Organic,Tier 2,Android,Variant_B,2026-06-06
5622,Google Ads,Tier 2,Android,Control,2026-05-05
5623,Affiliate,Tier 1,Android,Control,2026-06-16
5624,Paid Social,Tier 2,Android,Variant_B,2026-07-12
5625,Organic,Tier 2,Android,Variant_B,2026-07-12
5626,Google Ads,Tier 1,Android,Variant_B,2026-05-29
5627,Google Ads,Tier 3,Android,Control,2026-05-06
5628,Google Ads,Tier 2,iOS,Control,2026-05-06
5629,Organic,Tier 1,iOS,Control,2026-03-18
5630,Paid Social,Tier 1,iOS,Control,2026-05-08
5631,Organic,Tier 2,Android,Control,2026-06-01
5632,Organic,Tier 3,Android,Control,2026-04-24
5633,Organic,Tier 3,Android,Variant_B,2026-03-10
5634,Organic,Tier 2,iOS,Variant_B,2026-03-17
5635,Google Ads,Tier 3,Android,Variant_B,2026-07-12
5636,Organic,Tier 1,iOS,Control,2026-05-05
5637,Google Ads,Tier 1,Android,Control,2026-03-02
5638,Affiliate,Tier 1,Android,Variant_B,2026-05-06
5639,Organic,Tier 2,iOS,Control,2026-03-24
5640,Organic,Tier 1,Android,Variant_B,2026-07-30
5641,Organic,Tier 1,Android,Control,2026-07-18
5642,Google Ads,Tier 3,Android,Variant_B,2026-07-14
5643,Paid Social,Tier 1,Android,Variant_B,2026-06-01
5644,Referral,Tier 3,Android,Variant_B,2026-06-08
5645,Paid Social,Tier 1,Android,Control,2026-07-04
5646,Google Ads,Tier 2,Android,Variant_B,2026-03-21
5647,Google Ads,Tier 1,Android,Variant_B,2026-03-03
5648,Google Ads,Tier 1,Android,Control,2026-05-17
5649,Organic,Tier 1,Android,Control,2026-07-27
5650,Paid Social,Tier 1,Android,Variant_B,2026-03-07
5651,Google Ads,Tier 1,Android,Control,2026-07-28
5652,Paid Social,Tier 1,Android,Control,2026-05-30
5653,Paid Social,Tier 2,iOS,Control,2026-06-22
5654,Referral,Tier 3,iOS,Control,2026-06-11
5655,Organic,Tier 2,Android,Control,2026-06-29
5656,Affiliate,Tier 1,Android,Variant_B,2026-06-01
5657,Affiliate,Tier 3,Android,Control,2026-04-10
5658,Referral,Tier 1,Android,Control,2026-07-20
5659,Organic,Tier 2,Android,Control,2026-07-21
5660,Paid Social,Tier 1,iOS,Variant_B,2026-05-06
5661,Organic,Tier 1,Android,Control,2026-03-05
5662,Organic,Tier 1,Android,Control,2026-04-02
5663,Referral,Tier 1,iOS,Control,2026-06-30
5664,Paid Social,Tier 2,iOS,Variant_B,2026-03-28
5665,Paid Social,Tier 3,Android,Variant_B,2026-05-12
5666,Affiliate,Tier 2,Android,Variant_B,2026-06-14
5667,Organic,Tier 1,Android,Control,2026-06-17
5668,Paid Social,Tier 2,Android,Control,2026-03-21
5669,Referral,Tier 1,Android,Control,2026-06-28
5670,Google Ads,Tier 2,Android,Variant_B,2026-03-10
5671,Organic,Tier 1,Android,Control,2026-06-17
5672,Organic,Tier 3,iOS,Control,2026-07-04
5673,Organic,Tier 2,iOS,Variant_B,2026-03-05
5674,Google Ads,Tier 3,Android,Variant_B,2026-07-20
5675,Organic,Tier 2,iOS,Control,2026-03-30
5676,Referral,Tier 2,Android,Variant_B,2026-03-03
5677,Paid Social,Tier 3,Android,Control,2026-07-09
5678,Organic,Tier 1,iOS,Control,2026-03-05
5679,Referral,Tier 1,Android,Control,2026-06-15
5680,Organic,Tier 2,Android,Control,2026-07-15
5681,Google Ads,Tier 1,iOS,Variant_B,2026-04-13
5682,Referral,Tier 3,iOS,Variant_B,2026-04-26
5683,Paid Social,Tier 1,Android,Variant_B,2026-07-27
5684,Referral,Tier 1,Android,Control,2026-05-27
5685,Organic,Tier 2,Android,Control,2026-03-09
5686,Organic,Tier 3,iOS,Control,2026-05-28
5687,Organic,Tier 1,iOS,Variant_B,2026-04-29
5688,Affiliate,Tier 1,Android,Control,2026-04-12
5689,Organic,Tier 2,iOS,Variant_B,2026-06-30
5690,Google Ads,Tier 2,Android,Variant_B,2026-03-18
5691,Google Ads,Tier 1,Android,Variant_B,2026-04-22
5692,Google Ads,Tier 3,iOS,Control,2026-05-21
5693,Referral,Tier 2,Android,Control,2026-04-19
5694,Affiliate,Tier 1,Android,Control,2026-07-11
5695,Paid Social,Tier 2,Android,Variant_B,2026-04-14
5696,Google Ads,Tier 3,Android,Control,2026-07-07
5697,Google Ads,Tier 3,Android,Variant_B,2026-04-25
5698,Organic,Tier 1,Android,Control,2026-07-16
5699,Paid Social,Tier 2,Android,Variant_B,2026-05-18
5700,Paid Social,Tier 3,Android,Control,2026-06-07
5701,Paid Social,Tier 1,Android,Variant_B,2026-03-05
5702,Organic,Tier 3,Android,Variant_B,2026-03-28
5703,Referral,Tier 3,Android,Variant_B,2026-05-20
5704,Referral,Tier 1,iOS,Control,2026-04-14
5705,Referral,Tier 2,Android,Variant_B,2026-07-04
5706,Referral,Tier 2,iOS,Control,2026-06-20
5707,Paid Social,Tier 1,Android,Control,2026-03-19
5708,Organic,Tier 2,Android,Control,2026-04-17
5709,Google Ads,Tier 3,Android,Variant_B,2026-06-28
5710,Paid Social,Tier 2,Android,Variant_B,2026-07-04
5711,Referral,Tier 2,iOS,Control,2026-06-12
5712,Paid Social,Tier 3,iOS,Control,2026-07-05
5713,Paid Social,Tier 3,Android,Control,2026-04-18
5714,Paid Social,Tier 1,Android,Control,2026-05-08
5715,Paid Social,Tier 1,Android,Control,2026-03-20
5716,Paid Social,Tier 3,Android,Control,2026-07-15
5717,Google Ads,Tier 2,iOS,Variant_B,2026-03-23
5718,Organic,Tier 3,Android,Variant_B,2026-03-21
5719,Paid Social,Tier 3,Android,Control,2026-07-08
5720,Google Ads,Tier 1,Android,Variant_B,2026-03-20
5721,Affiliate,Tier 3,Android,Variant_B,2026-06-18
5722,Organic,Tier 1,Android,Control,2026-06-16
5723,Organic,Tier 2,iOS,Variant_B,2026-05-19
5724,Organic,Tier 2,iOS,Variant_B,2026-04-06
5725,Paid Social,Tier 2,Android,Variant_B,2026-07-30
5726,Paid Social,Tier 2,Android,Variant_B,2026-07-29
5727,Google Ads,Tier 1,iOS,Variant_B,2026-03-06
5728,Paid Social,Tier 3,Android,Control,2026-03-30
5729,Organic,Tier 3,Android,Control,2026-04-02
5730,Organic,Tier 1,iOS,Control,2026-03-22
5731,Google Ads,Tier 1,Android,Variant_B,2026-03-20
5732,Organic,Tier 3,Android,Control,2026-06-07
5733,Referral,Tier 2,Android,Control,2026-05-22
5734,Organic,Tier 2,iOS,Variant_B,2026-05-16
5735,Affiliate,Tier 3,Android,Variant_B,2026-05-25
5736,Paid Social,Tier 2,Android,Control,2026-07-06
5737,Google Ads,Tier 2,Android,Variant_B,2026-07-22
5738,Affiliate,Tier 2,iOS,Variant_B,2026-06-08
5739,Google Ads,Tier 1,Android,Control,2026-06-06
5740,Referral,Tier 1,Android,Variant_B,2026-04-23
5741,Paid Social,Tier 2,Android,Control,2026-04-01
5742,Paid Social,Tier 1,Android,Control,2026-04-15
5743,Referral,Tier 1,iOS,Variant_B,2026-07-16
5744,Organic,Tier 2,Android,Variant_B,2026-03-12
5745,Organic,Tier 2,iOS,Variant_B,2026-06-08
5746,Paid Social,Tier 2,Android,Variant_B,2026-07-16
5747,Google Ads,Tier 2,Android,Variant_B,2026-05-14
5748,Google Ads,Tier 1,Android,Variant_B,2026-03-07
5749,Affiliate,Tier 3,iOS,Control,2026-05-29
5750,Organic,Tier 1,Android,Control,2026-04-17
5751,Referral,Tier 1,iOS,Variant_B,2026-06-20
5752,Paid Social,Tier 2,Android,Control,2026-04-23
5753,Organic,Tier 1,Android,Control,2026-03-03
5754,Google Ads,Tier 1,Android,Control,2026-05-30
5755,Organic,Tier 3,iOS,Control,2026-03-09
5756,Organic,Tier 2,Android,Control,2026-03-18
5757,Organic,Tier 2,Android,Variant_B,2026-05-16
5758,Paid Social,Tier 1,Android,Control,2026-06-06
5759,Organic,Tier 1,Android,Variant_B,2026-06-30
5760,Referral,Tier 1,Android,Control,2026-05-21
5761,Affiliate,Tier 1,Android,Control,2026-07-02
5762,Paid Social,Tier 1,Android,Control,2026-03-08
5763,Referral,Tier 1,Android,Control,2026-03-19
5764,Google Ads,Tier 3,Android,Variant_B,2026-04-20
5765,Google Ads,Tier 2,Android,Control,2026-06-14
5766,Google Ads,Tier 2,Android,Control,2026-03-27
5767,Paid Social,Tier 3,iOS,Variant_B,2026-03-07
5768,Google Ads,Tier 2,Android,Control,2026-06-27
5769,Referral,Tier 1,Android,Variant_B,2026-06-25
5770,Paid Social,Tier 1,Android,Variant_B,2026-03-31
5771,Organic,Tier 1,Android,Variant_B,2026-07-05
5772,Paid Social,Tier 2,Android,Variant_B,2026-03-22
5773,Referral,Tier 3,iOS,Control,2026-06-14
5774,Google Ads,Tier 1,iOS,Control,2026-04-18
5775,Paid Social,Tier 1,Android,Control,2026-05-04
5776,Organic,Tier 1,Android,Control,2026-03-15
5777,Paid Social,Tier 2,Android,Control,2026-05-21
5778,Referral,Tier 2,Android,Variant_B,2026-06-20
5779,Organic,Tier 3,iOS,Control,2026-04-03
5780,Organic,Tier 1,Android,Control,2026-08-01
5781,Organic,Tier 3,Android,Control,2026-04-02
5782,Organic,Tier 1,Android,Variant_B,2026-05-16
5783,Affiliate,Tier 2,Android,Control,2026-06-26
5784,Organic,Tier 2,Android,Variant_B,2026-07-05
5785,Organic,Tier 1,Android,Variant_B,2026-06-27
5786,Paid Social,Tier 3,Android,Variant_B,2026-03-01
5787,Organic,Tier 1,Android,Variant_B,2026-05-30
5788,Google Ads,Tier 2,Android,Control,2026-07-08
5789,Organic,Tier 1,Android,Control,2026-05-09
5790,Google Ads,Tier 1,Android,Variant_B,2026-03-30
5791,Referral,Tier 1,Android,Variant_B,2026-05-26
5792,Referral,Tier 1,Android,Variant_B,2026-04-21
5793,Google Ads,Tier 1,Android,Variant_B,2026-05-15
5794,Organic,Tier 3,Android,Control,2026-03-19
5795,Paid Social,Tier 2,Android,Variant_B,2026-06-13
5796,Referral,Tier 1,Android,Variant_B,2026-04-22
5797,Organic,Tier 3,iOS,Control,2026-04-15
5798,Organic,Tier 1,Android,Control,2026-07-31
5799,Google Ads,Tier 2,Android,Control,2026-07-24
5800,Referral,Tier 3,Android,Variant_B,2026-04-01
5801,Referral,Tier 2,iOS,Variant_B,2026-07-17
5802,Paid Social,Tier 2,Android,Control,2026-05-12
5803,Google Ads,Tier 1,iOS,Variant_B,2026-06-29
5804,Organic,Tier 3,Android,Control,2026-07-17
5805,Affiliate,Tier 2,Android,Variant_B,2026-07-01
5806,Google Ads,Tier 1,iOS,Control,2026-07-09
5807,Paid Social,Tier 2,Android,Variant_B,2026-06-29
5808,Affiliate,Tier 3,Android,Variant_B,2026-04-01
5809,Paid Social,Tier 2,iOS,Control,2026-07-02
5810,Google Ads,Tier 1,Android,Control,2026-05-22
5811,Organic,Tier 1,iOS,Variant_B,2026-04-12
5812,Affiliate,Tier 2,Android,Control,2026-03-01
5813,Google Ads,Tier 3,Android,Variant_B,2026-03-29
5814,Organic,Tier 3,iOS,Control,2026-03-01
5815,Referral,Tier 1,Android,Control,2026-06-16
5816,Affiliate,Tier 2,Android,Variant_B,2026-05-12
5817,Organic,Tier 2,iOS,Variant_B,2026-05-17
5818,Organic,Tier 1,Android,Control,2026-03-18
5819,Affiliate,Tier 1,Android,Variant_B,2026-07-02
5820,Organic,Tier 1,Android,Variant_B,2026-05-22
5821,Referral,Tier 3,iOS,Variant_B,2026-07-26
5822,Organic,Tier 1,Android,Variant_B,2026-03-02
5823,Paid Social,Tier 2,Android,Variant_B,2026-07-12
5824,Paid Social,Tier 1,Android,Control,2026-06-21
5825,Referral,Tier 2,Android,Variant_B,2026-06-21
5826,Organic,Tier 2,Android,Variant_B,2026-05-26
5827,Paid Social,Tier 3,iOS,Control,2026-04-16
5828,Referral,Tier 2,Android,Control,2026-06-17
5829,Organic,Tier 1,Android,Control,2026-05-09
5830,Referral,Tier 3,Android,Control,2026-07-05
5831,Organic,Tier 2,Android,Variant_B,2026-06-14
5832,Google Ads,Tier 2,Android,Variant_B,2026-05-03
5833,Paid Social,Tier 2,Android,Variant_B,2026-06-19
5834,Referral,Tier 1,Android,Variant_B,2026-04-18
5835,Organic,Tier 1,Android,Control,2026-07-27
5836,Paid Social,Tier 3,iOS,Control,2026-05-22
5837,Paid Social,Tier 3,Android,Control,2026-06-06
5838,Referral,Tier 1,iOS,Control,2026-05-15
5839,Google Ads,Tier 2,Android,Control,2026-06-22
5840,Paid Social,Tier 3,Android,Variant_B,2026-05-13
5841,Paid Social,Tier 2,Android,Variant_B,2026-03-21
5842,Affiliate,Tier 1,Android,Control,2026-07-26
5843,Paid Social,Tier 2,Android,Control,2026-04-03
5844,Referral,Tier 2,Android,Variant_B,2026-05-10
5845,Organic,Tier 1,Android,Control,2026-03-17
5846,Organic,Tier 2,Android,Control,2026-03-24
5847,Paid Social,Tier 1,iOS,Control,2026-03-12
5848,Organic,Tier 2,Android,Control,2026-06-16
5849,Google Ads,Tier 2,Android,Variant_B,2026-04-12
5850,Affiliate,Tier 2,Android,Variant_B,2026-04-25
5851,Paid Social,Tier 1,iOS,Variant_B,2026-03-22
5852,Organic,Tier 1,Android,Variant_B,2026-05-31
5853,Organic,Tier 1,Android,Variant_B,2026-04-07
5854,Google Ads,Tier 3,Android,Control,2026-05-22
5855,Paid Social,Tier 1,Android,Variant_B,2026-04-11
5856,Organic,Tier 2,Android,Variant_B,2026-05-01
5857,Google Ads,Tier 1,Android,Control,2026-03-12
5858,Paid Social,Tier 3,Android,Control,2026-05-07
5859,Organic,Tier 1,Android,Variant_B,2026-05-16
5860,Google Ads,Tier 2,Android,Control,2026-05-25
5861,Affiliate,Tier 2,Android,Control,2026-04-24
5862,Organic,Tier 2,Android,Variant_B,2026-06-23
5863,Affiliate,Tier 1,Android,Control,2026-05-29
5864,Google Ads,Tier 3,Android,Control,2026-04-24
5865,Paid Social,Tier 1,Android,Variant_B,2026-06-15
5866,Organic,Tier 2,iOS,Variant_B,2026-05-23
5867,Referral,Tier 1,Android,Variant_B,2026-03-25
5868,Google Ads,Tier 1,iOS,Control,2026-06-27
5869,Organic,Tier 1,iOS,Control,2026-07-09
5870,Paid Social,Tier 3,Android,Control,2026-04-24
5871,Referral,Tier 2,Android,Control,2026-07-23
5872,Google Ads,Tier 2,Android,Variant_B,2026-05-02
5873,Paid Social,Tier 2,Android,Variant_B,2026-07-17
5874,Referral,Tier 3,iOS,Control,2026-06-04
5875,Organic,Tier 3,Android,Variant_B,2026-03-11
5876,Organic,Tier 3,Android,Control,2026-06-09
5877,Referral,Tier 1,Android,Control,2026-06-19
5878,Organic,Tier 2,Android,Variant_B,2026-04-03
5879,Organic,Tier 3,Android,Control,2026-04-21
5880,Google Ads,Tier 2,iOS,Control,2026-04-24
5881,Affiliate,Tier 1,Android,Control,2026-06-04
5882,Paid Social,Tier 3,Android,Control,2026-05-24
5883,Google Ads,Tier 1,Android,Control,2026-07-10
5884,Google Ads,Tier 1,Android,Variant_B,2026-05-09
5885,Paid Social,Tier 2,Android,Control,2026-03-01
5886,Referral,Tier 1,Android,Control,2026-05-11
5887,Organic,Tier 2,Android,Control,2026-07-18
5888,Organic,Tier 2,Android,Control,2026-06-09
5889,Referral,Tier 2,Android,Variant_B,2026-03-31
5890,Google Ads,Tier 3,Android,Control,2026-04-06
5891,Referral,Tier 3,Android,Control,2026-05-24
5892,Google Ads,Tier 2,iOS,Control,2026-07-07
5893,Referral,Tier 2,Android,Control,2026-05-25
5894,Paid Social,Tier 1,iOS,Control,2026-03-19
5895,Paid Social,Tier 2,Android,Control,2026-03-07
5896,Organic,Tier 1,Android,Variant_B,2026-03-10
5897,Paid Social,Tier 3,Android,Control,2026-05-21
5898,Organic,Tier 1,Android,Variant_B,2026-05-21
5899,Organic,Tier 1,Android,Control,2026-06-06
5900,Organic,Tier 1,iOS,Variant_B,2026-07-01
5901,Paid Social,Tier 1,iOS,Variant_B,2026-04-22
5902,Organic,Tier 1,iOS,Variant_B,2026-07-17
5903,Paid Social,Tier 1,Android,Variant_B,2026-04-01
5904,Paid Social,Tier 3,Android,Control,2026-06-09
5905,Organic,Tier 1,Android,Variant_B,2026-06-03
5906,Google Ads,Tier 2,Android,Control,2026-03-15
5907,Organic,Tier 1,Android,Control,2026-03-31
5908,Google Ads,Tier 2,Android,Control,2026-04-16
5909,Google Ads,Tier 2,Android,Control,2026-03-13
5910,Google Ads,Tier 2,Android,Control,2026-04-19
5911,Referral,Tier 3,Android,Variant_B,2026-07-05
5912,Referral,Tier 1,Android,Variant_B,2026-06-17
5913,Google Ads,Tier 1,Android,Variant_B,2026-07-16
5914,Organic,Tier 2,Android,Variant_B,2026-06-29
5915,Organic,Tier 3,Android,Variant_B,2026-03-17
5916,Organic,Tier 1,Android,Control,2026-05-20
5917,Paid Social,Tier 3,Android,Variant_B,2026-06-07
5918,Google Ads,Tier 1,Android,Variant_B,2026-06-13
5919,Organic,Tier 1,Android,Variant_B,2026-04-01
5920,Google Ads,Tier 3,Android,Variant_B,2026-03-19
5921,Referral,Tier 2,Android,Variant_B,2026-03-04
5922,Referral,Tier 3,Android,Control,2026-07-18
5923,Organic,Tier 3,Android,Variant_B,2026-04-27
5924,Affiliate,Tier 1,Android,Variant_B,2026-03-25
5925,Organic,Tier 2,Android,Control,2026-03-12
5926,Google Ads,Tier 1,Android,Control,2026-05-22
5927,Referral,Tier 3,Android,Variant_B,2026-04-13
5928,Referral,Tier 2,iOS,Control,2026-03-01
5929,Referral,Tier 3,iOS,Variant_B,2026-03-25
5930,Paid Social,Tier 1,Android,Control,2026-06-08
5931,Paid Social,Tier 1,Android,Variant_B,2026-06-04
5932,Organic,Tier 2,iOS,Variant_B,2026-07-16
5933,Referral,Tier 2,Android,Variant_B,2026-05-18
5934,Organic,Tier 3,Android,Control,2026-05-21
5935,Referral,Tier 2,iOS,Variant_B,2026-03-31
5936,Organic,Tier 3,Android,Variant_B,2026-05-31
5937,Organic,Tier 2,Android,Control,2026-03-03
5938,Organic,Tier 2,iOS,Control,2026-06-24
5939,Paid Social,Tier 1,iOS,Variant_B,2026-07-19
5940,Organic,Tier 3,Android,Variant_B,2026-07-21
5941,Referral,Tier 2,iOS,Control,2026-05-10
5942,Paid Social,Tier 2,Android,Control,2026-07-24
5943,Google Ads,Tier 3,Android,Control,2026-06-19
5944,Referral,Tier 1,Android,Variant_B,2026-07-23
5945,Paid Social,Tier 1,Android,Variant_B,2026-04-06
5946,Affiliate,Tier 2,Android,Control,2026-07-30
5947,Google Ads,Tier 1,Android,Variant_B,2026-03-28
5948,Organic,Tier 1,Android,Control,2026-07-11
5949,Google Ads,Tier 1,Android,Variant_B,2026-05-24
5950,Referral,Tier 1,Android,Variant_B,2026-05-22
5951,Organic,Tier 2,Android,Variant_B,2026-04-10
5952,Paid Social,Tier 2,Android,Control,2026-06-06
5953,Paid Social,Tier 2,Android,Variant_B,2026-07-11
5954,Paid Social,Tier 3,iOS,Control,2026-03-29
5955,Organic,Tier 1,Android,Control,2026-07-06
5956,Referral,Tier 2,Android,Variant_B,2026-08-01
5957,Paid Social,Tier 1,iOS,Variant_B,2026-04-28
5958,Google Ads,Tier 2,Android,Control,2026-03-11
5959,Google Ads,Tier 1,Android,Variant_B,2026-06-13
5960,Google Ads,Tier 1,Android,Variant_B,2026-06-19
5961,Organic,Tier 1,iOS,Variant_B,2026-08-01
5962,Google Ads,Tier 1,Android,Control,2026-05-22
5963,Organic,Tier 1,Android,Control,2026-05-31
5964,Paid Social,Tier 2,Android,Control,2026-07-18
5965,Google Ads,Tier 2,Android,Control,2026-05-01
5966,Paid Social,Tier 3,iOS,Variant_B,2026-06-05
5967,Google Ads,Tier 3,Android,Control,2026-07-09
5968,Google Ads,Tier 1,Android,Control,2026-04-26
5969,Paid Social,Tier 1,iOS,Variant_B,2026-03-26
5970,Organic,Tier 1,Android,Control,2026-03-29
5971,Paid Social,Tier 1,Android,Variant_B,2026-07-31
5972,Google Ads,Tier 3,Android,Variant_B,2026-06-12
5973,Paid Social,Tier 1,Android,Variant_B,2026-05-14
5974,Google Ads,Tier 3,Android,Variant_B,2026-05-03
5975,Paid Social,Tier 2,Android,Control,2026-07-13
5976,Paid Social,Tier 2,iOS,Variant_B,2026-06-03
5977,Google Ads,Tier 2,iOS,Variant_B,2026-06-09
5978,Affiliate,Tier 2,iOS,Variant_B,2026-07-04
5979,Organic,Tier 2,iOS,Control,2026-07-08
5980,Organic,Tier 3,Android,Control,2026-03-14
5981,Affiliate,Tier 2,iOS,Control,2026-06-24
5982,Google Ads,Tier 1,Android,Control,2026-03-26
5983,Google Ads,Tier 3,Android,Variant_B,2026-03-03
5984,Referral,Tier 3,Android,Control,2026-04-05
5985,Organic,Tier 1,iOS,Control,2026-06-03
5986,Referral,Tier 1,Android,Control,2026-06-27
5987,Affiliate,Tier 3,Android,Variant_B,2026-06-22
5988,Affiliate,Tier 2,iOS,Variant_B,2026-03-19
5989,Google Ads,Tier 1,Android,Variant_B,2026-03-31
5990,Google Ads,Tier 3,Android,Control,2026-04-22
5991,Affiliate,Tier 3,Android,Variant_B,2026-05-15
5992,Google Ads,Tier 1,Android,Variant_B,2026-07-16
5993,Paid Social,Tier 2,Android,Variant_B,2026-03-27
5994,Organic,Tier 1,Android,Variant_B,2026-06-22
5995,Organic,Tier 3,iOS,Control,2026-05-03
5996,Paid Social,Tier 2,Android,Control,2026-05-05
5997,Affiliate,Tier 1,Android,Variant_B,2026-04-02
5998,Referral,Tier 2,Android,Control,2026-07-05
5999,Affiliate,Tier 2,Android,Control,2026-07-24
6000,Organic,Tier 1,iOS,Control,2026-07-31
